pedido,fecha,mes,cliente_id,cliente,tipo_cliente,ciudad,region,canal,vendedor,sku,producto,categoria,proveedor,cantidad,precio_unitario,descuento,venta,costo,margen,estado_pago,medio_pago
P10019,2025-01-01,1,C075,Mayorista Santa Rosa 075,Mayorista,Trujillo,Norte,Mayorista,María Torres,SNA-05,Camote frito 120 g x 10,Snacks,Snacks Costa Azul EIRL,20,31.0,0.08,570.4,365.8,204.6,Pagado,Transferencia
P10051,2025-01-01,1,C105,Restaurante El Ahorro 105,Restaurante,Arequipa,Sur,Tienda,Jorge Huamán,BEB-03,Néctar de durazno 1 L x 6,Bebidas,Bebidas Norte Pacífico SAC,4,27.0,0.02,105.84,69.12,36.72,Pagado,Transferencia
P10075,2025-01-01,1,C127,Minimarket El Progreso 127,Minimarket,Huánuco,Centro,Tienda,Rosa Ccori,BEB-01,Agua mineral 625 ml x 15,Bebidas,Bebidas Norte Pacífico SAC,3,18.0,0,54.0,33.48,20.52,Pagado,Transferencia
P10078,2025-01-01,1,C093,Empresa Pachamama 093,Empresa,Piura,Norte,Tienda,María Torres,SNA-01,Papas nativas 120 g x 10,Snacks,Snacks Costa Azul EIRL,9,35.0,0.02,308.7,189.0,119.7,Pagado,Transferencia
P10078,2025-01-01,1,C093,Empresa Pachamama 093,Empresa,Piura,Norte,Tienda,María Torres,LIM-02,Lejía 4 L,Limpieza,Limpieza Total Perú SAC,11,9.8,0,107.8,71.17,36.63,Pagado,Yape
P10078,2025-01-01,1,C093,Empresa Pachamama 093,Empresa,Piura,Norte,Tienda,María Torres,BEB-03,Néctar de durazno 1 L x 6,Bebidas,Bebidas Norte Pacífico SAC,5,27.0,0.02,132.3,86.4,45.9,Vencido,Plin
P10118,2025-01-01,1,C083,Bodega Mi Perú 083,Bodega,Piura,Norte,Tienda,María Torres,HAR-02,Fideo spaghetti 500 g,Harinas y pastas,Molinos Valle Verde SA,5,3.9,0,19.5,13.85,5.65,Pagado,Transferencia
P10140,2025-01-01,1,C009,Minimarket La Esperanza 009,Minimarket,Lima,Lima,Tienda,Rodrigo Salas,BEB-04,Bebida rehidratante 500 ml x 12,Bebidas,Bebidas Norte Pacífico SAC,9,33.0,0.163,248.59,187.11,61.48,Pagado,Efectivo
P10140,2025-01-01,1,C009,Minimarket La Esperanza 009,Minimarket,Lima,Lima,Tienda,Rodrigo Salas,GRA-01,Quinua blanca 1 kg,Granos andinos,Agroandina del Sur SAC,6,14.5,0.139,74.91,57.42,17.49,Pagado,Yape
P10152,2025-01-01,1,C017,Minimarket El Progreso 017,Minimarket,Lima,Lima,Tienda,Rodrigo Salas,GRA-05,Avena con quinua 900 g,Granos andinos,Agroandina del Sur SAC,6,11.5,0.161,57.89,46.26,11.63,Pagado,Plin
P10152,2025-01-01,1,C017,Minimarket El Progreso 017,Minimarket,Lima,Lima,Tienda,Rodrigo Salas,HAR-01,Harina sin preparar 1 kg,Harinas y pastas,Molinos Valle Verde SA,10,5.4,0.158,45.47,40.0,5.47,Pagado,Yape
P10153,2025-01-01,1,C019,Bodega Don Lucho 019,Bodega,Lima,Lima,Tienda,Luis Paredes,CAF-04,Chocolate para taza 180 g,Café y cacao,Café Selva Central SAC,11,9.9,0,108.9,67.54,41.36,Pagado,Yape
P10085,2025-01-02,1,C035,Bodega El Trébol 035,Bodega,Lima,Lima,Tienda,Rodrigo Salas,BEB-01,Agua mineral 625 ml x 15,Bebidas,Bebidas Norte Pacífico SAC,12,18.0,0.133,187.27,133.92,53.35,Pagado,Tarjeta
P10091,2025-01-02,1,C096,Cafetería La Familia 096,Cafetería,Piura,Norte,WhatsApp,María Torres,HAR-01,Harina sin preparar 1 kg,Harinas y pastas,Molinos Valle Verde SA,6,5.4,0,32.4,24.0,8.4,Pagado,Yape
P10093,2025-01-02,1,C071,Minimarket Santa Rosa 071,Minimarket,Chiclayo,Norte,Tienda,María Torres,CAF-04,Chocolate para taza 180 g,Café y cacao,Café Selva Central SAC,4,9.9,0,39.6,24.56,15.04,Pagado,Transferencia
P10093,2025-01-02,1,C071,Minimarket Santa Rosa 071,Minimarket,Chiclayo,Norte,Tienda,María Torres,CAF-01,Café tostado molido 500 g,Café y cacao,Café Selva Central SAC,2,24.0,0.03,46.56,27.84,18.72,Pagado,Tarjeta
P10115,2025-01-02,1,C120,Restaurante Virgen de Fátima 120,Restaurante,Cusco,Sur,Tienda,Jorge Huamán,LIM-03,Lavavajilla 900 g,Limpieza,Limpieza Total Perú SAC,3,8.2,0.05,23.37,15.75,7.62,Pagado,Yape
P10115,2025-01-02,1,C120,Restaurante Virgen de Fátima 120,Restaurante,Cusco,Sur,Tienda,Jorge Huamán,HAR-04,Harina preparada 1 kg,Harinas y pastas,Molinos Valle Verde SA,11,6.3,0.05,65.83,50.6,15.23,Pagado,Efectivo
P10016,2025-01-03,1,C123,Minimarket La Victoria 123,Minimarket,Tacna,Sur,Tienda,Jorge Huamán,GRA-04,Chía 500 g,Granos andinos,Agroandina del Sur SAC,5,13.0,0.03,63.05,41.6,21.45,Pagado,Transferencia
P10017,2025-01-03,1,C001,Minimarket El Progreso 001,Minimarket,Lima,Lima,Tienda,Luis Paredes,BEB-05,Té helado 500 ml x 12,Bebidas,Bebidas Norte Pacífico SAC,10,29.0,0.05,275.5,176.9,98.6,Pagado,Yape
P10017,2025-01-03,1,C001,Minimarket El Progreso 001,Minimarket,Lima,Lima,Tienda,Luis Paredes,CAF-03,Cacao en polvo 250 g,Café y cacao,Café Selva Central SAC,8,12.5,0,100.0,60.0,40.0,Pagado,Transferencia
P10055,2025-01-03,1,C106,Cafetería El Progreso 106,Cafetería,Cusco,Sur,Tienda,Jorge Huamán,CAF-04,Chocolate para taza 180 g,Café y cacao,Café Selva Central SAC,3,9.9,0.03,28.81,18.42,10.39,Pagado,Transferencia
P10102,2025-01-03,1,C057,Bodega La Victoria 057,Bodega,Lima,Lima,Tienda,Rodrigo Salas,GRA-01,Quinua blanca 1 kg,Granos andinos,Agroandina del Sur SAC,2,14.5,0.155,24.5,19.14,5.36,Pagado,Transferencia
P10108,2025-01-03,1,C110,Bodega La Esperanza 110,Bodega,Arequipa,Sur,Tienda,Jorge Huamán,BEB-05,Té helado 500 ml x 12,Bebidas,Bebidas Norte Pacífico SAC,10,29.0,0.03,281.3,176.9,104.4,Pagado,Yape
P10108,2025-01-03,1,C110,Bodega La Esperanza 110,Bodega,Arequipa,Sur,Tienda,Jorge Huamán,HAR-04,Harina preparada 1 kg,Harinas y pastas,Molinos Valle Verde SA,10,6.3,0.03,61.11,46.0,15.11,Pagado,Plin
P10124,2025-01-03,1,C129,Mayorista La Esperanza 129,Mayorista,Huánuco,Centro,Mayorista,Rosa Ccori,CAF-01,Café tostado molido 500 g,Café y cacao,Café Selva Central SAC,8,24.0,0.08,176.64,111.36,65.28,Pagado,Transferencia
P10124,2025-01-03,1,C129,Mayorista La Esperanza 129,Mayorista,Huánuco,Centro,Mayorista,Rosa Ccori,LIM-01,Detergente 2 kg,Limpieza,Limpieza Total Perú SAC,8,19.5,0.08,143.52,107.6,35.92,Pagado,Transferencia
P10127,2025-01-03,1,C028,Restaurante El Ahorro 028,Restaurante,Lima,Lima,Tienda,Rodrigo Salas,HAR-05,Sémola 500 g,Harinas y pastas,Molinos Valle Verde SA,11,4.1,0.126,39.42,31.57,7.85,Pagado,Tarjeta
P10127,2025-01-03,1,C028,Restaurante El Ahorro 028,Restaurante,Lima,Lima,Tienda,Rodrigo Salas,BEB-05,Té helado 500 ml x 12,Bebidas,Bebidas Norte Pacífico SAC,4,29.0,0.142,99.53,70.76,28.77,Pagado,Transferencia
P10181,2025-01-03,1,C031,Bodega El Ahorro 031,Bodega,Lima,Lima,Tienda,Rodrigo Salas,GRA-02,Kiwicha pop 300 g,Granos andinos,Agroandina del Sur SAC,8,8.9,0.169,59.17,43.44,15.73,Pagado,Yape
P10029,2025-01-04,1,C004,Bodega San Pedro 004,Bodega,Lima,Lima,Tienda,Luis Paredes,SNA-04,Maní salado 200 g x 12,Snacks,Snacks Costa Azul EIRL,12,30.0,0,360.0,223.2,136.8,Pagado,Yape
P10046,2025-01-04,1,C016,Cafetería Primavera 016,Cafetería,Lima,Lima,Tienda,Ana Quispe,GRA-01,Quinua blanca 1 kg,Granos andinos,Agroandina del Sur SAC,5,14.5,0.02,71.05,47.85,23.2,Pagado,Efectivo
P10046,2025-01-04,1,C016,Cafetería Primavera 016,Cafetería,Lima,Lima,Tienda,Ana Quispe,HAR-01,Harina sin preparar 1 kg,Harinas y pastas,Molinos Valle Verde SA,9,5.4,0,48.6,36.0,12.6,Pagado,Tarjeta
P10046,2025-01-04,1,C016,Cafetería Primavera 016,Cafetería,Lima,Lima,Tienda,Ana Quispe,HAR-03,Fideo tallarín 1 kg,Harinas y pastas,Molinos Valle Verde SA,3,7.2,0.05,20.52,15.54,4.98,Vencido,Transferencia
P10074,2025-01-04,1,C074,Empresa Santa Rosa 074,Empresa,Piura,Norte,Tienda,María Torres,SNA-02,Chifles 150 g x 10,Snacks,Snacks Costa Azul EIRL,3,28.0,0.02,82.32,48.72,33.6,Pagado,Transferencia
P10131,2025-01-04,1,C033,Minimarket Primavera 033,Minimarket,Lima,Lima,Online,Ana Quispe,CAF-04,Chocolate para taza 180 g,Café y cacao,Café Selva Central SAC,4,9.9,0.02,38.81,24.56,14.25,Pagado,Yape
P10142,2025-01-04,1,C035,Bodega El Trébol 035,Bodega,Lima,Lima,Tienda,Ana Quispe,HAR-04,Harina preparada 1 kg,Harinas y pastas,Molinos Valle Verde SA,5,6.3,0.05,29.92,23.0,6.92,Pagado,Efectivo
P10142,2025-01-04,1,C035,Bodega El Trébol 035,Bodega,Lima,Lima,Tienda,Ana Quispe,GRA-05,Avena con quinua 900 g,Granos andinos,Agroandina del Sur SAC,9,11.5,0.03,100.39,69.39,31.0,Pagado,Transferencia
P10164,2025-01-04,1,C047,Restaurante Primavera 047,Restaurante,Lima,Lima,Tienda,Ana Quispe,GRA-04,Chía 500 g,Granos andinos,Agroandina del Sur SAC,11,13.0,0.05,135.85,91.52,44.33,Pagado,Transferencia
P10005,2025-01-05,1,C088,Empresa Pachamama 088,Empresa,Trujillo,Norte,Online,María Torres,HAR-04,Harina preparada 1 kg,Harinas y pastas,Molinos Valle Verde SA,6,6.3,0,37.8,27.6,10.2,Pagado,Transferencia
P10011,2025-01-05,1,C103,Mayorista Nueva Era 103,Mayorista,Tacna,Sur,Mayorista,Jorge Huamán,BEB-04,Bebida rehidratante 500 ml x 12,Bebidas,Bebidas Norte Pacífico SAC,32,33.0,0.08,971.52,665.28,306.24,Pagado,Transferencia
P10011,2025-01-05,1,C103,Mayorista Nueva Era 103,Mayorista,Tacna,Sur,Mayorista,Jorge Huamán,CAF-01,Café tostado molido 500 g,Café y cacao,Café Selva Central SAC,36,24.0,0.08,794.88,501.12,293.76,Pagado,Transferencia
P10011,2025-01-05,1,C103,Mayorista Nueva Era 103,Mayorista,Tacna,Sur,Mayorista,Jorge Huamán,BEB-05,Té helado 500 ml x 12,Bebidas,Bebidas Norte Pacífico SAC,12,29.0,0.08,320.16,212.28,107.88,Pagado,Transferencia
P10099,2025-01-05,1,C126,Restaurante La Familia 126,Restaurante,Arequipa,Sur,Tienda,Jorge Huamán,BEB-05,Té helado 500 ml x 12,Bebidas,Bebidas Norte Pacífico SAC,5,29.0,0.03,140.65,88.45,52.2,Pagado,Efectivo
P10099,2025-01-05,1,C126,Restaurante La Familia 126,Restaurante,Arequipa,Sur,Tienda,Jorge Huamán,GRA-01,Quinua blanca 1 kg,Granos andinos,Agroandina del Sur SAC,2,14.5,0.05,27.55,19.14,8.41,Pagado,Transferencia
P10101,2025-01-05,1,C131,Bodega Virgen de Fátima 131,Bodega,Huánuco,Centro,Tienda,Rosa Ccori,SNA-01,Papas nativas 120 g x 10,Snacks,Snacks Costa Azul EIRL,3,35.0,0.03,101.85,63.0,38.85,Pagado,Transferencia
P10101,2025-01-05,1,C131,Bodega Virgen de Fátima 131,Bodega,Huánuco,Centro,Tienda,Rosa Ccori,SNA-05,Camote frito 120 g x 10,Snacks,Snacks Costa Azul EIRL,8,31.0,0,248.0,146.32,101.68,Pagado,Yape
P10101,2025-01-05,1,C131,Bodega Virgen de Fátima 131,Bodega,Huánuco,Centro,Tienda,Rosa Ccori,GRA-05,Avena con quinua 900 g,Granos andinos,Agroandina del Sur SAC,3,11.5,0.03,33.46,23.13,10.33,Pagado,Efectivo
P10114,2025-01-05,1,C022,Empresa La Familia 022,Empresa,Lima,Lima,Tienda,Rodrigo Salas,GRA-03,Maca en polvo 250 g,Granos andinos,Agroandina del Sur SAC,5,17.0,0.167,70.8,46.75,24.05,Pagado,Transferencia
P10114,2025-01-05,1,C022,Empresa La Familia 022,Empresa,Lima,Lima,Tienda,Rodrigo Salas,CAF-01,Café tostado molido 500 g,Café y cacao,Café Selva Central SAC,3,24.0,0.141,61.85,41.76,20.09,Pagado,Tarjeta
P10133,2025-01-05,1,C009,Minimarket La Esperanza 009,Minimarket,Lima,Lima,Tienda,Rodrigo Salas,SNA-04,Maní salado 200 g x 12,Snacks,Snacks Costa Azul EIRL,10,30.0,0.148,255.6,186.0,69.6,Pagado,Yape
P10133,2025-01-05,1,C009,Minimarket La Esperanza 009,Minimarket,Lima,Lima,Tienda,Rodrigo Salas,LIM-05,Jabón de tocador x 3,Limpieza,Limpieza Total Perú SAC,6,6.5,0.111,34.67,26.16,8.51,Pagado,Efectivo
P10133,2025-01-05,1,C009,Minimarket La Esperanza 009,Minimarket,Lima,Lima,Tienda,Rodrigo Salas,LIM-05,Jabón de tocador x 3,Limpieza,Limpieza Total Perú SAC,3,6.5,0.152,16.54,13.08,3.46,Pagado,Yape
P10049,2025-01-06,1,C054,Bodega Nueva Era 054,Bodega,Lima,Lima,Tienda,Rodrigo Salas,BEB-03,Néctar de durazno 1 L x 6,Bebidas,Bebidas Norte Pacífico SAC,7,27.0,0.127,165.0,120.96,44.04,Pagado,Yape
P10076,2025-01-06,1,C064,Restaurante La Victoria 064,Restaurante,Lima,Lima,Tienda,Ana Quispe,HAR-02,Fideo spaghetti 500 g,Harinas y pastas,Molinos Valle Verde SA,4,3.9,0,15.6,11.08,4.52,Pagado,Transferencia
P10139,2025-01-06,1,C032,Restaurante Santa Rosa 032,Restaurante,Lima,Lima,Tienda,Ana Quispe,HAR-01,Harina sin preparar 1 kg,Harinas y pastas,Molinos Valle Verde SA,3,5.4,0,16.2,12.0,4.2,Pagado,Tarjeta
P10052,2025-01-07,1,C102,Mayorista El Progreso 102,Mayorista,Tacna,Sur,Mayorista,Jorge Huamán,BEB-05,Té helado 500 ml x 12,Bebidas,Bebidas Norte Pacífico SAC,28,29.0,0.08,747.04,495.32,251.72,Pagado,Transferencia
P10097,2025-01-07,1,C099,Restaurante Los Andes 099,Restaurante,Cusco,Sur,Tienda,Jorge Huamán,SNA-02,Chifles 150 g x 10,Snacks,Snacks Costa Azul EIRL,3,28.0,0.02,82.32,48.72,33.6,Pagado,Plin
P10135,2025-01-07,1,C104,Empresa La Esperanza 104,Empresa,Tacna,Sur,Tienda,Jorge Huamán,LIM-02,Lejía 4 L,Limpieza,Limpieza Total Perú SAC,4,9.8,0.03,38.02,25.88,12.14,Pagado,Tarjeta
P10138,2025-01-07,1,C062,Restaurante Los Andes 062,Restaurante,Lima,Lima,Tienda,Luis Paredes,LIM-05,Jabón de tocador x 3,Limpieza,Limpieza Total Perú SAC,10,6.5,0,65.0,43.6,21.4,Pagado,Tarjeta
P10147,2025-01-07,1,C117,Empresa Mi Perú 117,Empresa,Arequipa,Sur,Tienda,Jorge Huamán,HAR-05,Sémola 500 g,Harinas y pastas,Molinos Valle Verde SA,9,4.1,0,36.9,25.83,11.07,Pagado,Plin
P10147,2025-01-07,1,C117,Empresa Mi Perú 117,Empresa,Arequipa,Sur,Tienda,Jorge Huamán,HAR-01,Harina sin preparar 1 kg,Harinas y pastas,Molinos Valle Verde SA,10,5.4,0.02,52.92,40.0,12.92,Vencido,Yape
P10147,2025-01-07,1,C117,Empresa Mi Perú 117,Empresa,Arequipa,Sur,Tienda,Jorge Huamán,HAR-01,Harina sin preparar 1 kg,Harinas y pastas,Molinos Valle Verde SA,4,5.4,0,21.6,16.0,5.6,Pagado,Yape
P10179,2025-01-07,1,C012,Cafetería Pachamama 012,Cafetería,Lima,Lima,Tienda,Ana Quispe,SNA-03,Galletas de avena x 24,Snacks,Snacks Costa Azul EIRL,10,22.0,0.03,213.4,143.0,70.4,Pagado,Transferencia
P10179,2025-01-07,1,C012,Cafetería Pachamama 012,Cafetería,Lima,Lima,Tienda,Ana Quispe,LIM-04,Desinfectante 1.8 L,Limpieza,Limpieza Total Perú SAC,4,11.9,0.03,46.17,30.0,16.17,Pagado,Efectivo
P10018,2025-01-08,1,C028,Restaurante El Ahorro 028,Restaurante,Lima,Lima,Tienda,Ana Quispe,HAR-03,Fideo tallarín 1 kg,Harinas y pastas,Molinos Valle Verde SA,11,7.2,0.02,77.62,56.98,20.64,Pagado,Transferencia
P10021,2025-01-08,1,C043,Restaurante Mi Perú 043,Restaurante,Lima,Lima,Tienda,Rodrigo Salas,SNA-05,Camote frito 120 g x 10,Snacks,Snacks Costa Azul EIRL,10,31.0,0.157,261.33,182.9,78.43,Pagado,Transferencia
P10024,2025-01-08,1,C119,Bodega El Sol 119,Bodega,Cusco,Sur,Tienda,Jorge Huamán,LIM-02,Lejía 4 L,Limpieza,Limpieza Total Perú SAC,3,9.8,0,29.4,19.41,9.99,Pagado,Efectivo
P10024,2025-01-08,1,C119,Bodega El Sol 119,Bodega,Cusco,Sur,Tienda,Jorge Huamán,GRA-01,Quinua blanca 1 kg,Granos andinos,Agroandina del Sur SAC,9,14.5,0.03,126.58,86.13,40.45,Pagado,Transferencia
P10024,2025-01-08,1,C119,Bodega El Sol 119,Bodega,Cusco,Sur,Tienda,Jorge Huamán,HAR-04,Harina preparada 1 kg,Harinas y pastas,Molinos Valle Verde SA,4,6.3,0,25.2,18.4,6.8,Pagado,Yape
P10041,2025-01-08,1,C028,Restaurante El Ahorro 028,Restaurante,Lima,Lima,Tienda,Ana Quispe,HAR-03,Fideo tallarín 1 kg,Harinas y pastas,Molinos Valle Verde SA,11,7.2,0.02,77.62,56.98,20.64,Pagado,Efectivo
P10063,2025-01-08,1,C066,Empresa La Esperanza 066,Empresa,Lima,Lima,Tienda,Ana Quispe,BEB-03,Néctar de durazno 1 L x 6,Bebidas,Bebidas Norte Pacífico SAC,8,27.0,0.02,211.68,138.24,73.44,Pagado,Plin
P10090,2025-01-08,1,C134,Bodega El Puerto 134,Bodega,Huancayo,Centro,Tienda,Rosa Ccori,HAR-02,Fideo spaghetti 500 g,Harinas y pastas,Molinos Valle Verde SA,7,3.9,0.03,26.48,19.39,7.09,Pagado,Transferencia
P10090,2025-01-08,1,C134,Bodega El Puerto 134,Bodega,Huancayo,Centro,Tienda,Rosa Ccori,GRA-01,Quinua blanca 1 kg,Granos andinos,Agroandina del Sur SAC,5,14.5,0.03,70.33,47.85,22.48,Pagado,Transferencia
P10090,2025-01-08,1,C134,Bodega El Puerto 134,Bodega,Huancayo,Centro,Tienda,Rosa Ccori,GRA-02,Kiwicha pop 300 g,Granos andinos,Agroandina del Sur SAC,12,8.9,0.05,101.46,65.16,36.3,Pagado,Transferencia
P10159,2025-01-08,1,C108,Bodega El Sol 108,Bodega,Tacna,Sur,Tienda,Jorge Huamán,GRA-03,Maca en polvo 250 g,Granos andinos,Agroandina del Sur SAC,2,17.0,0.05,32.3,18.7,13.6,Pagado,Transferencia
P10159,2025-01-08,1,C108,Bodega El Sol 108,Bodega,Tacna,Sur,Tienda,Jorge Huamán,BEB-05,Té helado 500 ml x 12,Bebidas,Bebidas Norte Pacífico SAC,4,29.0,0.03,112.52,70.76,41.76,Pagado,Yape
P10159,2025-01-08,1,C108,Bodega El Sol 108,Bodega,Tacna,Sur,Tienda,Jorge Huamán,GRA-02,Kiwicha pop 300 g,Granos andinos,Agroandina del Sur SAC,8,8.9,0,71.2,43.44,27.76,Pagado,Efectivo
P10034,2025-01-09,1,C133,Empresa Las Flores 133,Empresa,Huánuco,Centro,Tienda,Rosa Ccori,LIM-04,Desinfectante 1.8 L,Limpieza,Limpieza Total Perú SAC,3,11.9,0,35.7,22.5,13.2,Pagado,Transferencia
P10034,2025-01-09,1,C133,Empresa Las Flores 133,Empresa,Huánuco,Centro,Tienda,Rosa Ccori,CAF-03,Cacao en polvo 250 g,Café y cacao,Café Selva Central SAC,6,12.5,0,75.0,45.0,30.0,Pagado,Tarjeta
P10062,2025-01-09,1,C012,Cafetería Pachamama 012,Cafetería,Lima,Lima,Tienda,Luis Paredes,LIM-04,Desinfectante 1.8 L,Limpieza,Limpieza Total Perú SAC,3,11.9,0.05,33.91,22.5,11.41,Pagado,Transferencia
P10062,2025-01-09,1,C012,Cafetería Pachamama 012,Cafetería,Lima,Lima,Tienda,Luis Paredes,HAR-03,Fideo tallarín 1 kg,Harinas y pastas,Molinos Valle Verde SA,10,7.2,0.02,70.56,51.8,18.76,Pagado,Tarjeta
P10066,2025-01-09,1,C131,Bodega Virgen de Fátima 131,Bodega,Huánuco,Centro,Tienda,Rosa Ccori,SNA-01,Papas nativas 120 g x 10,Snacks,Snacks Costa Azul EIRL,6,35.0,0.02,205.8,126.0,79.8,Pagado,Tarjeta
P10066,2025-01-09,1,C131,Bodega Virgen de Fátima 131,Bodega,Huánuco,Centro,Tienda,Rosa Ccori,SNA-04,Maní salado 200 g x 12,Snacks,Snacks Costa Azul EIRL,11,30.0,0,330.0,204.6,125.4,Pagado,Transferencia
P10066,2025-01-09,1,C131,Bodega Virgen de Fátima 131,Bodega,Huánuco,Centro,Tienda,Rosa Ccori,GRA-03,Maca en polvo 250 g,Granos andinos,Agroandina del Sur SAC,9,17.0,0.02,149.94,84.15,65.79,Pagado,Yape
P10073,2025-01-09,1,C106,Cafetería El Progreso 106,Cafetería,Cusco,Sur,Tienda,Jorge Huamán,HAR-03,Fideo tallarín 1 kg,Harinas y pastas,Molinos Valle Verde SA,7,7.2,0,50.4,36.26,14.14,Vencido,Yape
P10073,2025-01-09,1,C106,Cafetería El Progreso 106,Cafetería,Cusco,Sur,Tienda,Jorge Huamán,BEB-04,Bebida rehidratante 500 ml x 12,Bebidas,Bebidas Norte Pacífico SAC,6,33.0,0.03,192.06,124.74,67.32,Pagado,Yape
P10113,2025-01-09,1,C086,Restaurante Los Andes 086,Restaurante,Piura,Norte,Tienda,María Torres,SNA-01,Papas nativas 120 g x 10,Snacks,Snacks Costa Azul EIRL,9,35.0,0,315.0,189.0,126.0,Vencido,Transferencia
P10184,2025-01-09,1,C107,Minimarket Mi Perú 107,Minimarket,Cusco,Sur,Tienda,Jorge Huamán,BEB-01,Agua mineral 625 ml x 15,Bebidas,Bebidas Norte Pacífico SAC,5,18.0,0.02,88.2,55.8,32.4,Pagado,Transferencia
P10184,2025-01-09,1,C107,Minimarket Mi Perú 107,Minimarket,Cusco,Sur,Tienda,Jorge Huamán,HAR-05,Sémola 500 g,Harinas y pastas,Molinos Valle Verde SA,9,4.1,0.05,35.05,25.83,9.22,Pagado,Yape
P10012,2025-01-10,1,C067,Bodega Las Flores 067,Bodega,Lima,Lima,Tienda,Luis Paredes,CAF-05,Café instantáneo 200 g,Café y cacao,Café Selva Central SAC,10,21.0,0,210.0,132.3,77.7,Pagado,Transferencia
P10026,2025-01-10,1,C107,Minimarket Mi Perú 107,Minimarket,Cusco,Sur,Tienda,Jorge Huamán,SNA-02,Chifles 150 g x 10,Snacks,Snacks Costa Azul EIRL,7,28.0,0,196.0,113.68,82.32,Pagado,Plin
P10026,2025-01-10,1,C107,Minimarket Mi Perú 107,Minimarket,Cusco,Sur,Tienda,Jorge Huamán,BEB-03,Néctar de durazno 1 L x 6,Bebidas,Bebidas Norte Pacífico SAC,7,27.0,0,189.0,120.96,68.04,Vencido,Yape
P10026,2025-01-10,1,C107,Minimarket Mi Perú 107,Minimarket,Cusco,Sur,Tienda,Jorge Huamán,GRA-01,Quinua blanca 1 kg,Granos andinos,Agroandina del Sur SAC,9,14.5,0,130.5,86.13,44.37,Pagado,Plin
P10056,2025-01-10,1,C115,Empresa El Puerto 115,Empresa,Arequipa,Sur,Tienda,Jorge Huamán,BEB-02,Gaseosa 3 L x 4,Bebidas,Bebidas Norte Pacífico SAC,6,32.0,0.03,186.24,130.56,55.68,Pagado,Yape
P10056,2025-01-10,1,C115,Empresa El Puerto 115,Empresa,Arequipa,Sur,Tienda,Jorge Huamán,HAR-02,Fideo spaghetti 500 g,Harinas y pastas,Molinos Valle Verde SA,4,3.9,0.03,15.13,11.08,4.05,Pagado,Efectivo
P10056,2025-01-10,1,C115,Empresa El Puerto 115,Empresa,Arequipa,Sur,Tienda,Jorge Huamán,GRA-01,Quinua blanca 1 kg,Granos andinos,Agroandina del Sur SAC,10,14.5,0.05,137.75,95.7,42.05,Pagado,Transferencia
P10059,2025-01-10,1,C096,Cafetería La Familia 096,Cafetería,Piura,Norte,Tienda,María Torres,LIM-03,Lavavajilla 900 g,Limpieza,Limpieza Total Perú SAC,11,8.2,0.03,87.49,57.75,29.74,Pagado,Transferencia
P10060,2025-01-10,1,C036,Restaurante El Ahorro 036,Restaurante,Lima,Lima,WhatsApp,Luis Paredes,LIM-05,Jabón de tocador x 3,Limpieza,Limpieza Total Perú SAC,9,6.5,0.05,55.57,39.24,16.33,Pagado,Yape
P10061,2025-01-10,1,C061,Empresa Inti 061,Empresa,Lima,Lima,Tienda,Ana Quispe,SNA-04,Maní salado 200 g x 12,Snacks,Snacks Costa Azul EIRL,3,30.0,0.03,87.3,55.8,31.5,Pagado,Yape
P10061,2025-01-10,1,C061,Empresa Inti 061,Empresa,Lima,Lima,Tienda,Ana Quispe,GRA-01,Quinua blanca 1 kg,Granos andinos,Agroandina del Sur SAC,9,14.5,0.05,123.97,86.13,37.84,Vencido,Plin
P10061,2025-01-10,1,C061,Empresa Inti 061,Empresa,Lima,Lima,Tienda,Ana Quispe,BEB-04,Bebida rehidratante 500 ml x 12,Bebidas,Bebidas Norte Pacífico SAC,9,33.0,0.03,288.09,187.11,100.98,Pagado,Yape
P10067,2025-01-10,1,C050,Mayorista El Sol 050,Mayorista,Lima,Lima,Mayorista,Ana Quispe,HAR-04,Harina preparada 1 kg,Harinas y pastas,Molinos Valle Verde SA,24,6.3,0.08,139.1,110.4,28.7,Pagado,Transferencia
P10067,2025-01-10,1,C050,Mayorista El Sol 050,Mayorista,Lima,Lima,Mayorista,Ana Quispe,BEB-02,Gaseosa 3 L x 4,Bebidas,Bebidas Norte Pacífico SAC,36,32.0,0.08,1059.84,783.36,276.48,Pagado,Transferencia
P10087,2025-01-10,1,C029,Minimarket Las Flores 029,Minimarket,Lima,Lima,Tienda,Rodrigo Salas,GRA-05,Avena con quinua 900 g,Granos andinos,Agroandina del Sur SAC,12,11.5,0.156,116.47,92.52,23.95,Pagado,Transferencia
P10087,2025-01-10,1,C029,Minimarket Las Flores 029,Minimarket,Lima,Lima,Tienda,Rodrigo Salas,HAR-04,Harina preparada 1 kg,Harinas y pastas,Molinos Valle Verde SA,8,6.3,0.139,43.39,36.8,6.59,Pagado,Yape
P10145,2025-01-10,1,C071,Minimarket Santa Rosa 071,Minimarket,Chiclayo,Norte,Tienda,María Torres,SNA-05,Camote frito 120 g x 10,Snacks,Snacks Costa Azul EIRL,6,31.0,0.03,180.42,109.74,70.68,Pagado,Transferencia
P10145,2025-01-10,1,C071,Minimarket Santa Rosa 071,Minimarket,Chiclayo,Norte,Tienda,María Torres,HAR-02,Fideo spaghetti 500 g,Harinas y pastas,Molinos Valle Verde SA,5,3.9,0.02,19.11,13.85,5.26,Pagado,Yape
P10145,2025-01-10,1,C071,Minimarket Santa Rosa 071,Minimarket,Chiclayo,Norte,Tienda,María Torres,LIM-05,Jabón de tocador x 3,Limpieza,Limpieza Total Perú SAC,4,6.5,0.03,25.22,17.44,7.78,Pagado,Transferencia
P10148,2025-01-10,1,C101,Bodega La Esperanza 101,Bodega,Tacna,Sur,Tienda,Jorge Huamán,LIM-04,Desinfectante 1.8 L,Limpieza,Limpieza Total Perú SAC,4,11.9,0.05,45.22,30.0,15.22,Pagado,Transferencia
P10148,2025-01-10,1,C101,Bodega La Esperanza 101,Bodega,Tacna,Sur,Tienda,Jorge Huamán,HAR-02,Fideo spaghetti 500 g,Harinas y pastas,Molinos Valle Verde SA,4,3.9,0,15.6,11.08,4.52,Vencido,Transferencia
P10038,2025-01-11,1,C041,Bodega Santa Rosa 041,Bodega,Lima,Lima,Tienda,Rodrigo Salas,SNA-05,Camote frito 120 g x 10,Snacks,Snacks Costa Azul EIRL,9,31.0,0.124,244.4,164.61,79.79,Pagado,Tarjeta
P10070,2025-01-11,1,C105,Restaurante El Ahorro 105,Restaurante,Arequipa,Sur,Tienda,Jorge Huamán,CAF-02,Café en grano 1 kg,Café y cacao,Café Selva Central SAC,9,46.0,0.02,405.72,235.98,169.74,Pagado,Transferencia
P10094,2025-01-11,1,C052,Bodega La Victoria 052,Bodega,Lima,Lima,Tienda,Ana Quispe,SNA-05,Camote frito 120 g x 10,Snacks,Snacks Costa Azul EIRL,11,31.0,0.02,334.18,201.19,132.99,Pagado,Transferencia
P10094,2025-01-11,1,C052,Bodega La Victoria 052,Bodega,Lima,Lima,Tienda,Ana Quispe,CAF-04,Chocolate para taza 180 g,Café y cacao,Café Selva Central SAC,3,9.9,0.02,29.11,18.42,10.69,Pagado,Plin
P10150,2025-01-11,1,C024,Bodega Los Andes 024,Bodega,Lima,Lima,Tienda,Rodrigo Salas,BEB-02,Gaseosa 3 L x 4,Bebidas,Bebidas Norte Pacífico SAC,9,32.0,0.147,245.66,195.84,49.82,Pagado,Efectivo
P10150,2025-01-11,1,C024,Bodega Los Andes 024,Bodega,Lima,Lima,Tienda,Rodrigo Salas,LIM-04,Desinfectante 1.8 L,Limpieza,Limpieza Total Perú SAC,6,11.9,0.178,58.69,45.0,13.69,Pagado,Yape
P10162,2025-01-11,1,C032,Restaurante Santa Rosa 032,Restaurante,Lima,Lima,Tienda,Luis Paredes,BEB-02,Gaseosa 3 L x 4,Bebidas,Bebidas Norte Pacífico SAC,8,32.0,0.05,243.2,174.08,69.12,Pagado,Plin
P10162,2025-01-11,1,C032,Restaurante Santa Rosa 032,Restaurante,Lima,Lima,Tienda,Luis Paredes,CAF-03,Cacao en polvo 250 g,Café y cacao,Café Selva Central SAC,12,12.5,0.02,147.0,90.0,57.0,Pagado,Transferencia
P10170,2025-01-11,1,C102,Mayorista El Progreso 102,Mayorista,Tacna,Sur,Mayorista,Jorge Huamán,GRA-03,Maca en polvo 250 g,Granos andinos,Agroandina del Sur SAC,40,17.0,0.08,625.6,374.0,251.6,Vencido,Transferencia
P10170,2025-01-11,1,C102,Mayorista El Progreso 102,Mayorista,Tacna,Sur,Mayorista,Jorge Huamán,LIM-04,Desinfectante 1.8 L,Limpieza,Limpieza Total Perú SAC,8,11.9,0.08,87.58,60.0,27.58,Pagado,Transferencia
P10001,2025-01-12,1,C137,Minimarket El Puerto 137,Minimarket,Huánuco,Centro,Tienda,Rosa Ccori,GRA-04,Chía 500 g,Granos andinos,Agroandina del Sur SAC,11,13.0,0.05,135.85,91.52,44.33,Pagado,Plin
P10001,2025-01-12,1,C137,Minimarket El Puerto 137,Minimarket,Huánuco,Centro,Tienda,Rosa Ccori,HAR-03,Fideo tallarín 1 kg,Harinas y pastas,Molinos Valle Verde SA,5,7.2,0.03,34.92,25.9,9.02,Pagado,Efectivo
P10014,2025-01-12,1,C060,Bodega El Sol 060,Bodega,Lima,Lima,Online,Ana Quispe,LIM-03,Lavavajilla 900 g,Limpieza,Limpieza Total Perú SAC,12,8.2,0,98.4,63.0,35.4,Pagado,Yape
P10014,2025-01-12,1,C060,Bodega El Sol 060,Bodega,Lima,Lima,Online,Ana Quispe,BEB-03,Néctar de durazno 1 L x 6,Bebidas,Bebidas Norte Pacífico SAC,2,27.0,0.03,52.38,34.56,17.82,Pagado,Efectivo
P10083,2025-01-12,1,C021,Empresa Nueva Era 021,Empresa,Lima,Lima,Tienda,Rodrigo Salas,BEB-04,Bebida rehidratante 500 ml x 12,Bebidas,Bebidas Norte Pacífico SAC,4,33.0,0.176,108.77,83.16,25.61,Pagado,Yape
P10083,2025-01-12,1,C021,Empresa Nueva Era 021,Empresa,Lima,Lima,Tienda,Rodrigo Salas,BEB-03,Néctar de durazno 1 L x 6,Bebidas,Bebidas Norte Pacífico SAC,4,27.0,0.101,97.09,69.12,27.97,Pagado,Transferencia
P10122,2025-01-12,1,C078,Bodega Inti 078,Bodega,Piura,Norte,Tienda,María Torres,CAF-05,Café instantáneo 200 g,Café y cacao,Café Selva Central SAC,9,21.0,0.02,185.22,119.07,66.15,Pagado,Plin
P10122,2025-01-12,1,C078,Bodega Inti 078,Bodega,Piura,Norte,Tienda,María Torres,CAF-04,Chocolate para taza 180 g,Café y cacao,Café Selva Central SAC,4,9.9,0,39.6,24.56,15.04,Pagado,Yape
P10122,2025-01-12,1,C078,Bodega Inti 078,Bodega,Piura,Norte,Tienda,María Torres,LIM-04,Desinfectante 1.8 L,Limpieza,Limpieza Total Perú SAC,6,11.9,0,71.4,45.0,26.4,Pagado,Transferencia
P10022,2025-01-13,1,C137,Minimarket El Puerto 137,Minimarket,Huánuco,Centro,Tienda,Rosa Ccori,CAF-05,Café instantáneo 200 g,Café y cacao,Café Selva Central SAC,11,21.0,0,231.0,145.53,85.47,Pagado,Tarjeta
P10022,2025-01-13,1,C137,Minimarket El Puerto 137,Minimarket,Huánuco,Centro,Tienda,Rosa Ccori,GRA-03,Maca en polvo 250 g,Granos andinos,Agroandina del Sur SAC,3,17.0,0,51.0,28.05,22.95,Pagado,Yape
P10023,2025-01-13,1,C084,Bodega El Progreso 084,Bodega,Piura,Norte,Tienda,María Torres,CAF-01,Café tostado molido 500 g,Café y cacao,Café Selva Central SAC,12,24.0,0,288.0,167.04,120.96,Pagado,Tarjeta
P10028,2025-01-13,1,C094,Bodega Santa Rosa 094,Bodega,Trujillo,Norte,Tienda,María Torres,BEB-01,Agua mineral 625 ml x 15,Bebidas,Bebidas Norte Pacífico SAC,12,18.0,0.05,205.2,133.92,71.28,Pagado,Plin
P10030,2025-01-13,1,C072,Empresa Santa Rosa 072,Empresa,Trujillo,Norte,Tienda,María Torres,CAF-01,Café tostado molido 500 g,Café y cacao,Café Selva Central SAC,9,24.0,0,216.0,125.28,90.72,Pagado,Plin
P10071,2025-01-13,1,C039,Cafetería El Progreso 039,Cafetería,Lima,Lima,Tienda,Luis Paredes,GRA-05,Avena con quinua 900 g,Granos andinos,Agroandina del Sur SAC,9,11.5,0.05,98.32,69.39,28.93,Pagado,Transferencia
P10112,2025-01-13,1,C100,Restaurante El Ahorro 100,Restaurante,Cusco,Sur,Tienda,Jorge Huamán,CAF-05,Café instantáneo 200 g,Café y cacao,Café Selva Central SAC,9,21.0,0.05,179.55,119.07,60.48,Pagado,Yape
P10128,2025-01-13,1,C123,Minimarket La Victoria 123,Minimarket,Tacna,Sur,Tienda,Jorge Huamán,HAR-01,Harina sin preparar 1 kg,Harinas y pastas,Molinos Valle Verde SA,6,5.4,0.02,31.75,24.0,7.75,Pagado,Transferencia
P10128,2025-01-13,1,C123,Minimarket La Victoria 123,Minimarket,Tacna,Sur,Tienda,Jorge Huamán,BEB-05,Té helado 500 ml x 12,Bebidas,Bebidas Norte Pacífico SAC,6,29.0,0.02,170.52,106.14,64.38,Pagado,Tarjeta
P10144,2025-01-13,1,C081,Restaurante Las Flores 081,Restaurante,Chiclayo,Norte,Tienda,María Torres,LIM-05,Jabón de tocador x 3,Limpieza,Limpieza Total Perú SAC,5,6.5,0.02,31.85,21.8,10.05,Pagado,Plin
P10144,2025-01-13,1,C081,Restaurante Las Flores 081,Restaurante,Chiclayo,Norte,Tienda,María Torres,GRA-03,Maca en polvo 250 g,Granos andinos,Agroandina del Sur SAC,2,17.0,0,34.0,18.7,15.3,Pagado,Yape
P10144,2025-01-13,1,C081,Restaurante Las Flores 081,Restaurante,Chiclayo,Norte,Tienda,María Torres,GRA-05,Avena con quinua 900 g,Granos andinos,Agroandina del Sur SAC,5,11.5,0.02,56.35,38.55,17.8,Pagado,Tarjeta
P10009,2025-01-14,1,C055,Empresa Inti 055,Empresa,Lima,Lima,Tienda,Ana Quispe,CAF-05,Café instantáneo 200 g,Café y cacao,Café Selva Central SAC,11,21.0,0.02,226.38,145.53,80.85,Pagado,Transferencia
P10009,2025-01-14,1,C055,Empresa Inti 055,Empresa,Lima,Lima,Tienda,Ana Quispe,BEB-05,Té helado 500 ml x 12,Bebidas,Bebidas Norte Pacífico SAC,6,29.0,0.02,170.52,106.14,64.38,Pagado,Efectivo
P10010,2025-01-14,1,C102,Mayorista El Progreso 102,Mayorista,Tacna,Sur,Mayorista,Jorge Huamán,BEB-02,Gaseosa 3 L x 4,Bebidas,Bebidas Norte Pacífico SAC,8,32.0,0.08,235.52,174.08,61.44,Pagado,Transferencia
P10053,2025-01-14,1,C057,Bodega La Victoria 057,Bodega,Lima,Lima,Tienda,Ana Quispe,BEB-02,Gaseosa 3 L x 4,Bebidas,Bebidas Norte Pacífico SAC,9,32.0,0.05,273.6,195.84,77.76,Pagado,Efectivo
P10092,2025-01-14,1,C091,Cafetería El Puerto 091,Cafetería,Chiclayo,Norte,Tienda,María Torres,SNA-01,Papas nativas 120 g x 10,Snacks,Snacks Costa Azul EIRL,8,35.0,0.05,266.0,168.0,98.0,Pagado,Yape
P10092,2025-01-14,1,C091,Cafetería El Puerto 091,Cafetería,Chiclayo,Norte,Tienda,María Torres,HAR-03,Fideo tallarín 1 kg,Harinas y pastas,Molinos Valle Verde SA,9,7.2,0,64.8,46.62,18.18,Pagado,Tarjeta
P10100,2025-01-14,1,C055,Empresa Inti 055,Empresa,Lima,Lima,Tienda,Rodrigo Salas,CAF-03,Cacao en polvo 250 g,Café y cacao,Café Selva Central SAC,9,12.5,0.142,96.52,67.5,29.02,Pagado,Efectivo
P10100,2025-01-14,1,C055,Empresa Inti 055,Empresa,Lima,Lima,Tienda,Rodrigo Salas,BEB-04,Bebida rehidratante 500 ml x 12,Bebidas,Bebidas Norte Pacífico SAC,4,33.0,0.165,110.22,83.16,27.06,Pagado,Efectivo
P10146,2025-01-14,1,C054,Bodega Nueva Era 054,Bodega,Lima,Lima,Tienda,Luis Paredes,BEB-04,Bebida rehidratante 500 ml x 12,Bebidas,Bebidas Norte Pacífico SAC,4,33.0,0,132.0,83.16,48.84,Pagado,Yape
P10157,2025-01-14,1,C127,Minimarket El Progreso 127,Minimarket,Huánuco,Centro,Tienda,Rosa Ccori,SNA-03,Galletas de avena x 24,Snacks,Snacks Costa Azul EIRL,12,22.0,0,264.0,171.6,92.4,Pagado,Efectivo
P10157,2025-01-14,1,C127,Minimarket El Progreso 127,Minimarket,Huánuco,Centro,Tienda,Rosa Ccori,CAF-02,Café en grano 1 kg,Café y cacao,Café Selva Central SAC,6,46.0,0.05,262.2,157.32,104.88,Pagado,Transferencia
P10020,2025-01-15,1,C122,Bodega El Ahorro 122,Bodega,Tacna,Sur,Tienda,Jorge Huamán,GRA-01,Quinua blanca 1 kg,Granos andinos,Agroandina del Sur SAC,12,14.5,0.03,168.78,114.84,53.94,Pagado,Transferencia
P10020,2025-01-15,1,C122,Bodega El Ahorro 122,Bodega,Tacna,Sur,Tienda,Jorge Huamán,HAR-05,Sémola 500 g,Harinas y pastas,Molinos Valle Verde SA,3,4.1,0.02,12.05,8.61,3.44,Pagado,Plin
P10068,2025-01-15,1,C013,Empresa Nueva Era 013,Empresa,Lima,Lima,Tienda,Rodrigo Salas,HAR-04,Harina preparada 1 kg,Harinas y pastas,Molinos Valle Verde SA,9,6.3,0.134,49.1,41.4,7.7,Pagado,Transferencia
P10069,2025-01-15,1,C038,Bodega El Ahorro 038,Bodega,Lima,Lima,Tienda,Ana Quispe,GRA-02,Kiwicha pop 300 g,Granos andinos,Agroandina del Sur SAC,12,8.9,0.03,103.6,65.16,38.44,Pagado,Yape
P10069,2025-01-15,1,C038,Bodega El Ahorro 038,Bodega,Lima,Lima,Tienda,Ana Quispe,BEB-04,Bebida rehidratante 500 ml x 12,Bebidas,Bebidas Norte Pacífico SAC,2,33.0,0.05,62.7,41.58,21.12,Pagado,Transferencia
P10081,2025-01-15,1,C024,Bodega Los Andes 024,Bodega,Lima,Lima,WhatsApp,Luis Paredes,CAF-03,Cacao en polvo 250 g,Café y cacao,Café Selva Central SAC,4,12.5,0,50.0,30.0,20.0,Pagado,Yape
P10132,2025-01-15,1,C051,Empresa San Martín 051,Empresa,Lima,Lima,Online,Luis Paredes,BEB-01,Agua mineral 625 ml x 15,Bebidas,Bebidas Norte Pacífico SAC,7,18.0,0.02,123.48,78.12,45.36,Pagado,Transferencia
P10132,2025-01-15,1,C051,Empresa San Martín 051,Empresa,Lima,Lima,Online,Luis Paredes,GRA-02,Kiwicha pop 300 g,Granos andinos,Agroandina del Sur SAC,10,8.9,0,89.0,54.3,34.7,Pagado,Plin
P10163,2025-01-15,1,C022,Empresa La Familia 022,Empresa,Lima,Lima,Tienda,Luis Paredes,LIM-04,Desinfectante 1.8 L,Limpieza,Limpieza Total Perú SAC,12,11.9,0.03,138.52,90.0,48.52,Pagado,Transferencia
P10163,2025-01-15,1,C022,Empresa La Familia 022,Empresa,Lima,Lima,Tienda,Luis Paredes,CAF-02,Café en grano 1 kg,Café y cacao,Café Selva Central SAC,5,46.0,0,230.0,131.1,98.9,Pagado,Yape
P10163,2025-01-15,1,C022,Empresa La Familia 022,Empresa,Lima,Lima,Tienda,Luis Paredes,HAR-03,Fideo tallarín 1 kg,Harinas y pastas,Molinos Valle Verde SA,11,7.2,0.05,75.24,56.98,18.26,Pagado,Yape
P10013,2025-01-16,1,C125,Bodega El Ahorro 125,Bodega,Cusco,Sur,Tienda,Jorge Huamán,CAF-01,Café tostado molido 500 g,Café y cacao,Café Selva Central SAC,5,24.0,0,120.0,69.6,50.4,Pagado,Transferencia
P10040,2025-01-16,1,C116,Bodega Las Flores 116,Bodega,Tacna,Sur,Tienda,Jorge Huamán,HAR-03,Fideo tallarín 1 kg,Harinas y pastas,Molinos Valle Verde SA,2,7.2,0.05,13.68,10.36,3.32,Pagado,Transferencia
P10040,2025-01-16,1,C116,Bodega Las Flores 116,Bodega,Tacna,Sur,Tienda,Jorge Huamán,CAF-01,Café tostado molido 500 g,Café y cacao,Café Selva Central SAC,3,24.0,0.02,70.56,41.76,28.8,Pagado,Yape
P10082,2025-01-16,1,C008,Minimarket El Trébol 008,Minimarket,Lima,Lima,Tienda,Rodrigo Salas,HAR-01,Harina sin preparar 1 kg,Harinas y pastas,Molinos Valle Verde SA,7,5.4,0.148,32.21,28.0,4.21,Pagado,Efectivo
P10082,2025-01-16,1,C008,Minimarket El Trébol 008,Minimarket,Lima,Lima,Tienda,Rodrigo Salas,LIM-03,Lavavajilla 900 g,Limpieza,Limpieza Total Perú SAC,8,8.2,0.129,57.14,42.0,15.14,Vencido,Plin
P10082,2025-01-16,1,C008,Minimarket El Trébol 008,Minimarket,Lima,Lima,Tienda,Rodrigo Salas,GRA-03,Maca en polvo 250 g,Granos andinos,Agroandina del Sur SAC,10,17.0,0.114,150.62,93.5,57.12,Pagado,Yape
P10174,2025-01-16,1,C017,Minimarket El Progreso 017,Minimarket,Lima,Lima,Tienda,Ana Quispe,HAR-03,Fideo tallarín 1 kg,Harinas y pastas,Molinos Valle Verde SA,6,7.2,0.05,41.04,31.08,9.96,Pagado,Yape
P10174,2025-01-16,1,C017,Minimarket El Progreso 017,Minimarket,Lima,Lima,Tienda,Ana Quispe,SNA-02,Chifles 150 g x 10,Snacks,Snacks Costa Azul EIRL,9,28.0,0.02,246.96,146.16,100.8,Pagado,Tarjeta
P10180,2025-01-16,1,C004,Bodega San Pedro 004,Bodega,Lima,Lima,Tienda,Rodrigo Salas,BEB-02,Gaseosa 3 L x 4,Bebidas,Bebidas Norte Pacífico SAC,9,32.0,0.164,240.77,195.84,44.93,Pagado,Efectivo
P10180,2025-01-16,1,C004,Bodega San Pedro 004,Bodega,Lima,Lima,Tienda,Rodrigo Salas,CAF-03,Cacao en polvo 250 g,Café y cacao,Café Selva Central SAC,2,12.5,0.124,21.9,15.0,6.9,Pagado,Yape
P10004,2025-01-17,1,C074,Empresa Santa Rosa 074,Empresa,Piura,Norte,WhatsApp,María Torres,BEB-03,Néctar de durazno 1 L x 6,Bebidas,Bebidas Norte Pacífico SAC,6,27.0,0.03,157.14,103.68,53.46,Pagado,Transferencia
P10107,2025-01-17,1,C115,Empresa El Puerto 115,Empresa,Arequipa,Sur,Tienda,Jorge Huamán,CAF-05,Café instantáneo 200 g,Café y cacao,Café Selva Central SAC,5,21.0,0.03,101.85,66.15,35.7,Pagado,Yape
P10107,2025-01-17,1,C115,Empresa El Puerto 115,Empresa,Arequipa,Sur,Tienda,Jorge Huamán,LIM-05,Jabón de tocador x 3,Limpieza,Limpieza Total Perú SAC,8,6.5,0,52.0,34.88,17.12,Pagado,Plin
P10003,2025-01-18,1,C009,Minimarket La Esperanza 009,Minimarket,Lima,Lima,Tienda,Rodrigo Salas,HAR-01,Harina sin preparar 1 kg,Harinas y pastas,Molinos Valle Verde SA,2,5.4,0.114,9.57,8.0,1.57,Pagado,Transferencia
P10003,2025-01-18,1,C009,Minimarket La Esperanza 009,Minimarket,Lima,Lima,Tienda,Rodrigo Salas,LIM-04,Desinfectante 1.8 L,Limpieza,Limpieza Total Perú SAC,5,11.9,0.143,50.99,37.5,13.49,Pagado,Tarjeta
P10007,2025-01-18,1,C108,Bodega El Sol 108,Bodega,Tacna,Sur,Tienda,Jorge Huamán,BEB-02,Gaseosa 3 L x 4,Bebidas,Bebidas Norte Pacífico SAC,3,32.0,0,96.0,65.28,30.72,Pagado,Plin
P10008,2025-01-18,1,C031,Bodega El Ahorro 031,Bodega,Lima,Lima,Tienda,Ana Quispe,GRA-02,Kiwicha pop 300 g,Granos andinos,Agroandina del Sur SAC,8,8.9,0.03,69.06,43.44,25.62,Pagado,Transferencia
P10008,2025-01-18,1,C031,Bodega El Ahorro 031,Bodega,Lima,Lima,Tienda,Ana Quispe,CAF-02,Café en grano 1 kg,Café y cacao,Café Selva Central SAC,9,46.0,0,414.0,235.98,178.02,Pagado,Tarjeta
P10008,2025-01-18,1,C031,Bodega El Ahorro 031,Bodega,Lima,Lima,Tienda,Ana Quispe,HAR-01,Harina sin preparar 1 kg,Harinas y pastas,Molinos Valle Verde SA,2,5.4,0,10.8,8.0,2.8,Pagado,Tarjeta
P10036,2025-01-18,1,C030,Cafetería San Martín 030,Cafetería,Lima,Lima,Tienda,Luis Paredes,BEB-04,Bebida rehidratante 500 ml x 12,Bebidas,Bebidas Norte Pacífico SAC,10,33.0,0.02,323.4,207.9,115.5,Pagado,Transferencia
P10036,2025-01-18,1,C030,Cafetería San Martín 030,Cafetería,Lima,Lima,Tienda,Luis Paredes,SNA-04,Maní salado 200 g x 12,Snacks,Snacks Costa Azul EIRL,7,30.0,0,210.0,130.2,79.8,Pagado,Transferencia
P10039,2025-01-18,1,C034,Minimarket San Martín 034,Minimarket,Lima,Lima,Tienda,Luis Paredes,GRA-04,Chía 500 g,Granos andinos,Agroandina del Sur SAC,11,13.0,0.02,140.14,91.52,48.62,Pagado,Transferencia
P10039,2025-01-18,1,C034,Minimarket San Martín 034,Minimarket,Lima,Lima,Tienda,Luis Paredes,LIM-01,Detergente 2 kg,Limpieza,Limpieza Total Perú SAC,11,19.5,0.03,208.06,147.95,60.11,Pagado,Transferencia
P10039,2025-01-18,1,C034,Minimarket San Martín 034,Minimarket,Lima,Lima,Tienda,Luis Paredes,GRA-05,Avena con quinua 900 g,Granos andinos,Agroandina del Sur SAC,5,11.5,0,57.5,38.55,18.95,Pagado,Tarjeta
P10042,2025-01-18,1,C051,Empresa San Martín 051,Empresa,Lima,Lima,Tienda,Luis Paredes,CAF-02,Café en grano 1 kg,Café y cacao,Café Selva Central SAC,10,46.0,0.02,450.8,262.2,188.6,Pagado,Efectivo
P10042,2025-01-18,1,C051,Empresa San Martín 051,Empresa,Lima,Lima,Tienda,Luis Paredes,SNA-03,Galletas de avena x 24,Snacks,Snacks Costa Azul EIRL,2,22.0,0.02,43.12,28.6,14.52,Pagado,Transferencia
P10065,2025-01-18,1,C064,Restaurante La Victoria 064,Restaurante,Lima,Lima,Tienda,Luis Paredes,GRA-01,Quinua blanca 1 kg,Granos andinos,Agroandina del Sur SAC,3,14.5,0,43.5,28.71,14.79,Pagado,Transferencia
P10065,2025-01-18,1,C064,Restaurante La Victoria 064,Restaurante,Lima,Lima,Tienda,Luis Paredes,LIM-03,Lavavajilla 900 g,Limpieza,Limpieza Total Perú SAC,2,8.2,0,16.4,10.5,5.9,Pagado,Transferencia
P10065,2025-01-18,1,C064,Restaurante La Victoria 064,Restaurante,Lima,Lima,Tienda,Luis Paredes,HAR-03,Fideo tallarín 1 kg,Harinas y pastas,Molinos Valle Verde SA,9,7.2,0.03,62.86,46.62,16.24,Pagado,Transferencia
P10086,2025-01-18,1,C022,Empresa La Familia 022,Empresa,Lima,Lima,Tienda,Luis Paredes,CAF-03,Cacao en polvo 250 g,Café y cacao,Café Selva Central SAC,11,12.5,0,137.5,82.5,55.0,Pagado,Transferencia
P10086,2025-01-18,1,C022,Empresa La Familia 022,Empresa,Lima,Lima,Tienda,Luis Paredes,CAF-02,Café en grano 1 kg,Café y cacao,Café Selva Central SAC,11,46.0,0.03,490.82,288.42,202.4,Pagado,Transferencia
P10086,2025-01-18,1,C022,Empresa La Familia 022,Empresa,Lima,Lima,Tienda,Luis Paredes,LIM-02,Lejía 4 L,Limpieza,Limpieza Total Perú SAC,7,9.8,0.02,67.23,45.29,21.94,Pagado,Tarjeta
P10149,2025-01-18,1,C068,Minimarket San Pedro 068,Minimarket,Lima,Lima,Tienda,Ana Quispe,GRA-04,Chía 500 g,Granos andinos,Agroandina del Sur SAC,10,13.0,0.05,123.5,83.2,40.3,Pagado,Plin
P10156,2025-01-18,1,C097,Bodega El Puerto 097,Bodega,Trujillo,Norte,Tienda,María Torres,HAR-01,Harina sin preparar 1 kg,Harinas y pastas,Molinos Valle Verde SA,10,5.4,0,54.0,40.0,14.0,Pagado,Tarjeta
P10156,2025-01-18,1,C097,Bodega El Puerto 097,Bodega,Trujillo,Norte,Tienda,María Torres,BEB-01,Agua mineral 625 ml x 15,Bebidas,Bebidas Norte Pacífico SAC,12,18.0,0.03,209.52,133.92,75.6,Pagado,Transferencia
P10156,2025-01-18,1,C097,Bodega El Puerto 097,Bodega,Trujillo,Norte,Tienda,María Torres,BEB-05,Té helado 500 ml x 12,Bebidas,Bebidas Norte Pacífico SAC,12,29.0,0,348.0,212.28,135.72,Pagado,Efectivo
P10031,2025-01-19,1,C011,Mayorista Pachamama 011,Mayorista,Lima,Lima,Mayorista,Rodrigo Salas,SNA-01,Papas nativas 120 g x 10,Snacks,Snacks Costa Azul EIRL,8,35.0,0.164,234.08,168.0,66.08,Pagado,Transferencia
P10031,2025-01-19,1,C011,Mayorista Pachamama 011,Mayorista,Lima,Lima,Mayorista,Rodrigo Salas,LIM-02,Lejía 4 L,Limpieza,Limpieza Total Perú SAC,32,9.8,0.137,270.64,207.04,63.6,Pagado,Transferencia
P10033,2025-01-19,1,C126,Restaurante La Familia 126,Restaurante,Arequipa,Sur,Tienda,Jorge Huamán,LIM-05,Jabón de tocador x 3,Limpieza,Limpieza Total Perú SAC,9,6.5,0.05,55.57,39.24,16.33,Pagado,Transferencia
P10033,2025-01-19,1,C126,Restaurante La Familia 126,Restaurante,Arequipa,Sur,Tienda,Jorge Huamán,CAF-04,Chocolate para taza 180 g,Café y cacao,Café Selva Central SAC,3,9.9,0,29.7,18.42,11.28,Pagado,Yape
P10077,2025-01-19,1,C129,Mayorista La Esperanza 129,Mayorista,Huánuco,Centro,Mayorista,Rosa Ccori,BEB-04,Bebida rehidratante 500 ml x 12,Bebidas,Bebidas Norte Pacífico SAC,32,33.0,0.08,971.52,665.28,306.24,Pagado,Transferencia
P10077,2025-01-19,1,C129,Mayorista La Esperanza 129,Mayorista,Huánuco,Centro,Mayorista,Rosa Ccori,GRA-03,Maca en polvo 250 g,Granos andinos,Agroandina del Sur SAC,48,17.0,0.08,750.72,448.8,301.92,Pagado,Transferencia
P10077,2025-01-19,1,C129,Mayorista La Esperanza 129,Mayorista,Huánuco,Centro,Mayorista,Rosa Ccori,HAR-03,Fideo tallarín 1 kg,Harinas y pastas,Molinos Valle Verde SA,8,7.2,0.08,52.99,41.44,11.55,Pagado,Transferencia
P10136,2025-01-19,1,C004,Bodega San Pedro 004,Bodega,Lima,Lima,Tienda,Luis Paredes,SNA-01,Papas nativas 120 g x 10,Snacks,Snacks Costa Azul EIRL,12,35.0,0.05,399.0,252.0,147.0,Pagado,Transferencia
P10136,2025-01-19,1,C004,Bodega San Pedro 004,Bodega,Lima,Lima,Tienda,Luis Paredes,SNA-01,Papas nativas 120 g x 10,Snacks,Snacks Costa Azul EIRL,9,35.0,0.03,305.55,189.0,116.55,Pagado,Yape
P10136,2025-01-19,1,C004,Bodega San Pedro 004,Bodega,Lima,Lima,Tienda,Luis Paredes,BEB-05,Té helado 500 ml x 12,Bebidas,Bebidas Norte Pacífico SAC,7,29.0,0.02,198.94,123.83,75.11,Pagado,Yape
P10171,2025-01-19,1,C004,Bodega San Pedro 004,Bodega,Lima,Lima,Tienda,Ana Quispe,HAR-01,Harina sin preparar 1 kg,Harinas y pastas,Molinos Valle Verde SA,9,5.4,0.03,47.14,36.0,11.14,Pagado,Transferencia
P10171,2025-01-19,1,C004,Bodega San Pedro 004,Bodega,Lima,Lima,Tienda,Ana Quispe,LIM-04,Desinfectante 1.8 L,Limpieza,Limpieza Total Perú SAC,2,11.9,0,23.8,15.0,8.8,Pagado,Transferencia
P10183,2025-01-19,1,C105,Restaurante El Ahorro 105,Restaurante,Arequipa,Sur,Tienda,Jorge Huamán,LIM-03,Lavavajilla 900 g,Limpieza,Limpieza Total Perú SAC,12,8.2,0.05,93.48,63.0,30.48,Vencido,Yape
P10006,2025-01-20,1,C087,Restaurante El Ahorro 087,Restaurante,Trujillo,Norte,Tienda,María Torres,CAF-03,Cacao en polvo 250 g,Café y cacao,Café Selva Central SAC,9,12.5,0.02,110.25,67.5,42.75,Pagado,Tarjeta
P10006,2025-01-20,1,C087,Restaurante El Ahorro 087,Restaurante,Trujillo,Norte,Tienda,María Torres,CAF-05,Café instantáneo 200 g,Café y cacao,Café Selva Central SAC,7,21.0,0.05,139.65,92.61,47.04,Pagado,Efectivo
P10044,2025-01-20,1,C123,Minimarket La Victoria 123,Minimarket,Tacna,Sur,Tienda,Jorge Huamán,HAR-02,Fideo spaghetti 500 g,Harinas y pastas,Molinos Valle Verde SA,10,3.9,0.02,38.22,27.7,10.52,Pagado,Transferencia
P10104,2025-01-20,1,C077,Mayorista Inti 077,Mayorista,Trujillo,Norte,Mayorista,María Torres,GRA-04,Chía 500 g,Granos andinos,Agroandina del Sur SAC,48,13.0,0.08,574.08,399.36,174.72,Vencido,Transferencia
P10104,2025-01-20,1,C077,Mayorista Inti 077,Mayorista,Trujillo,Norte,Mayorista,María Torres,GRA-02,Kiwicha pop 300 g,Granos andinos,Agroandina del Sur SAC,20,8.9,0.08,163.76,108.6,55.16,Pagado,Transferencia
P10119,2025-01-20,1,C113,Mayorista El Sol 113,Mayorista,Cusco,Sur,Mayorista,Jorge Huamán,CAF-04,Chocolate para taza 180 g,Café y cacao,Café Selva Central SAC,8,9.9,0.08,72.86,49.12,23.74,Pagado,Transferencia
P10166,2025-01-20,1,C037,Bodega El Trébol 037,Bodega,Lima,Lima,Tienda,Rodrigo Salas,SNA-05,Camote frito 120 g x 10,Snacks,Snacks Costa Azul EIRL,10,31.0,0.129,270.01,182.9,87.11,Pagado,Tarjeta
P10166,2025-01-20,1,C037,Bodega El Trébol 037,Bodega,Lima,Lima,Tienda,Rodrigo Salas,BEB-03,Néctar de durazno 1 L x 6,Bebidas,Bebidas Norte Pacífico SAC,3,27.0,0.105,72.5,51.84,20.66,Pagado,Transferencia
P10173,2025-01-20,1,C125,Bodega El Ahorro 125,Bodega,Cusco,Sur,Tienda,Jorge Huamán,HAR-02,Fideo spaghetti 500 g,Harinas y pastas,Molinos Valle Verde SA,9,3.9,0.03,34.05,24.93,9.12,Vencido,Transferencia
P10173,2025-01-20,1,C125,Bodega El Ahorro 125,Bodega,Cusco,Sur,Tienda,Jorge Huamán,LIM-04,Desinfectante 1.8 L,Limpieza,Limpieza Total Perú SAC,4,11.9,0.03,46.17,30.0,16.17,Pagado,Tarjeta
P10032,2025-01-21,1,C071,Minimarket Santa Rosa 071,Minimarket,Chiclayo,Norte,Online,María Torres,LIM-03,Lavavajilla 900 g,Limpieza,Limpieza Total Perú SAC,11,8.2,0,90.2,57.75,32.45,Pagado,Tarjeta
P10032,2025-01-21,1,C071,Minimarket Santa Rosa 071,Minimarket,Chiclayo,Norte,Online,María Torres,LIM-02,Lejía 4 L,Limpieza,Limpieza Total Perú SAC,7,9.8,0.05,65.17,45.29,19.88,Pagado,Yape
P10032,2025-01-21,1,C071,Minimarket Santa Rosa 071,Minimarket,Chiclayo,Norte,Online,María Torres,LIM-05,Jabón de tocador x 3,Limpieza,Limpieza Total Perú SAC,5,6.5,0,32.5,21.8,10.7,Pagado,Yape
P10043,2025-01-21,1,C019,Bodega Don Lucho 019,Bodega,Lima,Lima,Tienda,Luis Paredes,LIM-04,Desinfectante 1.8 L,Limpieza,Limpieza Total Perú SAC,9,11.9,0.02,104.96,67.5,37.46,Pagado,Plin
P10043,2025-01-21,1,C019,Bodega Don Lucho 019,Bodega,Lima,Lima,Tienda,Luis Paredes,CAF-03,Cacao en polvo 250 g,Café y cacao,Café Selva Central SAC,11,12.5,0,137.5,82.5,55.0,Pagado,Tarjeta
P10047,2025-01-21,1,C025,Minimarket Don Lucho 025,Minimarket,Lima,Lima,Tienda,Luis Paredes,GRA-03,Maca en polvo 250 g,Granos andinos,Agroandina del Sur SAC,6,17.0,0.05,96.9,56.1,40.8,Pagado,Transferencia
P10047,2025-01-21,1,C025,Minimarket Don Lucho 025,Minimarket,Lima,Lima,Tienda,Luis Paredes,LIM-05,Jabón de tocador x 3,Limpieza,Limpieza Total Perú SAC,12,6.5,0.02,76.44,52.32,24.12,Pagado,Efectivo
P10057,2025-01-21,1,C112,Minimarket La Familia 112,Minimarket,Cusco,Sur,Tienda,Jorge Huamán,HAR-04,Harina preparada 1 kg,Harinas y pastas,Molinos Valle Verde SA,12,6.3,0.03,73.33,55.2,18.13,Pagado,Yape
P10072,2025-01-21,1,C085,Minimarket Virgen de Fátima 085,Minimarket,Chiclayo,Norte,Tienda,María Torres,CAF-05,Café instantáneo 200 g,Café y cacao,Café Selva Central SAC,9,21.0,0.02,185.22,119.07,66.15,Pagado,Yape
P10106,2025-01-21,1,C123,Minimarket La Victoria 123,Minimarket,Tacna,Sur,Tienda,Jorge Huamán,LIM-05,Jabón de tocador x 3,Limpieza,Limpieza Total Perú SAC,11,6.5,0,71.5,47.96,23.54,Pagado,Yape
P10106,2025-01-21,1,C123,Minimarket La Victoria 123,Minimarket,Tacna,Sur,Tienda,Jorge Huamán,CAF-01,Café tostado molido 500 g,Café y cacao,Café Selva Central SAC,11,24.0,0.03,256.08,153.12,102.96,Vencido,Yape
P10116,2025-01-21,1,C104,Empresa La Esperanza 104,Empresa,Tacna,Sur,Tienda,Jorge Huamán,CAF-02,Café en grano 1 kg,Café y cacao,Café Selva Central SAC,8,46.0,0.02,360.64,209.76,150.88,Pagado,Transferencia
P10116,2025-01-21,1,C104,Empresa La Esperanza 104,Empresa,Tacna,Sur,Tienda,Jorge Huamán,LIM-01,Detergente 2 kg,Limpieza,Limpieza Total Perú SAC,9,19.5,0.02,171.99,121.05,50.94,Pagado,Transferencia
P10116,2025-01-21,1,C104,Empresa La Esperanza 104,Empresa,Tacna,Sur,Tienda,Jorge Huamán,SNA-03,Galletas de avena x 24,Snacks,Snacks Costa Azul EIRL,12,22.0,0.03,256.08,171.6,84.48,Pagado,Transferencia
P10123,2025-01-21,1,C137,Minimarket El Puerto 137,Minimarket,Huánuco,Centro,Tienda,Rosa Ccori,GRA-05,Avena con quinua 900 g,Granos andinos,Agroandina del Sur SAC,4,11.5,0,46.0,30.84,15.16,Pagado,Efectivo
P10123,2025-01-21,1,C137,Minimarket El Puerto 137,Minimarket,Huánuco,Centro,Tienda,Rosa Ccori,LIM-02,Lejía 4 L,Limpieza,Limpieza Total Perú SAC,8,9.8,0,78.4,51.76,26.64,Pagado,Transferencia
P10125,2025-01-21,1,C118,Bodega El Sol 118,Bodega,Cusco,Sur,WhatsApp,Jorge Huamán,HAR-03,Fideo tallarín 1 kg,Harinas y pastas,Molinos Valle Verde SA,4,7.2,0.05,27.36,20.72,6.64,Pagado,Efectivo
P10125,2025-01-21,1,C118,Bodega El Sol 118,Bodega,Cusco,Sur,WhatsApp,Jorge Huamán,SNA-03,Galletas de avena x 24,Snacks,Snacks Costa Azul EIRL,5,22.0,0,110.0,71.5,38.5,Vencido,Yape
P10002,2025-01-22,1,C011,Mayorista Pachamama 011,Mayorista,Lima,Lima,Mayorista,Luis Paredes,CAF-02,Café en grano 1 kg,Café y cacao,Café Selva Central SAC,36,46.0,0.08,1523.52,943.92,579.6,Vencido,Transferencia
P10015,2025-01-22,1,C022,Empresa La Familia 022,Empresa,Lima,Lima,Tienda,Rodrigo Salas,GRA-02,Kiwicha pop 300 g,Granos andinos,Agroandina del Sur SAC,9,8.9,0.159,67.36,48.87,18.49,Pagado,Transferencia
P10045,2025-01-22,1,C133,Empresa Las Flores 133,Empresa,Huánuco,Centro,Tienda,Rosa Ccori,CAF-01,Café tostado molido 500 g,Café y cacao,Café Selva Central SAC,2,24.0,0.05,45.6,27.84,17.76,Pagado,Plin
P10045,2025-01-22,1,C133,Empresa Las Flores 133,Empresa,Huánuco,Centro,Tienda,Rosa Ccori,HAR-04,Harina preparada 1 kg,Harinas y pastas,Molinos Valle Verde SA,2,6.3,0.05,11.97,9.2,2.77,Pagado,Tarjeta
P10045,2025-01-22,1,C133,Empresa Las Flores 133,Empresa,Huánuco,Centro,Tienda,Rosa Ccori,GRA-03,Maca en polvo 250 g,Granos andinos,Agroandina del Sur SAC,12,17.0,0,204.0,112.2,91.8,Pagado,Yape
P10050,2025-01-22,1,C126,Restaurante La Familia 126,Restaurante,Arequipa,Sur,Tienda,Jorge Huamán,LIM-03,Lavavajilla 900 g,Limpieza,Limpieza Total Perú SAC,10,8.2,0.05,77.9,52.5,25.4,Pagado,Yape
P10050,2025-01-22,1,C126,Restaurante La Familia 126,Restaurante,Arequipa,Sur,Tienda,Jorge Huamán,SNA-02,Chifles 150 g x 10,Snacks,Snacks Costa Azul EIRL,10,28.0,0,280.0,162.4,117.6,Pagado,Transferencia
P10050,2025-01-22,1,C126,Restaurante La Familia 126,Restaurante,Arequipa,Sur,Tienda,Jorge Huamán,LIM-04,Desinfectante 1.8 L,Limpieza,Limpieza Total Perú SAC,9,11.9,0.03,103.89,67.5,36.39,Pagado,Plin
P10054,2025-01-22,1,C114,Restaurante San Martín 114,Restaurante,Tacna,Sur,Tienda,Jorge Huamán,LIM-02,Lejía 4 L,Limpieza,Limpieza Total Perú SAC,12,9.8,0.02,115.25,77.64,37.61,Pagado,Transferencia
P10054,2025-01-22,1,C114,Restaurante San Martín 114,Restaurante,Tacna,Sur,Tienda,Jorge Huamán,CAF-02,Café en grano 1 kg,Café y cacao,Café Selva Central SAC,5,46.0,0.03,223.1,131.1,92.0,Pagado,Efectivo
P10105,2025-01-22,1,C099,Restaurante Los Andes 099,Restaurante,Cusco,Sur,Tienda,Jorge Huamán,BEB-02,Gaseosa 3 L x 4,Bebidas,Bebidas Norte Pacífico SAC,6,32.0,0,192.0,130.56,61.44,Pagado,Plin
P10105,2025-01-22,1,C099,Restaurante Los Andes 099,Restaurante,Cusco,Sur,Tienda,Jorge Huamán,LIM-02,Lejía 4 L,Limpieza,Limpieza Total Perú SAC,10,9.8,0,98.0,64.7,33.3,Pagado,Plin
P10105,2025-01-22,1,C099,Restaurante Los Andes 099,Restaurante,Cusco,Sur,Tienda,Jorge Huamán,BEB-01,Agua mineral 625 ml x 15,Bebidas,Bebidas Norte Pacífico SAC,8,18.0,0.02,141.12,89.28,51.84,Pagado,Transferencia
P10129,2025-01-22,1,C025,Minimarket Don Lucho 025,Minimarket,Lima,Lima,Tienda,Ana Quispe,CAF-05,Café instantáneo 200 g,Café y cacao,Café Selva Central SAC,2,21.0,0,42.0,26.46,15.54,Pagado,Transferencia
P10155,2025-01-22,1,C096,Cafetería La Familia 096,Cafetería,Piura,Norte,Tienda,María Torres,GRA-03,Maca en polvo 250 g,Granos andinos,Agroandina del Sur SAC,12,17.0,0,204.0,112.2,91.8,Pagado,Tarjeta
P10155,2025-01-22,1,C096,Cafetería La Familia 096,Cafetería,Piura,Norte,Tienda,María Torres,GRA-01,Quinua blanca 1 kg,Granos andinos,Agroandina del Sur SAC,11,14.5,0.02,156.31,105.27,51.04,Pagado,Tarjeta
P10168,2025-01-22,1,C054,Bodega Nueva Era 054,Bodega,Lima,Lima,Tienda,Ana Quispe,SNA-04,Maní salado 200 g x 12,Snacks,Snacks Costa Azul EIRL,12,30.0,0.02,352.8,223.2,129.6,Pagado,Transferencia
P10178,2025-01-22,1,C010,Restaurante Los Andes 010,Restaurante,Lima,Lima,Tienda,Rodrigo Salas,HAR-03,Fideo tallarín 1 kg,Harinas y pastas,Molinos Valle Verde SA,10,7.2,0.121,63.29,51.8,11.49,Pagado,Yape
P10178,2025-01-22,1,C010,Restaurante Los Andes 010,Restaurante,Lima,Lima,Tienda,Rodrigo Salas,SNA-02,Chifles 150 g x 10,Snacks,Snacks Costa Azul EIRL,6,28.0,0.105,150.36,97.44,52.92,Pagado,Transferencia
P10037,2025-01-23,1,C091,Cafetería El Puerto 091,Cafetería,Chiclayo,Norte,Tienda,María Torres,HAR-05,Sémola 500 g,Harinas y pastas,Molinos Valle Verde SA,11,4.1,0.05,42.84,31.57,11.27,Pagado,Transferencia
P10080,2025-01-23,1,C136,Bodega El Ahorro 136,Bodega,Huánuco,Centro,Tienda,Rosa Ccori,GRA-04,Chía 500 g,Granos andinos,Agroandina del Sur SAC,8,13.0,0,104.0,66.56,37.44,Pagado,Tarjeta
P10117,2025-01-23,1,C140,Minimarket San Pedro 140,Minimarket,Huancayo,Centro,Tienda,Rosa Ccori,LIM-02,Lejía 4 L,Limpieza,Limpieza Total Perú SAC,9,9.8,0,88.2,58.23,29.97,Pagado,Yape
P10130,2025-01-23,1,C041,Bodega Santa Rosa 041,Bodega,Lima,Lima,Tienda,Rodrigo Salas,BEB-01,Agua mineral 625 ml x 15,Bebidas,Bebidas Norte Pacífico SAC,8,18.0,0.163,120.53,89.28,31.25,Pagado,Plin
P10161,2025-01-23,1,C098,Empresa Pachamama 098,Empresa,Trujillo,Norte,Tienda,María Torres,LIM-02,Lejía 4 L,Limpieza,Limpieza Total Perú SAC,3,9.8,0,29.4,19.41,9.99,Pagado,Transferencia
P10176,2025-01-23,1,C092,Cafetería El Progreso 092,Cafetería,Chiclayo,Norte,Tienda,María Torres,BEB-01,Agua mineral 625 ml x 15,Bebidas,Bebidas Norte Pacífico SAC,11,18.0,0.03,192.06,122.76,69.3,Pagado,Transferencia
P10176,2025-01-23,1,C092,Cafetería El Progreso 092,Cafetería,Chiclayo,Norte,Tienda,María Torres,BEB-05,Té helado 500 ml x 12,Bebidas,Bebidas Norte Pacífico SAC,4,29.0,0,116.0,70.76,45.24,Pagado,Yape
P10176,2025-01-23,1,C092,Cafetería El Progreso 092,Cafetería,Chiclayo,Norte,Tienda,María Torres,GRA-03,Maca en polvo 250 g,Granos andinos,Agroandina del Sur SAC,8,17.0,0,136.0,74.8,61.2,Pagado,Tarjeta
P10182,2025-01-23,1,C067,Bodega Las Flores 067,Bodega,Lima,Lima,Tienda,Rodrigo Salas,GRA-02,Kiwicha pop 300 g,Granos andinos,Agroandina del Sur SAC,8,8.9,0.172,58.95,43.44,15.51,Pagado,Transferencia
P10182,2025-01-23,1,C067,Bodega Las Flores 067,Bodega,Lima,Lima,Tienda,Rodrigo Salas,SNA-02,Chifles 150 g x 10,Snacks,Snacks Costa Azul EIRL,8,28.0,0.136,193.54,129.92,63.62,Pagado,Yape
P10089,2025-01-24,1,C128,Empresa Primavera 128,Empresa,Huancayo,Centro,Tienda,Rosa Ccori,HAR-02,Fideo spaghetti 500 g,Harinas y pastas,Molinos Valle Verde SA,3,3.9,0,11.7,8.31,3.39,Pagado,Efectivo
P10089,2025-01-24,1,C128,Empresa Primavera 128,Empresa,Huancayo,Centro,Tienda,Rosa Ccori,HAR-05,Sémola 500 g,Harinas y pastas,Molinos Valle Verde SA,11,4.1,0,45.1,31.57,13.53,Pagado,Plin
P10096,2025-01-24,1,C074,Empresa Santa Rosa 074,Empresa,Piura,Norte,Tienda,María Torres,SNA-01,Papas nativas 120 g x 10,Snacks,Snacks Costa Azul EIRL,12,35.0,0.05,399.0,252.0,147.0,Pagado,Transferencia
P10096,2025-01-24,1,C074,Empresa Santa Rosa 074,Empresa,Piura,Norte,Tienda,María Torres,CAF-01,Café tostado molido 500 g,Café y cacao,Café Selva Central SAC,5,24.0,0,120.0,69.6,50.4,Pagado,Yape
P10111,2025-01-24,1,C083,Bodega Mi Perú 083,Bodega,Piura,Norte,Tienda,María Torres,LIM-03,Lavavajilla 900 g,Limpieza,Limpieza Total Perú SAC,7,8.2,0,57.4,36.75,20.65,Vencido,Transferencia
P10154,2025-01-24,1,C004,Bodega San Pedro 004,Bodega,Lima,Lima,Online,Ana Quispe,SNA-03,Galletas de avena x 24,Snacks,Snacks Costa Azul EIRL,11,22.0,0,242.0,157.3,84.7,Pagado,Efectivo
P10154,2025-01-24,1,C004,Bodega San Pedro 004,Bodega,Lima,Lima,Online,Ana Quispe,SNA-03,Galletas de avena x 24,Snacks,Snacks Costa Azul EIRL,5,22.0,0,110.0,71.5,38.5,Pagado,Yape
P10095,2025-01-25,1,C009,Minimarket La Esperanza 009,Minimarket,Lima,Lima,Tienda,Luis Paredes,BEB-02,Gaseosa 3 L x 4,Bebidas,Bebidas Norte Pacífico SAC,6,32.0,0.03,186.24,130.56,55.68,Pagado,Yape
P10095,2025-01-25,1,C009,Minimarket La Esperanza 009,Minimarket,Lima,Lima,Tienda,Luis Paredes,BEB-01,Agua mineral 625 ml x 15,Bebidas,Bebidas Norte Pacífico SAC,10,18.0,0.05,171.0,111.6,59.4,Pagado,Transferencia
P10098,2025-01-25,1,C020,Bodega Santa Rosa 020,Bodega,Lima,Lima,Tienda,Rodrigo Salas,SNA-03,Galletas de avena x 24,Snacks,Snacks Costa Azul EIRL,11,22.0,0.13,210.54,157.3,53.24,Pagado,Transferencia
P10098,2025-01-25,1,C020,Bodega Santa Rosa 020,Bodega,Lima,Lima,Tienda,Rodrigo Salas,CAF-05,Café instantáneo 200 g,Café y cacao,Café Selva Central SAC,8,21.0,0.16,141.12,105.84,35.28,Pagado,Transferencia
P10141,2025-01-25,1,C123,Minimarket La Victoria 123,Minimarket,Tacna,Sur,Tienda,Jorge Huamán,BEB-01,Agua mineral 625 ml x 15,Bebidas,Bebidas Norte Pacífico SAC,7,18.0,0.03,122.22,78.12,44.1,Pagado,Transferencia
P10141,2025-01-25,1,C123,Minimarket La Victoria 123,Minimarket,Tacna,Sur,Tienda,Jorge Huamán,SNA-01,Papas nativas 120 g x 10,Snacks,Snacks Costa Azul EIRL,8,35.0,0,280.0,168.0,112.0,Pagado,Plin
P10151,2025-01-25,1,C119,Bodega El Sol 119,Bodega,Cusco,Sur,Tienda,Jorge Huamán,GRA-04,Chía 500 g,Granos andinos,Agroandina del Sur SAC,9,13.0,0,117.0,74.88,42.12,Pagado,Transferencia
P10151,2025-01-25,1,C119,Bodega El Sol 119,Bodega,Cusco,Sur,Tienda,Jorge Huamán,CAF-05,Café instantáneo 200 g,Café y cacao,Café Selva Central SAC,3,21.0,0,63.0,39.69,23.31,Pagado,Transferencia
P10035,2025-01-26,1,C068,Minimarket San Pedro 068,Minimarket,Lima,Lima,Tienda,Rodrigo Salas,SNA-03,Galletas de avena x 24,Snacks,Snacks Costa Azul EIRL,11,22.0,0.179,198.68,157.3,41.38,Pagado,Yape
P10035,2025-01-26,1,C068,Minimarket San Pedro 068,Minimarket,Lima,Lima,Tienda,Rodrigo Salas,CAF-02,Café en grano 1 kg,Café y cacao,Café Selva Central SAC,2,46.0,0.171,76.27,52.44,23.83,Pagado,Tarjeta
P10048,2025-01-26,1,C031,Bodega El Ahorro 031,Bodega,Lima,Lima,Tienda,Rodrigo Salas,SNA-03,Galletas de avena x 24,Snacks,Snacks Costa Azul EIRL,12,22.0,0.155,223.08,171.6,51.48,Pagado,Efectivo
P10048,2025-01-26,1,C031,Bodega El Ahorro 031,Bodega,Lima,Lima,Tienda,Rodrigo Salas,CAF-04,Chocolate para taza 180 g,Café y cacao,Café Selva Central SAC,8,9.9,0.162,66.37,49.12,17.25,Pagado,Plin
P10058,2025-01-26,1,C129,Mayorista La Esperanza 129,Mayorista,Huánuco,Centro,Mayorista,Rosa Ccori,GRA-01,Quinua blanca 1 kg,Granos andinos,Agroandina del Sur SAC,8,14.5,0.08,106.72,76.56,30.16,Pagado,Transferencia
P10079,2025-01-26,1,C110,Bodega La Esperanza 110,Bodega,Arequipa,Sur,Tienda,Jorge Huamán,LIM-02,Lejía 4 L,Limpieza,Limpieza Total Perú SAC,5,9.8,0,49.0,32.35,16.65,Pagado,Yape
P10079,2025-01-26,1,C110,Bodega La Esperanza 110,Bodega,Arequipa,Sur,Tienda,Jorge Huamán,CAF-03,Cacao en polvo 250 g,Café y cacao,Café Selva Central SAC,2,12.5,0.05,23.75,15.0,8.75,Pagado,Efectivo
P10088,2025-01-26,1,C118,Bodega El Sol 118,Bodega,Cusco,Sur,Tienda,Jorge Huamán,HAR-03,Fideo tallarín 1 kg,Harinas y pastas,Molinos Valle Verde SA,8,7.2,0,57.6,41.44,16.16,Pagado,Yape
P10121,2025-01-26,1,C041,Bodega Santa Rosa 041,Bodega,Lima,Lima,Online,Rodrigo Salas,BEB-02,Gaseosa 3 L x 4,Bebidas,Bebidas Norte Pacífico SAC,9,32.0,0.169,239.33,195.84,43.49,Pagado,Efectivo
P10126,2025-01-26,1,C082,Bodega Mi Perú 082,Bodega,Piura,Norte,Tienda,María Torres,HAR-04,Harina preparada 1 kg,Harinas y pastas,Molinos Valle Verde SA,10,6.3,0,63.0,46.0,17.0,Pagado,Transferencia
P10137,2025-01-26,1,C115,Empresa El Puerto 115,Empresa,Arequipa,Sur,Tienda,Jorge Huamán,HAR-01,Harina sin preparar 1 kg,Harinas y pastas,Molinos Valle Verde SA,4,5.4,0,21.6,16.0,5.6,Pagado,Tarjeta
P10137,2025-01-26,1,C115,Empresa El Puerto 115,Empresa,Arequipa,Sur,Tienda,Jorge Huamán,LIM-04,Desinfectante 1.8 L,Limpieza,Limpieza Total Perú SAC,5,11.9,0,59.5,37.5,22.0,Pagado,Transferencia
P10137,2025-01-26,1,C115,Empresa El Puerto 115,Empresa,Arequipa,Sur,Tienda,Jorge Huamán,LIM-02,Lejía 4 L,Limpieza,Limpieza Total Perú SAC,12,9.8,0.03,114.07,77.64,36.43,Pagado,Yape
P10158,2025-01-26,1,C113,Mayorista El Sol 113,Mayorista,Cusco,Sur,Mayorista,Jorge Huamán,CAF-05,Café instantáneo 200 g,Café y cacao,Café Selva Central SAC,12,21.0,0.08,231.84,158.76,73.08,Pagado,Transferencia
P10158,2025-01-26,1,C113,Mayorista El Sol 113,Mayorista,Cusco,Sur,Mayorista,Jorge Huamán,HAR-05,Sémola 500 g,Harinas y pastas,Molinos Valle Verde SA,40,4.1,0.08,150.88,114.8,36.08,Pagado,Transferencia
P10165,2025-01-26,1,C060,Bodega El Sol 060,Bodega,Lima,Lima,Tienda,Ana Quispe,CAF-03,Cacao en polvo 250 g,Café y cacao,Café Selva Central SAC,4,12.5,0,50.0,30.0,20.0,Vencido,Plin
P10165,2025-01-26,1,C060,Bodega El Sol 060,Bodega,Lima,Lima,Tienda,Ana Quispe,LIM-01,Detergente 2 kg,Limpieza,Limpieza Total Perú SAC,12,19.5,0.02,229.32,161.4,67.92,Pagado,Efectivo
P10167,2025-01-26,1,C001,Minimarket El Progreso 001,Minimarket,Lima,Lima,Tienda,Rodrigo Salas,CAF-03,Cacao en polvo 250 g,Café y cacao,Café Selva Central SAC,8,12.5,0.124,87.6,60.0,27.6,Pagado,Transferencia
P10167,2025-01-26,1,C001,Minimarket El Progreso 001,Minimarket,Lima,Lima,Tienda,Rodrigo Salas,GRA-04,Chía 500 g,Granos andinos,Agroandina del Sur SAC,9,13.0,0.18,95.94,74.88,21.06,Pagado,Tarjeta
P10169,2025-01-26,1,C124,Minimarket Primavera 124,Minimarket,Cusco,Sur,Tienda,Jorge Huamán,CAF-04,Chocolate para taza 180 g,Café y cacao,Café Selva Central SAC,10,9.9,0.05,94.05,61.4,32.65,Pagado,Yape
P10169,2025-01-26,1,C124,Minimarket Primavera 124,Minimarket,Cusco,Sur,Tienda,Jorge Huamán,SNA-04,Maní salado 200 g x 12,Snacks,Snacks Costa Azul EIRL,5,30.0,0.05,142.5,93.0,49.5,Pagado,Transferencia
P10172,2025-01-26,1,C039,Cafetería El Progreso 039,Cafetería,Lima,Lima,WhatsApp,Luis Paredes,GRA-03,Maca en polvo 250 g,Granos andinos,Agroandina del Sur SAC,2,17.0,0.03,32.98,18.7,14.28,Pagado,Plin
P10175,2025-01-26,1,C081,Restaurante Las Flores 081,Restaurante,Chiclayo,Norte,Tienda,María Torres,GRA-05,Avena con quinua 900 g,Granos andinos,Agroandina del Sur SAC,10,11.5,0.03,111.55,77.1,34.45,Pagado,Tarjeta
P10025,2025-01-27,1,C030,Cafetería San Martín 030,Cafetería,Lima,Lima,Tienda,Luis Paredes,SNA-02,Chifles 150 g x 10,Snacks,Snacks Costa Azul EIRL,2,28.0,0.02,54.88,32.48,22.4,Pagado,Yape
P10084,2025-01-27,1,C085,Minimarket Virgen de Fátima 085,Minimarket,Chiclayo,Norte,Tienda,María Torres,SNA-01,Papas nativas 120 g x 10,Snacks,Snacks Costa Azul EIRL,10,35.0,0.05,332.5,210.0,122.5,Pagado,Yape
P10103,2025-01-27,1,C126,Restaurante La Familia 126,Restaurante,Arequipa,Sur,Tienda,Jorge Huamán,GRA-01,Quinua blanca 1 kg,Granos andinos,Agroandina del Sur SAC,11,14.5,0.02,156.31,105.27,51.04,Pagado,Plin
P10109,2025-01-27,1,C059,Bodega Santa Rosa 059,Bodega,Lima,Lima,Tienda,Rodrigo Salas,GRA-02,Kiwicha pop 300 g,Granos andinos,Agroandina del Sur SAC,2,8.9,0.1,16.02,10.86,5.16,Pagado,Yape
P10110,2025-01-27,1,C026,Bodega Mi Perú 026,Bodega,Lima,Lima,Tienda,Luis Paredes,HAR-02,Fideo spaghetti 500 g,Harinas y pastas,Molinos Valle Verde SA,9,3.9,0,35.1,24.93,10.17,Pagado,Efectivo
P10110,2025-01-27,1,C026,Bodega Mi Perú 026,Bodega,Lima,Lima,Tienda,Luis Paredes,HAR-02,Fideo spaghetti 500 g,Harinas y pastas,Molinos Valle Verde SA,4,3.9,0,15.6,11.08,4.52,Pagado,Efectivo
P10134,2025-01-27,1,C121,Bodega Don Lucho 121,Bodega,Arequipa,Sur,Tienda,Jorge Huamán,GRA-04,Chía 500 g,Granos andinos,Agroandina del Sur SAC,3,13.0,0.02,38.22,24.96,13.26,Pagado,Yape
P10027,2025-01-28,1,C002,Bodega Pachamama 002,Bodega,Lima,Lima,Tienda,Ana Quispe,CAF-04,Chocolate para taza 180 g,Café y cacao,Café Selva Central SAC,5,9.9,0.03,48.02,30.7,17.32,Pagado,Tarjeta
P10064,2025-01-28,1,C119,Bodega El Sol 119,Bodega,Cusco,Sur,Tienda,Jorge Huamán,HAR-05,Sémola 500 g,Harinas y pastas,Molinos Valle Verde SA,11,4.1,0,45.1,31.57,13.53,Pagado,Yape
P10064,2025-01-28,1,C119,Bodega El Sol 119,Bodega,Cusco,Sur,Tienda,Jorge Huamán,BEB-01,Agua mineral 625 ml x 15,Bebidas,Bebidas Norte Pacífico SAC,11,18.0,0,198.0,122.76,75.24,Pagado,Yape
P10120,2025-01-28,1,C132,Restaurante Nueva Era 132,Restaurante,Huánuco,Centro,Tienda,Rosa Ccori,CAF-05,Café instantáneo 200 g,Café y cacao,Café Selva Central SAC,8,21.0,0.03,162.96,105.84,57.12,Pagado,Transferencia
P10143,2025-01-28,1,C058,Restaurante La Familia 058,Restaurante,Lima,Lima,Tienda,Ana Quispe,GRA-02,Kiwicha pop 300 g,Granos andinos,Agroandina del Sur SAC,7,8.9,0.03,60.43,38.01,22.42,Pagado,Yape
P10143,2025-01-28,1,C058,Restaurante La Familia 058,Restaurante,Lima,Lima,Tienda,Ana Quispe,BEB-04,Bebida rehidratante 500 ml x 12,Bebidas,Bebidas Norte Pacífico SAC,6,33.0,0,198.0,124.74,73.26,Pagado,Efectivo
P10160,2025-01-28,1,C128,Empresa Primavera 128,Empresa,Huancayo,Centro,WhatsApp,Rosa Ccori,GRA-03,Maca en polvo 250 g,Granos andinos,Agroandina del Sur SAC,7,17.0,0.02,116.62,65.45,51.17,Pagado,Tarjeta
P10177,2025-01-28,1,C133,Empresa Las Flores 133,Empresa,Huánuco,Centro,Tienda,Rosa Ccori,GRA-01,Quinua blanca 1 kg,Granos andinos,Agroandina del Sur SAC,8,14.5,0.02,113.68,76.56,37.12,Pagado,Yape
P10177,2025-01-28,1,C133,Empresa Las Flores 133,Empresa,Huánuco,Centro,Tienda,Rosa Ccori,BEB-01,Agua mineral 625 ml x 15,Bebidas,Bebidas Norte Pacífico SAC,3,18.0,0.03,52.38,33.48,18.9,Pagado,Transferencia
P10235,2025-02-01,2,C053,Minimarket Don Lucho 053,Minimarket,Lima,Lima,Tienda,Rodrigo Salas,CAF-01,Café tostado molido 500 g,Café y cacao,Café Selva Central SAC,11,24.0,0.159,222.02,153.12,68.9,Pagado,Efectivo
P10235,2025-02-01,2,C053,Minimarket Don Lucho 053,Minimarket,Lima,Lima,Tienda,Rodrigo Salas,BEB-04,Bebida rehidratante 500 ml x 12,Bebidas,Bebidas Norte Pacífico SAC,5,33.0,0.147,140.75,103.95,36.8,Pagado,Tarjeta
P10275,2025-02-01,2,C061,Empresa Inti 061,Empresa,Lima,Lima,Tienda,Ana Quispe,GRA-03,Maca en polvo 250 g,Granos andinos,Agroandina del Sur SAC,2,17.0,0.02,33.32,18.7,14.62,Pagado,Yape
P10275,2025-02-01,2,C061,Empresa Inti 061,Empresa,Lima,Lima,Tienda,Ana Quispe,CAF-05,Café instantáneo 200 g,Café y cacao,Café Selva Central SAC,10,21.0,0.02,205.8,132.3,73.5,Pagado,Transferencia
P10290,2025-02-01,2,C047,Restaurante Primavera 047,Restaurante,Lima,Lima,Tienda,Rodrigo Salas,HAR-04,Harina preparada 1 kg,Harinas y pastas,Molinos Valle Verde SA,8,6.3,0.171,41.78,36.8,4.98,Pagado,Yape
P10290,2025-02-01,2,C047,Restaurante Primavera 047,Restaurante,Lima,Lima,Tienda,Rodrigo Salas,LIM-03,Lavavajilla 900 g,Limpieza,Limpieza Total Perú SAC,6,8.2,0.105,44.03,31.5,12.53,Pagado,Efectivo
P10292,2025-02-01,2,C068,Minimarket San Pedro 068,Minimarket,Lima,Lima,Tienda,Luis Paredes,HAR-03,Fideo tallarín 1 kg,Harinas y pastas,Molinos Valle Verde SA,3,7.2,0,21.6,15.54,6.06,Pagado,Efectivo
P10292,2025-02-01,2,C068,Minimarket San Pedro 068,Minimarket,Lima,Lima,Tienda,Luis Paredes,SNA-04,Maní salado 200 g x 12,Snacks,Snacks Costa Azul EIRL,3,30.0,0.03,87.3,55.8,31.5,Pagado,Transferencia
P10237,2025-02-02,2,C132,Restaurante Nueva Era 132,Restaurante,Huánuco,Centro,Tienda,Rosa Ccori,BEB-03,Néctar de durazno 1 L x 6,Bebidas,Bebidas Norte Pacífico SAC,6,27.0,0.02,158.76,103.68,55.08,Pagado,Efectivo
P10237,2025-02-02,2,C132,Restaurante Nueva Era 132,Restaurante,Huánuco,Centro,Tienda,Rosa Ccori,HAR-02,Fideo spaghetti 500 g,Harinas y pastas,Molinos Valle Verde SA,11,3.9,0.05,40.75,30.47,10.28,Pagado,Transferencia
P10263,2025-02-02,2,C018,Bodega La Familia 018,Bodega,Lima,Lima,Tienda,Ana Quispe,GRA-04,Chía 500 g,Granos andinos,Agroandina del Sur SAC,4,13.0,0,52.0,33.28,18.72,Pagado,Transferencia
P10263,2025-02-02,2,C018,Bodega La Familia 018,Bodega,Lima,Lima,Tienda,Ana Quispe,CAF-01,Café tostado molido 500 g,Café y cacao,Café Selva Central SAC,5,24.0,0,120.0,69.6,50.4,Pagado,Tarjeta
P10263,2025-02-02,2,C018,Bodega La Familia 018,Bodega,Lima,Lima,Tienda,Ana Quispe,BEB-03,Néctar de durazno 1 L x 6,Bebidas,Bebidas Norte Pacífico SAC,3,27.0,0.02,79.38,51.84,27.54,Pagado,Efectivo
P10291,2025-02-02,2,C040,Minimarket La Esperanza 040,Minimarket,Lima,Lima,Tienda,Ana Quispe,LIM-05,Jabón de tocador x 3,Limpieza,Limpieza Total Perú SAC,9,6.5,0.02,57.33,39.24,18.09,Pagado,Transferencia
P10311,2025-02-02,2,C109,Bodega Los Andes 109,Bodega,Tacna,Sur,Tienda,Jorge Huamán,BEB-04,Bebida rehidratante 500 ml x 12,Bebidas,Bebidas Norte Pacífico SAC,9,33.0,0.03,288.09,187.11,100.98,Pagado,Yape
P10225,2025-02-03,2,C108,Bodega El Sol 108,Bodega,Tacna,Sur,Tienda,Jorge Huamán,LIM-03,Lavavajilla 900 g,Limpieza,Limpieza Total Perú SAC,2,8.2,0.02,16.07,10.5,5.57,Pagado,Tarjeta
P10225,2025-02-03,2,C108,Bodega El Sol 108,Bodega,Tacna,Sur,Tienda,Jorge Huamán,GRA-02,Kiwicha pop 300 g,Granos andinos,Agroandina del Sur SAC,12,8.9,0.02,104.66,65.16,39.5,Pagado,Transferencia
P10225,2025-02-03,2,C108,Bodega El Sol 108,Bodega,Tacna,Sur,Tienda,Jorge Huamán,BEB-03,Néctar de durazno 1 L x 6,Bebidas,Bebidas Norte Pacífico SAC,4,27.0,0,108.0,69.12,38.88,Pagado,Transferencia
P10241,2025-02-03,2,C023,Bodega El Sol 023,Bodega,Lima,Lima,Tienda,Luis Paredes,GRA-01,Quinua blanca 1 kg,Granos andinos,Agroandina del Sur SAC,9,14.5,0,130.5,86.13,44.37,Pagado,Efectivo
P10285,2025-02-03,2,C064,Restaurante La Victoria 064,Restaurante,Lima,Lima,Tienda,Ana Quispe,LIM-04,Desinfectante 1.8 L,Limpieza,Limpieza Total Perú SAC,3,11.9,0.02,34.99,22.5,12.49,Pagado,Tarjeta
P10285,2025-02-03,2,C064,Restaurante La Victoria 064,Restaurante,Lima,Lima,Tienda,Ana Quispe,CAF-01,Café tostado molido 500 g,Café y cacao,Café Selva Central SAC,11,24.0,0.02,258.72,153.12,105.6,Pagado,Yape
P10346,2025-02-03,2,C076,Bodega El Trébol 076,Bodega,Chiclayo,Norte,WhatsApp,María Torres,GRA-02,Kiwicha pop 300 g,Granos andinos,Agroandina del Sur SAC,9,8.9,0.02,78.5,48.87,29.63,Pagado,Yape
P10346,2025-02-03,2,C076,Bodega El Trébol 076,Bodega,Chiclayo,Norte,WhatsApp,María Torres,GRA-03,Maca en polvo 250 g,Granos andinos,Agroandina del Sur SAC,3,17.0,0.03,49.47,28.05,21.42,Pagado,Yape
P10191,2025-02-04,2,C073,Minimarket Don Lucho 073,Minimarket,Trujillo,Norte,Tienda,María Torres,GRA-02,Kiwicha pop 300 g,Granos andinos,Agroandina del Sur SAC,3,8.9,0,26.7,16.29,10.41,Pagado,Transferencia
P10191,2025-02-04,2,C073,Minimarket Don Lucho 073,Minimarket,Trujillo,Norte,Tienda,María Torres,CAF-03,Cacao en polvo 250 g,Café y cacao,Café Selva Central SAC,10,12.5,0.05,118.75,75.0,43.75,Pagado,Transferencia
P10192,2025-02-04,2,C110,Bodega La Esperanza 110,Bodega,Arequipa,Sur,Tienda,Jorge Huamán,BEB-04,Bebida rehidratante 500 ml x 12,Bebidas,Bebidas Norte Pacífico SAC,11,33.0,0,363.0,228.69,134.31,Pagado,Efectivo
P10230,2025-02-04,2,C128,Empresa Primavera 128,Empresa,Huancayo,Centro,Tienda,Rosa Ccori,CAF-03,Cacao en polvo 250 g,Café y cacao,Café Selva Central SAC,3,12.5,0.03,36.38,22.5,13.88,Pagado,Transferencia
P10230,2025-02-04,2,C128,Empresa Primavera 128,Empresa,Huancayo,Centro,Tienda,Rosa Ccori,GRA-03,Maca en polvo 250 g,Granos andinos,Agroandina del Sur SAC,9,17.0,0.02,149.94,84.15,65.79,Pagado,Efectivo
P10244,2025-02-04,2,C025,Minimarket Don Lucho 025,Minimarket,Lima,Lima,Tienda,Ana Quispe,LIM-01,Detergente 2 kg,Limpieza,Limpieza Total Perú SAC,11,19.5,0,214.5,147.95,66.55,Pagado,Yape
P10244,2025-02-04,2,C025,Minimarket Don Lucho 025,Minimarket,Lima,Lima,Tienda,Ana Quispe,BEB-03,Néctar de durazno 1 L x 6,Bebidas,Bebidas Norte Pacífico SAC,3,27.0,0,81.0,51.84,29.16,Pagado,Yape
P10244,2025-02-04,2,C025,Minimarket Don Lucho 025,Minimarket,Lima,Lima,Tienda,Ana Quispe,HAR-01,Harina sin preparar 1 kg,Harinas y pastas,Molinos Valle Verde SA,10,5.4,0.02,52.92,40.0,12.92,Pagado,Tarjeta
P10246,2025-02-04,2,C048,Cafetería Inti 048,Cafetería,Lima,Lima,Tienda,Luis Paredes,BEB-04,Bebida rehidratante 500 ml x 12,Bebidas,Bebidas Norte Pacífico SAC,5,33.0,0.05,156.75,103.95,52.8,Pagado,Yape
P10246,2025-02-04,2,C048,Cafetería Inti 048,Cafetería,Lima,Lima,Tienda,Luis Paredes,LIM-05,Jabón de tocador x 3,Limpieza,Limpieza Total Perú SAC,7,6.5,0.03,44.13,30.52,13.61,Vencido,Yape
P10246,2025-02-04,2,C048,Cafetería Inti 048,Cafetería,Lima,Lima,Tienda,Luis Paredes,CAF-04,Chocolate para taza 180 g,Café y cacao,Café Selva Central SAC,7,9.9,0,69.3,42.98,26.32,Pagado,Plin
P10273,2025-02-04,2,C090,Minimarket La Esperanza 090,Minimarket,Piura,Norte,Tienda,María Torres,CAF-01,Café tostado molido 500 g,Café y cacao,Café Selva Central SAC,5,24.0,0.02,117.6,69.6,48.0,Pagado,Yape
P10202,2025-02-05,2,C090,Minimarket La Esperanza 090,Minimarket,Piura,Norte,Tienda,María Torres,BEB-05,Té helado 500 ml x 12,Bebidas,Bebidas Norte Pacífico SAC,2,29.0,0.03,56.26,35.38,20.88,Pagado,Transferencia
P10282,2025-02-05,2,C018,Bodega La Familia 018,Bodega,Lima,Lima,Tienda,Ana Quispe,BEB-05,Té helado 500 ml x 12,Bebidas,Bebidas Norte Pacífico SAC,9,29.0,0.02,255.78,159.21,96.57,Pagado,Tarjeta
P10282,2025-02-05,2,C018,Bodega La Familia 018,Bodega,Lima,Lima,Tienda,Ana Quispe,HAR-03,Fideo tallarín 1 kg,Harinas y pastas,Molinos Valle Verde SA,10,7.2,0,72.0,51.8,20.2,Pagado,Transferencia
P10308,2025-02-05,2,C014,Minimarket San Pedro 014,Minimarket,Lima,Lima,Tienda,Ana Quispe,LIM-01,Detergente 2 kg,Limpieza,Limpieza Total Perú SAC,10,19.5,0.02,191.1,134.5,56.6,Pagado,Tarjeta
P10308,2025-02-05,2,C014,Minimarket San Pedro 014,Minimarket,Lima,Lima,Tienda,Ana Quispe,CAF-02,Café en grano 1 kg,Café y cacao,Café Selva Central SAC,9,46.0,0,414.0,235.98,178.02,Pagado,Tarjeta
P10308,2025-02-05,2,C014,Minimarket San Pedro 014,Minimarket,Lima,Lima,Tienda,Ana Quispe,CAF-04,Chocolate para taza 180 g,Café y cacao,Café Selva Central SAC,8,9.9,0,79.2,49.12,30.08,Pagado,Efectivo
P10322,2025-02-05,2,C056,Minimarket La Esperanza 056,Minimarket,Lima,Lima,Tienda,Rodrigo Salas,SNA-05,Camote frito 120 g x 10,Snacks,Snacks Costa Azul EIRL,9,31.0,0.169,231.85,164.61,67.24,Pagado,Yape
P10322,2025-02-05,2,C056,Minimarket La Esperanza 056,Minimarket,Lima,Lima,Tienda,Rodrigo Salas,LIM-04,Desinfectante 1.8 L,Limpieza,Limpieza Total Perú SAC,11,11.9,0.108,116.76,82.5,34.26,Pagado,Yape
P10187,2025-02-06,2,C070,Minimarket El Ahorro 070,Minimarket,Lima,Lima,Tienda,Ana Quispe,CAF-04,Chocolate para taza 180 g,Café y cacao,Café Selva Central SAC,2,9.9,0.02,19.4,12.28,7.12,Pagado,Yape
P10187,2025-02-06,2,C070,Minimarket El Ahorro 070,Minimarket,Lima,Lima,Tienda,Ana Quispe,CAF-01,Café tostado molido 500 g,Café y cacao,Café Selva Central SAC,3,24.0,0.05,68.4,41.76,26.64,Pagado,Tarjeta
P10206,2025-02-06,2,C115,Empresa El Puerto 115,Empresa,Arequipa,Sur,Tienda,Jorge Huamán,HAR-04,Harina preparada 1 kg,Harinas y pastas,Molinos Valle Verde SA,9,6.3,0.03,55.0,41.4,13.6,Pagado,Plin
P10206,2025-02-06,2,C115,Empresa El Puerto 115,Empresa,Arequipa,Sur,Tienda,Jorge Huamán,CAF-03,Cacao en polvo 250 g,Café y cacao,Café Selva Central SAC,9,12.5,0,112.5,67.5,45.0,Pagado,Transferencia
P10265,2025-02-06,2,C005,Minimarket Inti 005,Minimarket,Lima,Lima,Tienda,Rodrigo Salas,SNA-04,Maní salado 200 g x 12,Snacks,Snacks Costa Azul EIRL,10,30.0,0.149,255.3,186.0,69.3,Pagado,Yape
P10265,2025-02-06,2,C005,Minimarket Inti 005,Minimarket,Lima,Lima,Tienda,Rodrigo Salas,SNA-02,Chifles 150 g x 10,Snacks,Snacks Costa Azul EIRL,5,28.0,0.118,123.48,81.2,42.28,Vencido,Plin
P10286,2025-02-06,2,C011,Mayorista Pachamama 011,Mayorista,Lima,Lima,Mayorista,Luis Paredes,BEB-05,Té helado 500 ml x 12,Bebidas,Bebidas Norte Pacífico SAC,32,29.0,0.08,853.76,566.08,287.68,Pagado,Transferencia
P10286,2025-02-06,2,C011,Mayorista Pachamama 011,Mayorista,Lima,Lima,Mayorista,Luis Paredes,HAR-02,Fideo spaghetti 500 g,Harinas y pastas,Molinos Valle Verde SA,40,3.9,0.08,143.52,110.8,32.72,Pagado,Transferencia
P10301,2025-02-06,2,C066,Empresa La Esperanza 066,Empresa,Lima,Lima,Tienda,Luis Paredes,LIM-05,Jabón de tocador x 3,Limpieza,Limpieza Total Perú SAC,7,6.5,0.02,44.59,30.52,14.07,Vencido,Tarjeta
P10312,2025-02-06,2,C106,Cafetería El Progreso 106,Cafetería,Cusco,Sur,Tienda,Jorge Huamán,GRA-05,Avena con quinua 900 g,Granos andinos,Agroandina del Sur SAC,12,11.5,0,138.0,92.52,45.48,Pagado,Yape
P10312,2025-02-06,2,C106,Cafetería El Progreso 106,Cafetería,Cusco,Sur,Tienda,Jorge Huamán,HAR-05,Sémola 500 g,Harinas y pastas,Molinos Valle Verde SA,5,4.1,0.03,19.88,14.35,5.53,Pagado,Transferencia
P10194,2025-02-07,2,C076,Bodega El Trébol 076,Bodega,Chiclayo,Norte,Tienda,María Torres,LIM-03,Lavavajilla 900 g,Limpieza,Limpieza Total Perú SAC,5,8.2,0.05,38.95,26.25,12.7,Pagado,Yape
P10194,2025-02-07,2,C076,Bodega El Trébol 076,Bodega,Chiclayo,Norte,Tienda,María Torres,CAF-02,Café en grano 1 kg,Café y cacao,Café Selva Central SAC,3,46.0,0.05,131.1,78.66,52.44,Pagado,Plin
P10194,2025-02-07,2,C076,Bodega El Trébol 076,Bodega,Chiclayo,Norte,Tienda,María Torres,GRA-04,Chía 500 g,Granos andinos,Agroandina del Sur SAC,6,13.0,0,78.0,49.92,28.08,Pagado,Plin
P10209,2025-02-07,2,C121,Bodega Don Lucho 121,Bodega,Arequipa,Sur,Tienda,Jorge Huamán,LIM-05,Jabón de tocador x 3,Limpieza,Limpieza Total Perú SAC,7,6.5,0.05,43.23,30.52,12.71,Pagado,Tarjeta
P10238,2025-02-07,2,C073,Minimarket Don Lucho 073,Minimarket,Trujillo,Norte,Tienda,María Torres,HAR-03,Fideo tallarín 1 kg,Harinas y pastas,Molinos Valle Verde SA,6,7.2,0.05,41.04,31.08,9.96,Pagado,Plin
P10238,2025-02-07,2,C073,Minimarket Don Lucho 073,Minimarket,Trujillo,Norte,Tienda,María Torres,HAR-04,Harina preparada 1 kg,Harinas y pastas,Molinos Valle Verde SA,11,6.3,0.03,67.22,50.6,16.62,Pagado,Transferencia
P10238,2025-02-07,2,C073,Minimarket Don Lucho 073,Minimarket,Trujillo,Norte,Tienda,María Torres,SNA-02,Chifles 150 g x 10,Snacks,Snacks Costa Azul EIRL,8,28.0,0.02,219.52,129.92,89.6,Pagado,Transferencia
P10309,2025-02-07,2,C022,Empresa La Familia 022,Empresa,Lima,Lima,Tienda,Luis Paredes,SNA-05,Camote frito 120 g x 10,Snacks,Snacks Costa Azul EIRL,12,31.0,0.02,364.56,219.48,145.08,Pagado,Plin
P10309,2025-02-07,2,C022,Empresa La Familia 022,Empresa,Lima,Lima,Tienda,Luis Paredes,HAR-03,Fideo tallarín 1 kg,Harinas y pastas,Molinos Valle Verde SA,9,7.2,0,64.8,46.62,18.18,Pagado,Transferencia
P10309,2025-02-07,2,C022,Empresa La Familia 022,Empresa,Lima,Lima,Tienda,Luis Paredes,HAR-05,Sémola 500 g,Harinas y pastas,Molinos Valle Verde SA,6,4.1,0.05,23.37,17.22,6.15,Pagado,Efectivo
P10331,2025-02-07,2,C005,Minimarket Inti 005,Minimarket,Lima,Lima,Tienda,Luis Paredes,HAR-02,Fideo spaghetti 500 g,Harinas y pastas,Molinos Valle Verde SA,5,3.9,0,19.5,13.85,5.65,Pagado,Plin
P10331,2025-02-07,2,C005,Minimarket Inti 005,Minimarket,Lima,Lima,Tienda,Luis Paredes,CAF-01,Café tostado molido 500 g,Café y cacao,Café Selva Central SAC,3,24.0,0,72.0,41.76,30.24,Pagado,Plin
P10344,2025-02-07,2,C099,Restaurante Los Andes 099,Restaurante,Cusco,Sur,Tienda,Jorge Huamán,HAR-05,Sémola 500 g,Harinas y pastas,Molinos Valle Verde SA,6,4.1,0.05,23.37,17.22,6.15,Pagado,Plin
P10344,2025-02-07,2,C099,Restaurante Los Andes 099,Restaurante,Cusco,Sur,Tienda,Jorge Huamán,HAR-01,Harina sin preparar 1 kg,Harinas y pastas,Molinos Valle Verde SA,3,5.4,0,16.2,12.0,4.2,Pagado,Tarjeta
P10344,2025-02-07,2,C099,Restaurante Los Andes 099,Restaurante,Cusco,Sur,Tienda,Jorge Huamán,LIM-01,Detergente 2 kg,Limpieza,Limpieza Total Perú SAC,7,19.5,0,136.5,94.15,42.35,Pagado,Yape
P10213,2025-02-08,2,C063,Restaurante Don Lucho 063,Restaurante,Lima,Lima,Tienda,Luis Paredes,CAF-02,Café en grano 1 kg,Café y cacao,Café Selva Central SAC,9,46.0,0.02,405.72,235.98,169.74,Pagado,Plin
P10213,2025-02-08,2,C063,Restaurante Don Lucho 063,Restaurante,Lima,Lima,Tienda,Luis Paredes,BEB-01,Agua mineral 625 ml x 15,Bebidas,Bebidas Norte Pacífico SAC,11,18.0,0,198.0,122.76,75.24,Vencido,Yape
P10280,2025-02-08,2,C011,Mayorista Pachamama 011,Mayorista,Lima,Lima,Mayorista,Rodrigo Salas,BEB-03,Néctar de durazno 1 L x 6,Bebidas,Bebidas Norte Pacífico SAC,24,27.0,0.155,547.56,414.72,132.84,Pagado,Transferencia
P10280,2025-02-08,2,C011,Mayorista Pachamama 011,Mayorista,Lima,Lima,Mayorista,Rodrigo Salas,GRA-01,Quinua blanca 1 kg,Granos andinos,Agroandina del Sur SAC,44,14.5,0.137,550.59,421.08,129.51,Vencido,Transferencia
P10280,2025-02-08,2,C011,Mayorista Pachamama 011,Mayorista,Lima,Lima,Mayorista,Rodrigo Salas,CAF-02,Café en grano 1 kg,Café y cacao,Café Selva Central SAC,40,46.0,0.165,1536.4,1048.8,487.6,Vencido,Transferencia
P10299,2025-02-08,2,C010,Restaurante Los Andes 010,Restaurante,Lima,Lima,Tienda,Ana Quispe,GRA-01,Quinua blanca 1 kg,Granos andinos,Agroandina del Sur SAC,2,14.5,0.05,27.55,19.14,8.41,Pagado,Yape
P10307,2025-02-08,2,C014,Minimarket San Pedro 014,Minimarket,Lima,Lima,Tienda,Ana Quispe,CAF-05,Café instantáneo 200 g,Café y cacao,Café Selva Central SAC,12,21.0,0.03,244.44,158.76,85.68,Pagado,Yape
P10218,2025-02-09,2,C087,Restaurante El Ahorro 087,Restaurante,Trujillo,Norte,Tienda,María Torres,BEB-03,Néctar de durazno 1 L x 6,Bebidas,Bebidas Norte Pacífico SAC,2,27.0,0,54.0,34.56,19.44,Pagado,Yape
P10218,2025-02-09,2,C087,Restaurante El Ahorro 087,Restaurante,Trujillo,Norte,Tienda,María Torres,BEB-02,Gaseosa 3 L x 4,Bebidas,Bebidas Norte Pacífico SAC,6,32.0,0.02,188.16,130.56,57.6,Pagado,Yape
P10239,2025-02-09,2,C134,Bodega El Puerto 134,Bodega,Huancayo,Centro,Tienda,Rosa Ccori,SNA-04,Maní salado 200 g x 12,Snacks,Snacks Costa Azul EIRL,12,30.0,0.05,342.0,223.2,118.8,Pagado,Yape
P10239,2025-02-09,2,C134,Bodega El Puerto 134,Bodega,Huancayo,Centro,Tienda,Rosa Ccori,HAR-02,Fideo spaghetti 500 g,Harinas y pastas,Molinos Valle Verde SA,8,3.9,0,31.2,22.16,9.04,Pagado,Transferencia
P10254,2025-02-09,2,C025,Minimarket Don Lucho 025,Minimarket,Lima,Lima,Tienda,Rodrigo Salas,CAF-01,Café tostado molido 500 g,Café y cacao,Café Selva Central SAC,9,24.0,0.176,177.98,125.28,52.7,Vencido,Tarjeta
P10315,2025-02-09,2,C095,Bodega La Familia 095,Bodega,Piura,Norte,Tienda,María Torres,HAR-04,Harina preparada 1 kg,Harinas y pastas,Molinos Valle Verde SA,11,6.3,0,69.3,50.6,18.7,Vencido,Efectivo
P10315,2025-02-09,2,C095,Bodega La Familia 095,Bodega,Piura,Norte,Tienda,María Torres,BEB-02,Gaseosa 3 L x 4,Bebidas,Bebidas Norte Pacífico SAC,6,32.0,0.05,182.4,130.56,51.84,Pagado,Yape
P10315,2025-02-09,2,C095,Bodega La Familia 095,Bodega,Piura,Norte,Tienda,María Torres,HAR-03,Fideo tallarín 1 kg,Harinas y pastas,Molinos Valle Verde SA,9,7.2,0,64.8,46.62,18.18,Pagado,Yape
P10336,2025-02-09,2,C078,Bodega Inti 078,Bodega,Piura,Norte,WhatsApp,María Torres,GRA-04,Chía 500 g,Granos andinos,Agroandina del Sur SAC,2,13.0,0.05,24.7,16.64,8.06,Pagado,Yape
P10338,2025-02-09,2,C054,Bodega Nueva Era 054,Bodega,Lima,Lima,WhatsApp,Rodrigo Salas,CAF-03,Cacao en polvo 250 g,Café y cacao,Café Selva Central SAC,7,12.5,0.168,72.8,52.5,20.3,Pagado,Yape
P10201,2025-02-10,2,C104,Empresa La Esperanza 104,Empresa,Tacna,Sur,Tienda,Jorge Huamán,LIM-02,Lejía 4 L,Limpieza,Limpieza Total Perú SAC,7,9.8,0,68.6,45.29,23.31,Pagado,Yape
P10201,2025-02-10,2,C104,Empresa La Esperanza 104,Empresa,Tacna,Sur,Tienda,Jorge Huamán,HAR-05,Sémola 500 g,Harinas y pastas,Molinos Valle Verde SA,9,4.1,0,36.9,25.83,11.07,Pagado,Tarjeta
P10201,2025-02-10,2,C104,Empresa La Esperanza 104,Empresa,Tacna,Sur,Tienda,Jorge Huamán,LIM-05,Jabón de tocador x 3,Limpieza,Limpieza Total Perú SAC,8,6.5,0.03,50.44,34.88,15.56,Pagado,Yape
P10203,2025-02-10,2,C130,Restaurante San Pedro 130,Restaurante,Huancayo,Centro,Tienda,Rosa Ccori,GRA-04,Chía 500 g,Granos andinos,Agroandina del Sur SAC,4,13.0,0.02,50.96,33.28,17.68,Pagado,Tarjeta
P10203,2025-02-10,2,C130,Restaurante San Pedro 130,Restaurante,Huancayo,Centro,Tienda,Rosa Ccori,HAR-04,Harina preparada 1 kg,Harinas y pastas,Molinos Valle Verde SA,6,6.3,0.03,36.67,27.6,9.07,Pagado,Yape
P10203,2025-02-10,2,C130,Restaurante San Pedro 130,Restaurante,Huancayo,Centro,Tienda,Rosa Ccori,BEB-04,Bebida rehidratante 500 ml x 12,Bebidas,Bebidas Norte Pacífico SAC,12,33.0,0,396.0,249.48,146.52,Pagado,Transferencia
P10295,2025-02-10,2,C014,Minimarket San Pedro 014,Minimarket,Lima,Lima,Tienda,Ana Quispe,GRA-04,Chía 500 g,Granos andinos,Agroandina del Sur SAC,9,13.0,0,117.0,74.88,42.12,Pagado,Yape
P10300,2025-02-10,2,C104,Empresa La Esperanza 104,Empresa,Tacna,Sur,Tienda,Jorge Huamán,SNA-02,Chifles 150 g x 10,Snacks,Snacks Costa Azul EIRL,2,28.0,0.05,53.2,32.48,20.72,Pagado,Yape
P10189,2025-02-11,2,C068,Minimarket San Pedro 068,Minimarket,Lima,Lima,Tienda,Rodrigo Salas,BEB-02,Gaseosa 3 L x 4,Bebidas,Bebidas Norte Pacífico SAC,12,32.0,0.125,336.0,261.12,74.88,Vencido,Yape
P10189,2025-02-11,2,C068,Minimarket San Pedro 068,Minimarket,Lima,Lima,Tienda,Rodrigo Salas,BEB-03,Néctar de durazno 1 L x 6,Bebidas,Bebidas Norte Pacífico SAC,4,27.0,0.137,93.2,69.12,24.08,Pagado,Yape
P10189,2025-02-11,2,C068,Minimarket San Pedro 068,Minimarket,Lima,Lima,Tienda,Rodrigo Salas,CAF-01,Café tostado molido 500 g,Café y cacao,Café Selva Central SAC,10,24.0,0.154,203.04,139.2,63.84,Pagado,Yape
P10190,2025-02-11,2,C060,Bodega El Sol 060,Bodega,Lima,Lima,Tienda,Luis Paredes,BEB-03,Néctar de durazno 1 L x 6,Bebidas,Bebidas Norte Pacífico SAC,8,27.0,0.03,209.52,138.24,71.28,Pagado,Transferencia
P10190,2025-02-11,2,C060,Bodega El Sol 060,Bodega,Lima,Lima,Tienda,Luis Paredes,LIM-05,Jabón de tocador x 3,Limpieza,Limpieza Total Perú SAC,7,6.5,0.03,44.13,30.52,13.61,Pagado,Transferencia
P10219,2025-02-11,2,C110,Bodega La Esperanza 110,Bodega,Arequipa,Sur,Tienda,Jorge Huamán,LIM-04,Desinfectante 1.8 L,Limpieza,Limpieza Total Perú SAC,9,11.9,0.03,103.89,67.5,36.39,Pagado,Yape
P10219,2025-02-11,2,C110,Bodega La Esperanza 110,Bodega,Arequipa,Sur,Tienda,Jorge Huamán,BEB-01,Agua mineral 625 ml x 15,Bebidas,Bebidas Norte Pacífico SAC,5,18.0,0.02,88.2,55.8,32.4,Pagado,Transferencia
P10261,2025-02-11,2,C065,Bodega Virgen de Fátima 065,Bodega,Lima,Lima,Tienda,Luis Paredes,SNA-02,Chifles 150 g x 10,Snacks,Snacks Costa Azul EIRL,6,28.0,0.02,164.64,97.44,67.2,Pagado,Yape
P10261,2025-02-11,2,C065,Bodega Virgen de Fátima 065,Bodega,Lima,Lima,Tienda,Luis Paredes,GRA-03,Maca en polvo 250 g,Granos andinos,Agroandina del Sur SAC,5,17.0,0.02,83.3,46.75,36.55,Pagado,Tarjeta
P10261,2025-02-11,2,C065,Bodega Virgen de Fátima 065,Bodega,Lima,Lima,Tienda,Luis Paredes,BEB-05,Té helado 500 ml x 12,Bebidas,Bebidas Norte Pacífico SAC,12,29.0,0,348.0,212.28,135.72,Pagado,Plin
P10272,2025-02-11,2,C023,Bodega El Sol 023,Bodega,Lima,Lima,Tienda,Ana Quispe,LIM-05,Jabón de tocador x 3,Limpieza,Limpieza Total Perú SAC,12,6.5,0,78.0,52.32,25.68,Pagado,Efectivo
P10276,2025-02-11,2,C113,Mayorista El Sol 113,Mayorista,Cusco,Sur,Mayorista,Jorge Huamán,BEB-03,Néctar de durazno 1 L x 6,Bebidas,Bebidas Norte Pacífico SAC,8,27.0,0.08,198.72,138.24,60.48,Pagado,Transferencia
P10216,2025-02-12,2,C107,Minimarket Mi Perú 107,Minimarket,Cusco,Sur,Tienda,Jorge Huamán,CAF-05,Café instantáneo 200 g,Café y cacao,Café Selva Central SAC,6,21.0,0.05,119.7,79.38,40.32,Vencido,Efectivo
P10216,2025-02-12,2,C107,Minimarket Mi Perú 107,Minimarket,Cusco,Sur,Tienda,Jorge Huamán,HAR-01,Harina sin preparar 1 kg,Harinas y pastas,Molinos Valle Verde SA,11,5.4,0,59.4,44.0,15.4,Pagado,Tarjeta
P10216,2025-02-12,2,C107,Minimarket Mi Perú 107,Minimarket,Cusco,Sur,Tienda,Jorge Huamán,SNA-01,Papas nativas 120 g x 10,Snacks,Snacks Costa Azul EIRL,2,35.0,0.03,67.9,42.0,25.9,Pagado,Efectivo
P10278,2025-02-12,2,C016,Cafetería Primavera 016,Cafetería,Lima,Lima,Tienda,Rodrigo Salas,HAR-02,Fideo spaghetti 500 g,Harinas y pastas,Molinos Valle Verde SA,12,3.9,0.113,41.51,33.24,8.27,Vencido,Transferencia
P10278,2025-02-12,2,C016,Cafetería Primavera 016,Cafetería,Lima,Lima,Tienda,Rodrigo Salas,BEB-05,Té helado 500 ml x 12,Bebidas,Bebidas Norte Pacífico SAC,8,29.0,0.122,203.7,141.52,62.18,Pagado,Efectivo
P10310,2025-02-12,2,C020,Bodega Santa Rosa 020,Bodega,Lima,Lima,Tienda,Luis Paredes,GRA-01,Quinua blanca 1 kg,Granos andinos,Agroandina del Sur SAC,9,14.5,0.05,123.97,86.13,37.84,Vencido,Yape
P10310,2025-02-12,2,C020,Bodega Santa Rosa 020,Bodega,Lima,Lima,Tienda,Luis Paredes,HAR-05,Sémola 500 g,Harinas y pastas,Molinos Valle Verde SA,8,4.1,0.03,31.82,22.96,8.86,Pagado,Plin
P10347,2025-02-12,2,C019,Bodega Don Lucho 019,Bodega,Lima,Lima,Tienda,Luis Paredes,HAR-01,Harina sin preparar 1 kg,Harinas y pastas,Molinos Valle Verde SA,3,5.4,0.03,15.71,12.0,3.71,Pagado,Yape
P10347,2025-02-12,2,C019,Bodega Don Lucho 019,Bodega,Lima,Lima,Tienda,Luis Paredes,HAR-03,Fideo tallarín 1 kg,Harinas y pastas,Molinos Valle Verde SA,8,7.2,0.05,54.72,41.44,13.28,Pagado,Efectivo
P10347,2025-02-12,2,C019,Bodega Don Lucho 019,Bodega,Lima,Lima,Tienda,Luis Paredes,SNA-03,Galletas de avena x 24,Snacks,Snacks Costa Azul EIRL,6,22.0,0.02,129.36,85.8,43.56,Pagado,Plin
P10223,2025-02-13,2,C022,Empresa La Familia 022,Empresa,Lima,Lima,Tienda,Luis Paredes,LIM-02,Lejía 4 L,Limpieza,Limpieza Total Perú SAC,3,9.8,0.05,27.93,19.41,8.52,Pagado,Plin
P10223,2025-02-13,2,C022,Empresa La Familia 022,Empresa,Lima,Lima,Tienda,Luis Paredes,GRA-04,Chía 500 g,Granos andinos,Agroandina del Sur SAC,7,13.0,0,91.0,58.24,32.76,Pagado,Yape
P10223,2025-02-13,2,C022,Empresa La Familia 022,Empresa,Lima,Lima,Tienda,Luis Paredes,LIM-02,Lejía 4 L,Limpieza,Limpieza Total Perú SAC,12,9.8,0.05,111.72,77.64,34.08,Pagado,Tarjeta
P10231,2025-02-13,2,C121,Bodega Don Lucho 121,Bodega,Arequipa,Sur,Tienda,Jorge Huamán,LIM-05,Jabón de tocador x 3,Limpieza,Limpieza Total Perú SAC,3,6.5,0,19.5,13.08,6.42,Pagado,Transferencia
P10249,2025-02-13,2,C133,Empresa Las Flores 133,Empresa,Huánuco,Centro,Tienda,Rosa Ccori,LIM-05,Jabón de tocador x 3,Limpieza,Limpieza Total Perú SAC,8,6.5,0.03,50.44,34.88,15.56,Pagado,Tarjeta
P10249,2025-02-13,2,C133,Empresa Las Flores 133,Empresa,Huánuco,Centro,Tienda,Rosa Ccori,LIM-01,Detergente 2 kg,Limpieza,Limpieza Total Perú SAC,11,19.5,0.05,203.77,147.95,55.82,Pagado,Efectivo
P10267,2025-02-13,2,C057,Bodega La Victoria 057,Bodega,Lima,Lima,Tienda,Rodrigo Salas,CAF-03,Cacao en polvo 250 g,Café y cacao,Café Selva Central SAC,3,12.5,0.12,33.0,22.5,10.5,Pagado,Transferencia
P10267,2025-02-13,2,C057,Bodega La Victoria 057,Bodega,Lima,Lima,Tienda,Rodrigo Salas,SNA-02,Chifles 150 g x 10,Snacks,Snacks Costa Azul EIRL,3,28.0,0.152,71.23,48.72,22.51,Pagado,Tarjeta
P10313,2025-02-13,2,C095,Bodega La Familia 095,Bodega,Piura,Norte,Tienda,María Torres,GRA-04,Chía 500 g,Granos andinos,Agroandina del Sur SAC,10,13.0,0.03,126.1,83.2,42.9,Pagado,Tarjeta
P10328,2025-02-13,2,C073,Minimarket Don Lucho 073,Minimarket,Trujillo,Norte,Tienda,María Torres,SNA-02,Chifles 150 g x 10,Snacks,Snacks Costa Azul EIRL,10,28.0,0,280.0,162.4,117.6,Pagado,Tarjeta
P10214,2025-02-14,2,C138,Restaurante Las Flores 138,Restaurante,Huánuco,Centro,Tienda,Rosa Ccori,HAR-05,Sémola 500 g,Harinas y pastas,Molinos Valle Verde SA,6,4.1,0.03,23.86,17.22,6.64,Vencido,Yape
P10214,2025-02-14,2,C138,Restaurante Las Flores 138,Restaurante,Huánuco,Centro,Tienda,Rosa Ccori,LIM-05,Jabón de tocador x 3,Limpieza,Limpieza Total Perú SAC,11,6.5,0.05,67.92,47.96,19.96,Pagado,Transferencia
P10214,2025-02-14,2,C138,Restaurante Las Flores 138,Restaurante,Huánuco,Centro,Tienda,Rosa Ccori,CAF-04,Chocolate para taza 180 g,Café y cacao,Café Selva Central SAC,5,9.9,0.05,47.02,30.7,16.32,Vencido,Yape
P10228,2025-02-14,2,C071,Minimarket Santa Rosa 071,Minimarket,Chiclayo,Norte,Tienda,María Torres,LIM-03,Lavavajilla 900 g,Limpieza,Limpieza Total Perú SAC,2,8.2,0,16.4,10.5,5.9,Pagado,Yape
P10245,2025-02-14,2,C067,Bodega Las Flores 067,Bodega,Lima,Lima,Tienda,Luis Paredes,SNA-05,Camote frito 120 g x 10,Snacks,Snacks Costa Azul EIRL,5,31.0,0,155.0,91.45,63.55,Pagado,Transferencia
P10245,2025-02-14,2,C067,Bodega Las Flores 067,Bodega,Lima,Lima,Tienda,Luis Paredes,LIM-05,Jabón de tocador x 3,Limpieza,Limpieza Total Perú SAC,6,6.5,0,39.0,26.16,12.84,Pagado,Yape
P10245,2025-02-14,2,C067,Bodega Las Flores 067,Bodega,Lima,Lima,Tienda,Luis Paredes,LIM-03,Lavavajilla 900 g,Limpieza,Limpieza Total Perú SAC,12,8.2,0,98.4,63.0,35.4,Pagado,Yape
P10287,2025-02-14,2,C053,Minimarket Don Lucho 053,Minimarket,Lima,Lima,Tienda,Rodrigo Salas,GRA-04,Chía 500 g,Granos andinos,Agroandina del Sur SAC,10,13.0,0.141,111.67,83.2,28.47,Pagado,Transferencia
P10287,2025-02-14,2,C053,Minimarket Don Lucho 053,Minimarket,Lima,Lima,Tienda,Rodrigo Salas,GRA-02,Kiwicha pop 300 g,Granos andinos,Agroandina del Sur SAC,10,8.9,0.168,74.05,54.3,19.75,Pagado,Tarjeta
P10289,2025-02-14,2,C112,Minimarket La Familia 112,Minimarket,Cusco,Sur,WhatsApp,Jorge Huamán,LIM-02,Lejía 4 L,Limpieza,Limpieza Total Perú SAC,6,9.8,0.05,55.86,38.82,17.04,Pagado,Transferencia
P10316,2025-02-14,2,C021,Empresa Nueva Era 021,Empresa,Lima,Lima,Tienda,Rodrigo Salas,SNA-01,Papas nativas 120 g x 10,Snacks,Snacks Costa Azul EIRL,11,35.0,0.143,329.94,231.0,98.94,Pagado,Efectivo
P10335,2025-02-14,2,C039,Cafetería El Progreso 039,Cafetería,Lima,Lima,Tienda,Luis Paredes,BEB-02,Gaseosa 3 L x 4,Bebidas,Bebidas Norte Pacífico SAC,10,32.0,0.02,313.6,217.6,96.0,Pagado,Transferencia
P10335,2025-02-14,2,C039,Cafetería El Progreso 039,Cafetería,Lima,Lima,Tienda,Luis Paredes,LIM-01,Detergente 2 kg,Limpieza,Limpieza Total Perú SAC,2,19.5,0.02,38.22,26.9,11.32,Pagado,Yape
P10217,2025-02-15,2,C124,Minimarket Primavera 124,Minimarket,Cusco,Sur,Tienda,Jorge Huamán,LIM-01,Detergente 2 kg,Limpieza,Limpieza Total Perú SAC,5,19.5,0,97.5,67.25,30.25,Pagado,Yape
P10217,2025-02-15,2,C124,Minimarket Primavera 124,Minimarket,Cusco,Sur,Tienda,Jorge Huamán,GRA-04,Chía 500 g,Granos andinos,Agroandina del Sur SAC,10,13.0,0,130.0,83.2,46.8,Pagado,Yape
P10217,2025-02-15,2,C124,Minimarket Primavera 124,Minimarket,Cusco,Sur,Tienda,Jorge Huamán,BEB-04,Bebida rehidratante 500 ml x 12,Bebidas,Bebidas Norte Pacífico SAC,3,33.0,0.05,94.05,62.37,31.68,Pagado,Transferencia
P10226,2025-02-15,2,C113,Mayorista El Sol 113,Mayorista,Cusco,Sur,Mayorista,Jorge Huamán,GRA-04,Chía 500 g,Granos andinos,Agroandina del Sur SAC,48,13.0,0.08,574.08,399.36,174.72,Pagado,Transferencia
P10226,2025-02-15,2,C113,Mayorista El Sol 113,Mayorista,Cusco,Sur,Mayorista,Jorge Huamán,LIM-02,Lejía 4 L,Limpieza,Limpieza Total Perú SAC,24,9.8,0.08,216.38,155.28,61.1,Vencido,Transferencia
P10234,2025-02-15,2,C071,Minimarket Santa Rosa 071,Minimarket,Chiclayo,Norte,Tienda,María Torres,LIM-04,Desinfectante 1.8 L,Limpieza,Limpieza Total Perú SAC,9,11.9,0,107.1,67.5,39.6,Pagado,Yape
P10234,2025-02-15,2,C071,Minimarket Santa Rosa 071,Minimarket,Chiclayo,Norte,Tienda,María Torres,HAR-02,Fideo spaghetti 500 g,Harinas y pastas,Molinos Valle Verde SA,2,3.9,0,7.8,5.54,2.26,Pagado,Transferencia
P10236,2025-02-15,2,C117,Empresa Mi Perú 117,Empresa,Arequipa,Sur,Tienda,Jorge Huamán,GRA-01,Quinua blanca 1 kg,Granos andinos,Agroandina del Sur SAC,10,14.5,0,145.0,95.7,49.3,Pagado,Plin
P10236,2025-02-15,2,C117,Empresa Mi Perú 117,Empresa,Arequipa,Sur,Tienda,Jorge Huamán,BEB-03,Néctar de durazno 1 L x 6,Bebidas,Bebidas Norte Pacífico SAC,3,27.0,0.02,79.38,51.84,27.54,Pagado,Transferencia
P10258,2025-02-15,2,C065,Bodega Virgen de Fátima 065,Bodega,Lima,Lima,Online,Luis Paredes,GRA-03,Maca en polvo 250 g,Granos andinos,Agroandina del Sur SAC,11,17.0,0.02,183.26,102.85,80.41,Pagado,Transferencia
P10258,2025-02-15,2,C065,Bodega Virgen de Fátima 065,Bodega,Lima,Lima,Online,Luis Paredes,GRA-01,Quinua blanca 1 kg,Granos andinos,Agroandina del Sur SAC,7,14.5,0.05,96.42,66.99,29.43,Pagado,Transferencia
P10297,2025-02-15,2,C034,Minimarket San Martín 034,Minimarket,Lima,Lima,Tienda,Ana Quispe,GRA-04,Chía 500 g,Granos andinos,Agroandina del Sur SAC,6,13.0,0.03,75.66,49.92,25.74,Vencido,Yape
P10297,2025-02-15,2,C034,Minimarket San Martín 034,Minimarket,Lima,Lima,Tienda,Ana Quispe,SNA-04,Maní salado 200 g x 12,Snacks,Snacks Costa Azul EIRL,10,30.0,0,300.0,186.0,114.0,Pagado,Yape
P10314,2025-02-15,2,C049,Restaurante San Pedro 049,Restaurante,Lima,Lima,Tienda,Luis Paredes,LIM-01,Detergente 2 kg,Limpieza,Limpieza Total Perú SAC,3,19.5,0.05,55.57,40.35,15.22,Pagado,Efectivo
P10320,2025-02-15,2,C047,Restaurante Primavera 047,Restaurante,Lima,Lima,Tienda,Ana Quispe,LIM-04,Desinfectante 1.8 L,Limpieza,Limpieza Total Perú SAC,2,11.9,0.05,22.61,15.0,7.61,Pagado,Transferencia
P10320,2025-02-15,2,C047,Restaurante Primavera 047,Restaurante,Lima,Lima,Tienda,Ana Quispe,CAF-01,Café tostado molido 500 g,Café y cacao,Café Selva Central SAC,7,24.0,0.05,159.6,97.44,62.16,Pagado,Tarjeta
P10320,2025-02-15,2,C047,Restaurante Primavera 047,Restaurante,Lima,Lima,Tienda,Ana Quispe,BEB-05,Té helado 500 ml x 12,Bebidas,Bebidas Norte Pacífico SAC,12,29.0,0,348.0,212.28,135.72,Pagado,Tarjeta
P10188,2025-02-16,2,C136,Bodega El Ahorro 136,Bodega,Huánuco,Centro,Tienda,Rosa Ccori,SNA-01,Papas nativas 120 g x 10,Snacks,Snacks Costa Azul EIRL,12,35.0,0,420.0,252.0,168.0,Pagado,Plin
P10188,2025-02-16,2,C136,Bodega El Ahorro 136,Bodega,Huánuco,Centro,Tienda,Rosa Ccori,BEB-03,Néctar de durazno 1 L x 6,Bebidas,Bebidas Norte Pacífico SAC,8,27.0,0.03,209.52,138.24,71.28,Pagado,Tarjeta
P10212,2025-02-16,2,C083,Bodega Mi Perú 083,Bodega,Piura,Norte,WhatsApp,María Torres,LIM-03,Lavavajilla 900 g,Limpieza,Limpieza Total Perú SAC,11,8.2,0,90.2,57.75,32.45,Pagado,Transferencia
P10212,2025-02-16,2,C083,Bodega Mi Perú 083,Bodega,Piura,Norte,WhatsApp,María Torres,BEB-02,Gaseosa 3 L x 4,Bebidas,Bebidas Norte Pacífico SAC,6,32.0,0.03,186.24,130.56,55.68,Pagado,Transferencia
P10232,2025-02-16,2,C112,Minimarket La Familia 112,Minimarket,Cusco,Sur,Tienda,Jorge Huamán,GRA-01,Quinua blanca 1 kg,Granos andinos,Agroandina del Sur SAC,11,14.5,0,159.5,105.27,54.23,Pagado,Efectivo
P10270,2025-02-16,2,C130,Restaurante San Pedro 130,Restaurante,Huancayo,Centro,Tienda,Rosa Ccori,GRA-01,Quinua blanca 1 kg,Granos andinos,Agroandina del Sur SAC,5,14.5,0.02,71.05,47.85,23.2,Pagado,Tarjeta
P10270,2025-02-16,2,C130,Restaurante San Pedro 130,Restaurante,Huancayo,Centro,Tienda,Rosa Ccori,BEB-02,Gaseosa 3 L x 4,Bebidas,Bebidas Norte Pacífico SAC,8,32.0,0,256.0,174.08,81.92,Pagado,Transferencia
P10288,2025-02-16,2,C019,Bodega Don Lucho 019,Bodega,Lima,Lima,Tienda,Luis Paredes,SNA-02,Chifles 150 g x 10,Snacks,Snacks Costa Azul EIRL,5,28.0,0.05,133.0,81.2,51.8,Pagado,Tarjeta
P10288,2025-02-16,2,C019,Bodega Don Lucho 019,Bodega,Lima,Lima,Tienda,Luis Paredes,BEB-02,Gaseosa 3 L x 4,Bebidas,Bebidas Norte Pacífico SAC,6,32.0,0.05,182.4,130.56,51.84,Pagado,Transferencia
P10288,2025-02-16,2,C019,Bodega Don Lucho 019,Bodega,Lima,Lima,Tienda,Luis Paredes,GRA-05,Avena con quinua 900 g,Granos andinos,Agroandina del Sur SAC,8,11.5,0.03,89.24,61.68,27.56,Pagado,Tarjeta
P10293,2025-02-16,2,C128,Empresa Primavera 128,Empresa,Huancayo,Centro,Online,Rosa Ccori,LIM-05,Jabón de tocador x 3,Limpieza,Limpieza Total Perú SAC,12,6.5,0,78.0,52.32,25.68,Pagado,Transferencia
P10293,2025-02-16,2,C128,Empresa Primavera 128,Empresa,Huancayo,Centro,Online,Rosa Ccori,SNA-03,Galletas de avena x 24,Snacks,Snacks Costa Azul EIRL,5,22.0,0.05,104.5,71.5,33.0,Pagado,Plin
P10332,2025-02-16,2,C087,Restaurante El Ahorro 087,Restaurante,Trujillo,Norte,Tienda,María Torres,CAF-02,Café en grano 1 kg,Café y cacao,Café Selva Central SAC,8,46.0,0,368.0,209.76,158.24,Pagado,Transferencia
P10332,2025-02-16,2,C087,Restaurante El Ahorro 087,Restaurante,Trujillo,Norte,Tienda,María Torres,GRA-02,Kiwicha pop 300 g,Granos andinos,Agroandina del Sur SAC,9,8.9,0.02,78.5,48.87,29.63,Pagado,Yape
P10340,2025-02-16,2,C136,Bodega El Ahorro 136,Bodega,Huánuco,Centro,Tienda,Rosa Ccori,SNA-04,Maní salado 200 g x 12,Snacks,Snacks Costa Azul EIRL,11,30.0,0,330.0,204.6,125.4,Pagado,Transferencia
P10340,2025-02-16,2,C136,Bodega El Ahorro 136,Bodega,Huánuco,Centro,Tienda,Rosa Ccori,CAF-04,Chocolate para taza 180 g,Café y cacao,Café Selva Central SAC,2,9.9,0.05,18.81,12.28,6.53,Pagado,Yape
P10199,2025-02-17,2,C030,Cafetería San Martín 030,Cafetería,Lima,Lima,Tienda,Luis Paredes,CAF-05,Café instantáneo 200 g,Café y cacao,Café Selva Central SAC,10,21.0,0,210.0,132.3,77.7,Pagado,Yape
P10199,2025-02-17,2,C030,Cafetería San Martín 030,Cafetería,Lima,Lima,Tienda,Luis Paredes,CAF-01,Café tostado molido 500 g,Café y cacao,Café Selva Central SAC,10,24.0,0,240.0,139.2,100.8,Pagado,Transferencia
P10199,2025-02-17,2,C030,Cafetería San Martín 030,Cafetería,Lima,Lima,Tienda,Luis Paredes,BEB-04,Bebida rehidratante 500 ml x 12,Bebidas,Bebidas Norte Pacífico SAC,4,33.0,0,132.0,83.16,48.84,Pagado,Tarjeta
P10204,2025-02-17,2,C102,Mayorista El Progreso 102,Mayorista,Tacna,Sur,Mayorista,Jorge Huamán,GRA-03,Maca en polvo 250 g,Granos andinos,Agroandina del Sur SAC,40,17.0,0.08,625.6,374.0,251.6,Vencido,Transferencia
P10205,2025-02-17,2,C104,Empresa La Esperanza 104,Empresa,Tacna,Sur,Tienda,Jorge Huamán,GRA-02,Kiwicha pop 300 g,Granos andinos,Agroandina del Sur SAC,9,8.9,0,80.1,48.87,31.23,Pagado,Efectivo
P10205,2025-02-17,2,C104,Empresa La Esperanza 104,Empresa,Tacna,Sur,Tienda,Jorge Huamán,BEB-01,Agua mineral 625 ml x 15,Bebidas,Bebidas Norte Pacífico SAC,6,18.0,0.05,102.6,66.96,35.64,Pagado,Yape
P10243,2025-02-17,2,C094,Bodega Santa Rosa 094,Bodega,Trujillo,Norte,Tienda,María Torres,SNA-05,Camote frito 120 g x 10,Snacks,Snacks Costa Azul EIRL,10,31.0,0,310.0,182.9,127.1,Pagado,Transferencia
P10268,2025-02-17,2,C117,Empresa Mi Perú 117,Empresa,Arequipa,Sur,Tienda,Jorge Huamán,SNA-02,Chifles 150 g x 10,Snacks,Snacks Costa Azul EIRL,11,28.0,0,308.0,178.64,129.36,Pagado,Tarjeta
P10268,2025-02-17,2,C117,Empresa Mi Perú 117,Empresa,Arequipa,Sur,Tienda,Jorge Huamán,GRA-04,Chía 500 g,Granos andinos,Agroandina del Sur SAC,10,13.0,0.02,127.4,83.2,44.2,Pagado,Efectivo
P10268,2025-02-17,2,C117,Empresa Mi Perú 117,Empresa,Arequipa,Sur,Tienda,Jorge Huamán,BEB-05,Té helado 500 ml x 12,Bebidas,Bebidas Norte Pacífico SAC,7,29.0,0.05,192.85,123.83,69.02,Pagado,Transferencia
P10298,2025-02-17,2,C006,Bodega Mi Perú 006,Bodega,Lima,Lima,Tienda,Luis Paredes,CAF-03,Cacao en polvo 250 g,Café y cacao,Café Selva Central SAC,9,12.5,0,112.5,67.5,45.0,Pagado,Tarjeta
P10298,2025-02-17,2,C006,Bodega Mi Perú 006,Bodega,Lima,Lima,Tienda,Luis Paredes,SNA-05,Camote frito 120 g x 10,Snacks,Snacks Costa Azul EIRL,7,31.0,0.02,212.66,128.03,84.63,Pagado,Yape
P10318,2025-02-17,2,C078,Bodega Inti 078,Bodega,Piura,Norte,Tienda,María Torres,LIM-01,Detergente 2 kg,Limpieza,Limpieza Total Perú SAC,5,19.5,0.05,92.62,67.25,25.37,Pagado,Transferencia
P10324,2025-02-17,2,C027,Mayorista El Ahorro 027,Mayorista,Lima,Lima,Mayorista,Ana Quispe,CAF-03,Cacao en polvo 250 g,Café y cacao,Café Selva Central SAC,32,12.5,0.08,368.0,240.0,128.0,Pagado,Transferencia
P10324,2025-02-17,2,C027,Mayorista El Ahorro 027,Mayorista,Lima,Lima,Mayorista,Ana Quispe,GRA-01,Quinua blanca 1 kg,Granos andinos,Agroandina del Sur SAC,12,14.5,0.08,160.08,114.84,45.24,Vencido,Transferencia
P10343,2025-02-17,2,C081,Restaurante Las Flores 081,Restaurante,Chiclayo,Norte,Tienda,María Torres,HAR-02,Fideo spaghetti 500 g,Harinas y pastas,Molinos Valle Verde SA,11,3.9,0.05,40.75,30.47,10.28,Pagado,Transferencia
P10253,2025-02-18,2,C131,Bodega Virgen de Fátima 131,Bodega,Huánuco,Centro,Tienda,Rosa Ccori,CAF-02,Café en grano 1 kg,Café y cacao,Café Selva Central SAC,6,46.0,0.05,262.2,157.32,104.88,Pagado,Yape
P10253,2025-02-18,2,C131,Bodega Virgen de Fátima 131,Bodega,Huánuco,Centro,Tienda,Rosa Ccori,BEB-05,Té helado 500 ml x 12,Bebidas,Bebidas Norte Pacífico SAC,11,29.0,0,319.0,194.59,124.41,Pagado,Yape
P10266,2025-02-18,2,C037,Bodega El Trébol 037,Bodega,Lima,Lima,Tienda,Luis Paredes,BEB-04,Bebida rehidratante 500 ml x 12,Bebidas,Bebidas Norte Pacífico SAC,11,33.0,0,363.0,228.69,134.31,Pagado,Transferencia
P10266,2025-02-18,2,C037,Bodega El Trébol 037,Bodega,Lima,Lima,Tienda,Luis Paredes,LIM-03,Lavavajilla 900 g,Limpieza,Limpieza Total Perú SAC,2,8.2,0,16.4,10.5,5.9,Pagado,Yape
P10281,2025-02-18,2,C048,Cafetería Inti 048,Cafetería,Lima,Lima,Online,Luis Paredes,BEB-05,Té helado 500 ml x 12,Bebidas,Bebidas Norte Pacífico SAC,6,29.0,0,174.0,106.14,67.86,Pagado,Yape
P10242,2025-02-19,2,C096,Cafetería La Familia 096,Cafetería,Piura,Norte,Tienda,María Torres,LIM-04,Desinfectante 1.8 L,Limpieza,Limpieza Total Perú SAC,9,11.9,0,107.1,67.5,39.6,Pagado,Tarjeta
P10284,2025-02-19,2,C044,Bodega Inti 044,Bodega,Lima,Lima,Tienda,Ana Quispe,SNA-05,Camote frito 120 g x 10,Snacks,Snacks Costa Azul EIRL,9,31.0,0,279.0,164.61,114.39,Pagado,Yape
P10284,2025-02-19,2,C044,Bodega Inti 044,Bodega,Lima,Lima,Tienda,Ana Quispe,HAR-03,Fideo tallarín 1 kg,Harinas y pastas,Molinos Valle Verde SA,5,7.2,0,36.0,25.9,10.1,Vencido,Transferencia
P10326,2025-02-19,2,C081,Restaurante Las Flores 081,Restaurante,Chiclayo,Norte,WhatsApp,María Torres,GRA-01,Quinua blanca 1 kg,Granos andinos,Agroandina del Sur SAC,11,14.5,0,159.5,105.27,54.23,Pagado,Yape
P10326,2025-02-19,2,C081,Restaurante Las Flores 081,Restaurante,Chiclayo,Norte,WhatsApp,María Torres,GRA-01,Quinua blanca 1 kg,Granos andinos,Agroandina del Sur SAC,11,14.5,0,159.5,105.27,54.23,Pagado,Plin
P10327,2025-02-19,2,C056,Minimarket La Esperanza 056,Minimarket,Lima,Lima,Tienda,Ana Quispe,SNA-03,Galletas de avena x 24,Snacks,Snacks Costa Azul EIRL,12,22.0,0,264.0,171.6,92.4,Pagado,Tarjeta
P10330,2025-02-19,2,C017,Minimarket El Progreso 017,Minimarket,Lima,Lima,Tienda,Luis Paredes,CAF-05,Café instantáneo 200 g,Café y cacao,Café Selva Central SAC,7,21.0,0,147.0,92.61,54.39,Pagado,Transferencia
P10333,2025-02-19,2,C069,Restaurante Mi Perú 069,Restaurante,Lima,Lima,Tienda,Rodrigo Salas,SNA-01,Papas nativas 120 g x 10,Snacks,Snacks Costa Azul EIRL,7,35.0,0.156,206.78,147.0,59.78,Pagado,Tarjeta
P10339,2025-02-19,2,C043,Restaurante Mi Perú 043,Restaurante,Lima,Lima,Tienda,Rodrigo Salas,GRA-04,Chía 500 g,Granos andinos,Agroandina del Sur SAC,7,13.0,0.108,81.17,58.24,22.93,Pagado,Yape
P10339,2025-02-19,2,C043,Restaurante Mi Perú 043,Restaurante,Lima,Lima,Tienda,Rodrigo Salas,BEB-05,Té helado 500 ml x 12,Bebidas,Bebidas Norte Pacífico SAC,6,29.0,0.16,146.16,106.14,40.02,Pagado,Yape
P10210,2025-02-20,2,C067,Bodega Las Flores 067,Bodega,Lima,Lima,Tienda,Luis Paredes,CAF-05,Café instantáneo 200 g,Café y cacao,Café Selva Central SAC,6,21.0,0.03,122.22,79.38,42.84,Pagado,Yape
P10227,2025-02-20,2,C065,Bodega Virgen de Fátima 065,Bodega,Lima,Lima,Tienda,Ana Quispe,LIM-05,Jabón de tocador x 3,Limpieza,Limpieza Total Perú SAC,8,6.5,0.03,50.44,34.88,15.56,Pagado,Efectivo
P10240,2025-02-20,2,C109,Bodega Los Andes 109,Bodega,Tacna,Sur,WhatsApp,Jorge Huamán,SNA-05,Camote frito 120 g x 10,Snacks,Snacks Costa Azul EIRL,12,31.0,0.05,353.4,219.48,133.92,Pagado,Yape
P10250,2025-02-20,2,C063,Restaurante Don Lucho 063,Restaurante,Lima,Lima,Tienda,Ana Quispe,CAF-01,Café tostado molido 500 g,Café y cacao,Café Selva Central SAC,3,24.0,0.05,68.4,41.76,26.64,Pagado,Plin
P10250,2025-02-20,2,C063,Restaurante Don Lucho 063,Restaurante,Lima,Lima,Tienda,Ana Quispe,HAR-04,Harina preparada 1 kg,Harinas y pastas,Molinos Valle Verde SA,4,6.3,0,25.2,18.4,6.8,Pagado,Yape
P10277,2025-02-20,2,C121,Bodega Don Lucho 121,Bodega,Arequipa,Sur,Tienda,Jorge Huamán,SNA-01,Papas nativas 120 g x 10,Snacks,Snacks Costa Azul EIRL,8,35.0,0,280.0,168.0,112.0,Pagado,Yape
P10304,2025-02-20,2,C118,Bodega El Sol 118,Bodega,Cusco,Sur,Tienda,Jorge Huamán,BEB-03,Néctar de durazno 1 L x 6,Bebidas,Bebidas Norte Pacífico SAC,9,27.0,0.05,230.85,155.52,75.33,Pagado,Transferencia
P10304,2025-02-20,2,C118,Bodega El Sol 118,Bodega,Cusco,Sur,Tienda,Jorge Huamán,CAF-03,Cacao en polvo 250 g,Café y cacao,Café Selva Central SAC,12,12.5,0,150.0,90.0,60.0,Pagado,Efectivo
P10185,2025-02-21,2,C053,Minimarket Don Lucho 053,Minimarket,Lima,Lima,Tienda,Ana Quispe,BEB-04,Bebida rehidratante 500 ml x 12,Bebidas,Bebidas Norte Pacífico SAC,6,33.0,0.05,188.1,124.74,63.36,Pagado,Tarjeta
P10185,2025-02-21,2,C053,Minimarket Don Lucho 053,Minimarket,Lima,Lima,Tienda,Ana Quispe,HAR-02,Fideo spaghetti 500 g,Harinas y pastas,Molinos Valle Verde SA,8,3.9,0.05,29.64,22.16,7.48,Pagado,Yape
P10271,2025-02-21,2,C105,Restaurante El Ahorro 105,Restaurante,Arequipa,Sur,Tienda,Jorge Huamán,SNA-02,Chifles 150 g x 10,Snacks,Snacks Costa Azul EIRL,7,28.0,0.05,186.2,113.68,72.52,Pagado,Transferencia
P10279,2025-02-21,2,C055,Empresa Inti 055,Empresa,Lima,Lima,Tienda,Rodrigo Salas,GRA-01,Quinua blanca 1 kg,Granos andinos,Agroandina del Sur SAC,6,14.5,0.162,72.91,57.42,15.49,Pagado,Efectivo
P10279,2025-02-21,2,C055,Empresa Inti 055,Empresa,Lima,Lima,Tienda,Rodrigo Salas,CAF-03,Cacao en polvo 250 g,Café y cacao,Café Selva Central SAC,3,12.5,0.174,30.98,22.5,8.48,Pagado,Efectivo
P10294,2025-02-21,2,C023,Bodega El Sol 023,Bodega,Lima,Lima,Tienda,Luis Paredes,BEB-02,Gaseosa 3 L x 4,Bebidas,Bebidas Norte Pacífico SAC,11,32.0,0.03,341.44,239.36,102.08,Pagado,Yape
P10294,2025-02-21,2,C023,Bodega El Sol 023,Bodega,Lima,Lima,Tienda,Luis Paredes,GRA-01,Quinua blanca 1 kg,Granos andinos,Agroandina del Sur SAC,9,14.5,0,130.5,86.13,44.37,Pagado,Efectivo
P10319,2025-02-21,2,C099,Restaurante Los Andes 099,Restaurante,Cusco,Sur,Tienda,Jorge Huamán,BEB-02,Gaseosa 3 L x 4,Bebidas,Bebidas Norte Pacífico SAC,2,32.0,0.05,60.8,43.52,17.28,Pagado,Yape
P10325,2025-02-21,2,C131,Bodega Virgen de Fátima 131,Bodega,Huánuco,Centro,Tienda,Rosa Ccori,LIM-03,Lavavajilla 900 g,Limpieza,Limpieza Total Perú SAC,6,8.2,0.05,46.74,31.5,15.24,Pagado,Efectivo
P10325,2025-02-21,2,C131,Bodega Virgen de Fátima 131,Bodega,Huánuco,Centro,Tienda,Rosa Ccori,SNA-01,Papas nativas 120 g x 10,Snacks,Snacks Costa Azul EIRL,9,35.0,0,315.0,189.0,126.0,Pagado,Transferencia
P10325,2025-02-21,2,C131,Bodega Virgen de Fátima 131,Bodega,Huánuco,Centro,Tienda,Rosa Ccori,SNA-02,Chifles 150 g x 10,Snacks,Snacks Costa Azul EIRL,6,28.0,0.02,164.64,97.44,67.2,Pagado,Transferencia
P10334,2025-02-21,2,C101,Bodega La Esperanza 101,Bodega,Tacna,Sur,Tienda,Jorge Huamán,SNA-04,Maní salado 200 g x 12,Snacks,Snacks Costa Azul EIRL,11,30.0,0,330.0,204.6,125.4,Pagado,Tarjeta
P10334,2025-02-21,2,C101,Bodega La Esperanza 101,Bodega,Tacna,Sur,Tienda,Jorge Huamán,CAF-04,Chocolate para taza 180 g,Café y cacao,Café Selva Central SAC,10,9.9,0,99.0,61.4,37.6,Pagado,Tarjeta
P10197,2025-02-22,2,C048,Cafetería Inti 048,Cafetería,Lima,Lima,Tienda,Rodrigo Salas,LIM-01,Detergente 2 kg,Limpieza,Limpieza Total Perú SAC,8,19.5,0.124,136.66,107.6,29.06,Pagado,Plin
P10233,2025-02-22,2,C096,Cafetería La Familia 096,Cafetería,Piura,Norte,Tienda,María Torres,GRA-01,Quinua blanca 1 kg,Granos andinos,Agroandina del Sur SAC,2,14.5,0,29.0,19.14,9.86,Pagado,Yape
P10233,2025-02-22,2,C096,Cafetería La Familia 096,Cafetería,Piura,Norte,Tienda,María Torres,HAR-02,Fideo spaghetti 500 g,Harinas y pastas,Molinos Valle Verde SA,3,3.9,0.05,11.11,8.31,2.8,Pagado,Tarjeta
P10233,2025-02-22,2,C096,Cafetería La Familia 096,Cafetería,Piura,Norte,Tienda,María Torres,BEB-03,Néctar de durazno 1 L x 6,Bebidas,Bebidas Norte Pacífico SAC,4,27.0,0,108.0,69.12,38.88,Pagado,Efectivo
P10252,2025-02-22,2,C127,Minimarket El Progreso 127,Minimarket,Huánuco,Centro,Tienda,Rosa Ccori,HAR-05,Sémola 500 g,Harinas y pastas,Molinos Valle Verde SA,11,4.1,0,45.1,31.57,13.53,Pagado,Yape
P10252,2025-02-22,2,C127,Minimarket El Progreso 127,Minimarket,Huánuco,Centro,Tienda,Rosa Ccori,BEB-01,Agua mineral 625 ml x 15,Bebidas,Bebidas Norte Pacífico SAC,2,18.0,0.03,34.92,22.32,12.6,Pagado,Yape
P10255,2025-02-22,2,C138,Restaurante Las Flores 138,Restaurante,Huánuco,Centro,Tienda,Rosa Ccori,GRA-02,Kiwicha pop 300 g,Granos andinos,Agroandina del Sur SAC,12,8.9,0,106.8,65.16,41.64,Pagado,Tarjeta
P10255,2025-02-22,2,C138,Restaurante Las Flores 138,Restaurante,Huánuco,Centro,Tienda,Rosa Ccori,GRA-04,Chía 500 g,Granos andinos,Agroandina del Sur SAC,10,13.0,0.05,123.5,83.2,40.3,Pagado,Yape
P10255,2025-02-22,2,C138,Restaurante Las Flores 138,Restaurante,Huánuco,Centro,Tienda,Rosa Ccori,CAF-04,Chocolate para taza 180 g,Café y cacao,Café Selva Central SAC,4,9.9,0.02,38.81,24.56,14.25,Pagado,Plin
P10256,2025-02-22,2,C078,Bodega Inti 078,Bodega,Piura,Norte,Tienda,María Torres,LIM-02,Lejía 4 L,Limpieza,Limpieza Total Perú SAC,11,9.8,0.02,105.64,71.17,34.47,Pagado,Yape
P10257,2025-02-22,2,C093,Empresa Pachamama 093,Empresa,Piura,Norte,Tienda,María Torres,GRA-05,Avena con quinua 900 g,Granos andinos,Agroandina del Sur SAC,2,11.5,0.03,22.31,15.42,6.89,Pagado,Tarjeta
P10257,2025-02-22,2,C093,Empresa Pachamama 093,Empresa,Piura,Norte,Tienda,María Torres,LIM-03,Lavavajilla 900 g,Limpieza,Limpieza Total Perú SAC,8,8.2,0,65.6,42.0,23.6,Vencido,Yape
P10257,2025-02-22,2,C093,Empresa Pachamama 093,Empresa,Piura,Norte,Tienda,María Torres,BEB-05,Té helado 500 ml x 12,Bebidas,Bebidas Norte Pacífico SAC,3,29.0,0.02,85.26,53.07,32.19,Pagado,Plin
P10264,2025-02-22,2,C079,Restaurante El Ahorro 079,Restaurante,Trujillo,Norte,Tienda,María Torres,BEB-02,Gaseosa 3 L x 4,Bebidas,Bebidas Norte Pacífico SAC,5,32.0,0.05,152.0,108.8,43.2,Pagado,Tarjeta
P10264,2025-02-22,2,C079,Restaurante El Ahorro 079,Restaurante,Trujillo,Norte,Tienda,María Torres,GRA-04,Chía 500 g,Granos andinos,Agroandina del Sur SAC,2,13.0,0.03,25.22,16.64,8.58,Pagado,Yape
P10348,2025-02-22,2,C082,Bodega Mi Perú 082,Bodega,Piura,Norte,Tienda,María Torres,GRA-05,Avena con quinua 900 g,Granos andinos,Agroandina del Sur SAC,11,11.5,0.02,123.97,84.81,39.16,Pagado,Tarjeta
P10196,2025-02-23,2,C091,Cafetería El Puerto 091,Cafetería,Chiclayo,Norte,Tienda,María Torres,GRA-04,Chía 500 g,Granos andinos,Agroandina del Sur SAC,7,13.0,0,91.0,58.24,32.76,Pagado,Yape
P10198,2025-02-23,2,C022,Empresa La Familia 022,Empresa,Lima,Lima,Tienda,Rodrigo Salas,CAF-02,Café en grano 1 kg,Café y cacao,Café Selva Central SAC,5,46.0,0.131,199.87,131.1,68.77,Pagado,Plin
P10207,2025-02-23,2,C066,Empresa La Esperanza 066,Empresa,Lima,Lima,Tienda,Ana Quispe,LIM-02,Lejía 4 L,Limpieza,Limpieza Total Perú SAC,7,9.8,0.02,67.23,45.29,21.94,Pagado,Efectivo
P10207,2025-02-23,2,C066,Empresa La Esperanza 066,Empresa,Lima,Lima,Tienda,Ana Quispe,BEB-05,Té helado 500 ml x 12,Bebidas,Bebidas Norte Pacífico SAC,9,29.0,0.03,253.17,159.21,93.96,Pagado,Transferencia
P10211,2025-02-23,2,C015,Bodega Pachamama 015,Bodega,Lima,Lima,Tienda,Rodrigo Salas,LIM-03,Lavavajilla 900 g,Limpieza,Limpieza Total Perú SAC,2,8.2,0.147,13.99,10.5,3.49,Pagado,Transferencia
P10221,2025-02-23,2,C132,Restaurante Nueva Era 132,Restaurante,Huánuco,Centro,Tienda,Rosa Ccori,LIM-05,Jabón de tocador x 3,Limpieza,Limpieza Total Perú SAC,4,6.5,0,26.0,17.44,8.56,Pagado,Transferencia
P10222,2025-02-23,2,C044,Bodega Inti 044,Bodega,Lima,Lima,Tienda,Luis Paredes,LIM-03,Lavavajilla 900 g,Limpieza,Limpieza Total Perú SAC,2,8.2,0.03,15.91,10.5,5.41,Pagado,Yape
P10247,2025-02-23,2,C012,Cafetería Pachamama 012,Cafetería,Lima,Lima,Tienda,Ana Quispe,GRA-02,Kiwicha pop 300 g,Granos andinos,Agroandina del Sur SAC,3,8.9,0,26.7,16.29,10.41,Pagado,Transferencia
P10247,2025-02-23,2,C012,Cafetería Pachamama 012,Cafetería,Lima,Lima,Tienda,Ana Quispe,CAF-01,Café tostado molido 500 g,Café y cacao,Café Selva Central SAC,12,24.0,0,288.0,167.04,120.96,Pagado,Efectivo
P10251,2025-02-23,2,C004,Bodega San Pedro 004,Bodega,Lima,Lima,Tienda,Ana Quispe,LIM-05,Jabón de tocador x 3,Limpieza,Limpieza Total Perú SAC,10,6.5,0.02,63.7,43.6,20.1,Pagado,Yape
P10251,2025-02-23,2,C004,Bodega San Pedro 004,Bodega,Lima,Lima,Tienda,Ana Quispe,CAF-05,Café instantáneo 200 g,Café y cacao,Café Selva Central SAC,9,21.0,0.02,185.22,119.07,66.15,Pagado,Tarjeta
P10259,2025-02-23,2,C065,Bodega Virgen de Fátima 065,Bodega,Lima,Lima,WhatsApp,Rodrigo Salas,GRA-02,Kiwicha pop 300 g,Granos andinos,Agroandina del Sur SAC,6,8.9,0.138,46.03,32.58,13.45,Pagado,Yape
P10269,2025-02-23,2,C122,Bodega El Ahorro 122,Bodega,Tacna,Sur,Tienda,Jorge Huamán,SNA-05,Camote frito 120 g x 10,Snacks,Snacks Costa Azul EIRL,7,31.0,0,217.0,128.03,88.97,Pagado,Efectivo
P10269,2025-02-23,2,C122,Bodega El Ahorro 122,Bodega,Tacna,Sur,Tienda,Jorge Huamán,BEB-04,Bebida rehidratante 500 ml x 12,Bebidas,Bebidas Norte Pacífico SAC,4,33.0,0,132.0,83.16,48.84,Pagado,Yape
P10303,2025-02-23,2,C032,Restaurante Santa Rosa 032,Restaurante,Lima,Lima,Tienda,Rodrigo Salas,SNA-01,Papas nativas 120 g x 10,Snacks,Snacks Costa Azul EIRL,3,35.0,0.178,86.31,63.0,23.31,Pagado,Yape
P10303,2025-02-23,2,C032,Restaurante Santa Rosa 032,Restaurante,Lima,Lima,Tienda,Rodrigo Salas,CAF-05,Café instantáneo 200 g,Café y cacao,Café Selva Central SAC,9,21.0,0.163,158.19,119.07,39.12,Pagado,Transferencia
P10306,2025-02-23,2,C056,Minimarket La Esperanza 056,Minimarket,Lima,Lima,Tienda,Ana Quispe,GRA-03,Maca en polvo 250 g,Granos andinos,Agroandina del Sur SAC,9,17.0,0.03,148.41,84.15,64.26,Pagado,Transferencia
P10317,2025-02-23,2,C099,Restaurante Los Andes 099,Restaurante,Cusco,Sur,Tienda,Jorge Huamán,HAR-03,Fideo tallarín 1 kg,Harinas y pastas,Molinos Valle Verde SA,3,7.2,0.05,20.52,15.54,4.98,Pagado,Transferencia
P10317,2025-02-23,2,C099,Restaurante Los Andes 099,Restaurante,Cusco,Sur,Tienda,Jorge Huamán,BEB-01,Agua mineral 625 ml x 15,Bebidas,Bebidas Norte Pacífico SAC,8,18.0,0,144.0,89.28,54.72,Vencido,Efectivo
P10317,2025-02-23,2,C099,Restaurante Los Andes 099,Restaurante,Cusco,Sur,Tienda,Jorge Huamán,SNA-02,Chifles 150 g x 10,Snacks,Snacks Costa Azul EIRL,3,28.0,0.05,79.8,48.72,31.08,Pagado,Yape
P10186,2025-02-24,2,C072,Empresa Santa Rosa 072,Empresa,Trujillo,Norte,Online,María Torres,LIM-05,Jabón de tocador x 3,Limpieza,Limpieza Total Perú SAC,9,6.5,0,58.5,39.24,19.26,Pagado,Transferencia
P10186,2025-02-24,2,C072,Empresa Santa Rosa 072,Empresa,Trujillo,Norte,Online,María Torres,BEB-03,Néctar de durazno 1 L x 6,Bebidas,Bebidas Norte Pacífico SAC,8,27.0,0.05,205.2,138.24,66.96,Pagado,Yape
P10195,2025-02-24,2,C056,Minimarket La Esperanza 056,Minimarket,Lima,Lima,Tienda,Luis Paredes,CAF-02,Café en grano 1 kg,Café y cacao,Café Selva Central SAC,10,46.0,0,460.0,262.2,197.8,Pagado,Efectivo
P10195,2025-02-24,2,C056,Minimarket La Esperanza 056,Minimarket,Lima,Lima,Tienda,Luis Paredes,LIM-03,Lavavajilla 900 g,Limpieza,Limpieza Total Perú SAC,11,8.2,0.05,85.69,57.75,27.94,Pagado,Transferencia
P10208,2025-02-24,2,C124,Minimarket Primavera 124,Minimarket,Cusco,Sur,Tienda,Jorge Huamán,BEB-01,Agua mineral 625 ml x 15,Bebidas,Bebidas Norte Pacífico SAC,2,18.0,0,36.0,22.32,13.68,Pagado,Efectivo
P10220,2025-02-24,2,C003,Bodega La Esperanza 003,Bodega,Lima,Lima,Online,Luis Paredes,HAR-02,Fideo spaghetti 500 g,Harinas y pastas,Molinos Valle Verde SA,2,3.9,0,7.8,5.54,2.26,Pagado,Plin
P10296,2025-02-24,2,C020,Bodega Santa Rosa 020,Bodega,Lima,Lima,Tienda,Ana Quispe,GRA-01,Quinua blanca 1 kg,Granos andinos,Agroandina del Sur SAC,12,14.5,0,174.0,114.84,59.16,Pagado,Transferencia
P10341,2025-02-24,2,C128,Empresa Primavera 128,Empresa,Huancayo,Centro,Tienda,Rosa Ccori,GRA-03,Maca en polvo 250 g,Granos andinos,Agroandina del Sur SAC,2,17.0,0.02,33.32,18.7,14.62,Pagado,Tarjeta
P10341,2025-02-24,2,C128,Empresa Primavera 128,Empresa,Huancayo,Centro,Tienda,Rosa Ccori,CAF-01,Café tostado molido 500 g,Café y cacao,Café Selva Central SAC,9,24.0,0.02,211.68,125.28,86.4,Pagado,Tarjeta
P10262,2025-02-25,2,C016,Cafetería Primavera 016,Cafetería,Lima,Lima,Tienda,Luis Paredes,LIM-05,Jabón de tocador x 3,Limpieza,Limpieza Total Perú SAC,3,6.5,0.02,19.11,13.08,6.03,Pagado,Transferencia
P10262,2025-02-25,2,C016,Cafetería Primavera 016,Cafetería,Lima,Lima,Tienda,Luis Paredes,BEB-03,Néctar de durazno 1 L x 6,Bebidas,Bebidas Norte Pacífico SAC,5,27.0,0,135.0,86.4,48.6,Pagado,Efectivo
P10283,2025-02-25,2,C013,Empresa Nueva Era 013,Empresa,Lima,Lima,Tienda,Rodrigo Salas,BEB-03,Néctar de durazno 1 L x 6,Bebidas,Bebidas Norte Pacífico SAC,7,27.0,0.132,164.05,120.96,43.09,Pagado,Transferencia
P10283,2025-02-25,2,C013,Empresa Nueva Era 013,Empresa,Lima,Lima,Tienda,Rodrigo Salas,SNA-04,Maní salado 200 g x 12,Snacks,Snacks Costa Azul EIRL,5,30.0,0.12,132.0,93.0,39.0,Pagado,Plin
P10283,2025-02-25,2,C013,Empresa Nueva Era 013,Empresa,Lima,Lima,Tienda,Rodrigo Salas,SNA-03,Galletas de avena x 24,Snacks,Snacks Costa Azul EIRL,8,22.0,0.113,156.11,114.4,41.71,Pagado,Yape
P10323,2025-02-25,2,C090,Minimarket La Esperanza 090,Minimarket,Piura,Norte,Tienda,María Torres,BEB-04,Bebida rehidratante 500 ml x 12,Bebidas,Bebidas Norte Pacífico SAC,3,33.0,0.02,97.02,62.37,34.65,Pagado,Efectivo
P10329,2025-02-25,2,C019,Bodega Don Lucho 019,Bodega,Lima,Lima,Tienda,Rodrigo Salas,LIM-04,Desinfectante 1.8 L,Limpieza,Limpieza Total Perú SAC,10,11.9,0.119,104.84,75.0,29.84,Pagado,Transferencia
P10329,2025-02-25,2,C019,Bodega Don Lucho 019,Bodega,Lima,Lima,Tienda,Rodrigo Salas,SNA-04,Maní salado 200 g x 12,Snacks,Snacks Costa Azul EIRL,2,30.0,0.11,53.4,37.2,16.2,Pagado,Plin
P10224,2025-02-26,2,C018,Bodega La Familia 018,Bodega,Lima,Lima,Tienda,Luis Paredes,GRA-05,Avena con quinua 900 g,Granos andinos,Agroandina del Sur SAC,12,11.5,0.03,133.86,92.52,41.34,Pagado,Plin
P10321,2025-02-26,2,C034,Minimarket San Martín 034,Minimarket,Lima,Lima,WhatsApp,Ana Quispe,SNA-01,Papas nativas 120 g x 10,Snacks,Snacks Costa Azul EIRL,3,35.0,0.02,102.9,63.0,39.9,Pagado,Efectivo
P10321,2025-02-26,2,C034,Minimarket San Martín 034,Minimarket,Lima,Lima,WhatsApp,Ana Quispe,SNA-05,Camote frito 120 g x 10,Snacks,Snacks Costa Azul EIRL,3,31.0,0.05,88.35,54.87,33.48,Pagado,Transferencia
P10321,2025-02-26,2,C034,Minimarket San Martín 034,Minimarket,Lima,Lima,WhatsApp,Ana Quispe,HAR-01,Harina sin preparar 1 kg,Harinas y pastas,Molinos Valle Verde SA,6,5.4,0.02,31.75,24.0,7.75,Pagado,Transferencia
P10342,2025-02-26,2,C085,Minimarket Virgen de Fátima 085,Minimarket,Chiclayo,Norte,Tienda,María Torres,LIM-03,Lavavajilla 900 g,Limpieza,Limpieza Total Perú SAC,3,8.2,0.03,23.86,15.75,8.11,Pagado,Yape
P10342,2025-02-26,2,C085,Minimarket Virgen de Fátima 085,Minimarket,Chiclayo,Norte,Tienda,María Torres,HAR-01,Harina sin preparar 1 kg,Harinas y pastas,Molinos Valle Verde SA,3,5.4,0.05,15.39,12.0,3.39,Pagado,Plin
P10345,2025-02-26,2,C037,Bodega El Trébol 037,Bodega,Lima,Lima,Tienda,Luis Paredes,LIM-01,Detergente 2 kg,Limpieza,Limpieza Total Perú SAC,4,19.5,0,78.0,53.8,24.2,Pagado,Tarjeta
P10345,2025-02-26,2,C037,Bodega El Trébol 037,Bodega,Lima,Lima,Tienda,Luis Paredes,HAR-03,Fideo tallarín 1 kg,Harinas y pastas,Molinos Valle Verde SA,12,7.2,0.03,83.81,62.16,21.65,Pagado,Plin
P10193,2025-02-27,2,C060,Bodega El Sol 060,Bodega,Lima,Lima,Tienda,Luis Paredes,CAF-05,Café instantáneo 200 g,Café y cacao,Café Selva Central SAC,4,21.0,0.03,81.48,52.92,28.56,Pagado,Transferencia
P10193,2025-02-27,2,C060,Bodega El Sol 060,Bodega,Lima,Lima,Tienda,Luis Paredes,BEB-01,Agua mineral 625 ml x 15,Bebidas,Bebidas Norte Pacífico SAC,7,18.0,0,126.0,78.12,47.88,Pagado,Yape
P10229,2025-02-27,2,C037,Bodega El Trébol 037,Bodega,Lima,Lima,Tienda,Luis Paredes,CAF-04,Chocolate para taza 180 g,Café y cacao,Café Selva Central SAC,3,9.9,0.05,28.21,18.42,9.79,Pagado,Efectivo
P10229,2025-02-27,2,C037,Bodega El Trébol 037,Bodega,Lima,Lima,Tienda,Luis Paredes,LIM-05,Jabón de tocador x 3,Limpieza,Limpieza Total Perú SAC,2,6.5,0,13.0,8.72,4.28,Pagado,Efectivo
P10260,2025-02-27,2,C097,Bodega El Puerto 097,Bodega,Trujillo,Norte,Online,María Torres,SNA-01,Papas nativas 120 g x 10,Snacks,Snacks Costa Azul EIRL,8,35.0,0.03,271.6,168.0,103.6,Pagado,Efectivo
P10260,2025-02-27,2,C097,Bodega El Puerto 097,Bodega,Trujillo,Norte,Online,María Torres,HAR-02,Fideo spaghetti 500 g,Harinas y pastas,Molinos Valle Verde SA,12,3.9,0.03,45.4,33.24,12.16,Vencido,Tarjeta
P10260,2025-02-27,2,C097,Bodega El Puerto 097,Bodega,Trujillo,Norte,Online,María Torres,GRA-04,Chía 500 g,Granos andinos,Agroandina del Sur SAC,6,13.0,0,78.0,49.92,28.08,Pagado,Efectivo
P10302,2025-02-27,2,C115,Empresa El Puerto 115,Empresa,Arequipa,Sur,Tienda,Jorge Huamán,BEB-02,Gaseosa 3 L x 4,Bebidas,Bebidas Norte Pacífico SAC,4,32.0,0,128.0,87.04,40.96,Pagado,Tarjeta
P10337,2025-02-27,2,C139,Minimarket Virgen de Fátima 139,Minimarket,Huancayo,Centro,Tienda,Rosa Ccori,CAF-04,Chocolate para taza 180 g,Café y cacao,Café Selva Central SAC,5,9.9,0.03,48.02,30.7,17.32,Pagado,Plin
P10200,2025-02-28,2,C037,Bodega El Trébol 037,Bodega,Lima,Lima,Tienda,Ana Quispe,GRA-02,Kiwicha pop 300 g,Granos andinos,Agroandina del Sur SAC,4,8.9,0.02,34.89,21.72,13.17,Pagado,Yape
P10215,2025-02-28,2,C110,Bodega La Esperanza 110,Bodega,Arequipa,Sur,Tienda,Jorge Huamán,SNA-04,Maní salado 200 g x 12,Snacks,Snacks Costa Azul EIRL,4,30.0,0.05,114.0,74.4,39.6,Pagado,Efectivo
P10215,2025-02-28,2,C110,Bodega La Esperanza 110,Bodega,Arequipa,Sur,Tienda,Jorge Huamán,HAR-01,Harina sin preparar 1 kg,Harinas y pastas,Molinos Valle Verde SA,12,5.4,0.03,62.86,48.0,14.86,Pagado,Transferencia
P10248,2025-02-28,2,C065,Bodega Virgen de Fátima 065,Bodega,Lima,Lima,Tienda,Ana Quispe,SNA-01,Papas nativas 120 g x 10,Snacks,Snacks Costa Azul EIRL,11,35.0,0,385.0,231.0,154.0,Pagado,Efectivo
P10248,2025-02-28,2,C065,Bodega Virgen de Fátima 065,Bodega,Lima,Lima,Tienda,Ana Quispe,SNA-04,Maní salado 200 g x 12,Snacks,Snacks Costa Azul EIRL,4,30.0,0.03,116.4,74.4,42.0,Pagado,Efectivo
P10274,2025-02-28,2,C012,Cafetería Pachamama 012,Cafetería,Lima,Lima,Tienda,Luis Paredes,HAR-02,Fideo spaghetti 500 g,Harinas y pastas,Molinos Valle Verde SA,10,3.9,0.03,37.83,27.7,10.13,Pagado,Tarjeta
P10274,2025-02-28,2,C012,Cafetería Pachamama 012,Cafetería,Lima,Lima,Tienda,Luis Paredes,LIM-04,Desinfectante 1.8 L,Limpieza,Limpieza Total Perú SAC,6,11.9,0.05,67.83,45.0,22.83,Pagado,Transferencia
P10274,2025-02-28,2,C012,Cafetería Pachamama 012,Cafetería,Lima,Lima,Tienda,Luis Paredes,CAF-04,Chocolate para taza 180 g,Café y cacao,Café Selva Central SAC,2,9.9,0,19.8,12.28,7.52,Pagado,Transferencia
P10305,2025-02-28,2,C049,Restaurante San Pedro 049,Restaurante,Lima,Lima,Tienda,Luis Paredes,BEB-05,Té helado 500 ml x 12,Bebidas,Bebidas Norte Pacífico SAC,8,29.0,0.02,227.36,141.52,85.84,Pagado,Tarjeta
P10370,2025-03-01,3,C112,Minimarket La Familia 112,Minimarket,Cusco,Sur,Tienda,Jorge Huamán,LIM-04,Desinfectante 1.8 L,Limpieza,Limpieza Total Perú SAC,7,11.9,0.03,80.8,52.5,28.3,Pagado,Transferencia
P10370,2025-03-01,3,C112,Minimarket La Familia 112,Minimarket,Cusco,Sur,Tienda,Jorge Huamán,GRA-01,Quinua blanca 1 kg,Granos andinos,Agroandina del Sur SAC,12,14.5,0.05,165.3,114.84,50.46,Pagado,Tarjeta
P10370,2025-03-01,3,C112,Minimarket La Familia 112,Minimarket,Cusco,Sur,Tienda,Jorge Huamán,CAF-02,Café en grano 1 kg,Café y cacao,Café Selva Central SAC,6,46.0,0,276.0,157.32,118.68,Pagado,Yape
P10405,2025-03-01,3,C027,Mayorista El Ahorro 027,Mayorista,Lima,Lima,Mayorista,Luis Paredes,HAR-05,Sémola 500 g,Harinas y pastas,Molinos Valle Verde SA,48,4.1,0.08,181.06,137.76,43.3,Pagado,Transferencia
P10405,2025-03-01,3,C027,Mayorista El Ahorro 027,Mayorista,Lima,Lima,Mayorista,Luis Paredes,BEB-04,Bebida rehidratante 500 ml x 12,Bebidas,Bebidas Norte Pacífico SAC,24,33.0,0.08,728.64,498.96,229.68,Pagado,Transferencia
P10405,2025-03-01,3,C027,Mayorista El Ahorro 027,Mayorista,Lima,Lima,Mayorista,Luis Paredes,SNA-05,Camote frito 120 g x 10,Snacks,Snacks Costa Azul EIRL,44,31.0,0.08,1254.88,804.76,450.12,Pagado,Transferencia
P10425,2025-03-01,3,C045,Minimarket Inti 045,Minimarket,Lima,Lima,Tienda,Rodrigo Salas,HAR-05,Sémola 500 g,Harinas y pastas,Molinos Valle Verde SA,12,4.1,0.158,41.43,34.44,6.99,Pagado,Yape
P10440,2025-03-01,3,C083,Bodega Mi Perú 083,Bodega,Piura,Norte,Online,María Torres,HAR-04,Harina preparada 1 kg,Harinas y pastas,Molinos Valle Verde SA,6,6.3,0.02,37.04,27.6,9.44,Pagado,Plin
P10462,2025-03-01,3,C070,Minimarket El Ahorro 070,Minimarket,Lima,Lima,Tienda,Ana Quispe,GRA-03,Maca en polvo 250 g,Granos andinos,Agroandina del Sur SAC,6,17.0,0,102.0,56.1,45.9,Pagado,Yape
P10462,2025-03-01,3,C070,Minimarket El Ahorro 070,Minimarket,Lima,Lima,Tienda,Ana Quispe,SNA-03,Galletas de avena x 24,Snacks,Snacks Costa Azul EIRL,2,22.0,0.05,41.8,28.6,13.2,Pagado,Transferencia
P10500,2025-03-01,3,C126,Restaurante La Familia 126,Restaurante,Arequipa,Sur,Tienda,Jorge Huamán,LIM-01,Detergente 2 kg,Limpieza,Limpieza Total Perú SAC,2,19.5,0,39.0,26.9,12.1,Pagado,Tarjeta
P10500,2025-03-01,3,C126,Restaurante La Familia 126,Restaurante,Arequipa,Sur,Tienda,Jorge Huamán,HAR-05,Sémola 500 g,Harinas y pastas,Molinos Valle Verde SA,9,4.1,0,36.9,25.83,11.07,Pagado,Efectivo
P10511,2025-03-01,3,C068,Minimarket San Pedro 068,Minimarket,Lima,Lima,Tienda,Luis Paredes,BEB-05,Té helado 500 ml x 12,Bebidas,Bebidas Norte Pacífico SAC,2,29.0,0.05,55.1,35.38,19.72,Pagado,Efectivo
P10511,2025-03-01,3,C068,Minimarket San Pedro 068,Minimarket,Lima,Lima,Tienda,Luis Paredes,LIM-05,Jabón de tocador x 3,Limpieza,Limpieza Total Perú SAC,10,6.5,0.03,63.05,43.6,19.45,Vencido,Plin
P10413,2025-03-02,3,C030,Cafetería San Martín 030,Cafetería,Lima,Lima,Tienda,Ana Quispe,LIM-02,Lejía 4 L,Limpieza,Limpieza Total Perú SAC,8,9.8,0,78.4,51.76,26.64,Pagado,Tarjeta
P10434,2025-03-02,3,C082,Bodega Mi Perú 082,Bodega,Piura,Norte,WhatsApp,María Torres,SNA-01,Papas nativas 120 g x 10,Snacks,Snacks Costa Azul EIRL,11,35.0,0.03,373.45,231.0,142.45,Pagado,Transferencia
P10438,2025-03-02,3,C050,Mayorista El Sol 050,Mayorista,Lima,Lima,Mayorista,Luis Paredes,SNA-01,Papas nativas 120 g x 10,Snacks,Snacks Costa Azul EIRL,44,35.0,0.08,1416.8,924.0,492.8,Pagado,Transferencia
P10438,2025-03-02,3,C050,Mayorista El Sol 050,Mayorista,Lima,Lima,Mayorista,Luis Paredes,LIM-05,Jabón de tocador x 3,Limpieza,Limpieza Total Perú SAC,8,6.5,0.08,47.84,34.88,12.96,Vencido,Transferencia
P10472,2025-03-02,3,C113,Mayorista El Sol 113,Mayorista,Cusco,Sur,Mayorista,Jorge Huamán,SNA-05,Camote frito 120 g x 10,Snacks,Snacks Costa Azul EIRL,44,31.0,0.08,1254.88,804.76,450.12,Pagado,Transferencia
P10472,2025-03-02,3,C113,Mayorista El Sol 113,Mayorista,Cusco,Sur,Mayorista,Jorge Huamán,HAR-03,Fideo tallarín 1 kg,Harinas y pastas,Molinos Valle Verde SA,16,7.2,0.08,105.98,82.88,23.1,Vencido,Transferencia
P10491,2025-03-02,3,C080,Restaurante El Ahorro 080,Restaurante,Trujillo,Norte,Tienda,María Torres,HAR-01,Harina sin preparar 1 kg,Harinas y pastas,Molinos Valle Verde SA,10,5.4,0,54.0,40.0,14.0,Pagado,Transferencia
P10491,2025-03-02,3,C080,Restaurante El Ahorro 080,Restaurante,Trujillo,Norte,Tienda,María Torres,HAR-02,Fideo spaghetti 500 g,Harinas y pastas,Molinos Valle Verde SA,11,3.9,0.03,41.61,30.47,11.14,Vencido,Transferencia
P10499,2025-03-02,3,C108,Bodega El Sol 108,Bodega,Tacna,Sur,Tienda,Jorge Huamán,GRA-04,Chía 500 g,Granos andinos,Agroandina del Sur SAC,7,13.0,0,91.0,58.24,32.76,Pagado,Efectivo
P10375,2025-03-03,3,C131,Bodega Virgen de Fátima 131,Bodega,Huánuco,Centro,Tienda,Rosa Ccori,CAF-03,Cacao en polvo 250 g,Café y cacao,Café Selva Central SAC,5,12.5,0,62.5,37.5,25.0,Pagado,Yape
P10418,2025-03-03,3,C074,Empresa Santa Rosa 074,Empresa,Piura,Norte,Tienda,María Torres,SNA-01,Papas nativas 120 g x 10,Snacks,Snacks Costa Azul EIRL,12,35.0,0.02,411.6,252.0,159.6,Pagado,Tarjeta
P10418,2025-03-03,3,C074,Empresa Santa Rosa 074,Empresa,Piura,Norte,Tienda,María Torres,HAR-03,Fideo tallarín 1 kg,Harinas y pastas,Molinos Valle Verde SA,12,7.2,0.05,82.08,62.16,19.92,Pagado,Efectivo
P10429,2025-03-03,3,C090,Minimarket La Esperanza 090,Minimarket,Piura,Norte,Tienda,María Torres,SNA-04,Maní salado 200 g x 12,Snacks,Snacks Costa Azul EIRL,12,30.0,0.05,342.0,223.2,118.8,Pagado,Transferencia
P10429,2025-03-03,3,C090,Minimarket La Esperanza 090,Minimarket,Piura,Norte,Tienda,María Torres,GRA-05,Avena con quinua 900 g,Granos andinos,Agroandina del Sur SAC,2,11.5,0.02,22.54,15.42,7.12,Vencido,Efectivo
P10429,2025-03-03,3,C090,Minimarket La Esperanza 090,Minimarket,Piura,Norte,Tienda,María Torres,HAR-05,Sémola 500 g,Harinas y pastas,Molinos Valle Verde SA,9,4.1,0,36.9,25.83,11.07,Pagado,Transferencia
P10458,2025-03-03,3,C067,Bodega Las Flores 067,Bodega,Lima,Lima,Tienda,Ana Quispe,GRA-02,Kiwicha pop 300 g,Granos andinos,Agroandina del Sur SAC,5,8.9,0.03,43.16,27.15,16.01,Pagado,Plin
P10459,2025-03-03,3,C086,Restaurante Los Andes 086,Restaurante,Piura,Norte,Online,María Torres,CAF-01,Café tostado molido 500 g,Café y cacao,Café Selva Central SAC,3,24.0,0.02,70.56,41.76,28.8,Pagado,Efectivo
P10459,2025-03-03,3,C086,Restaurante Los Andes 086,Restaurante,Piura,Norte,Online,María Torres,GRA-03,Maca en polvo 250 g,Granos andinos,Agroandina del Sur SAC,10,17.0,0.05,161.5,93.5,68.0,Pagado,Plin
P10465,2025-03-03,3,C075,Mayorista Santa Rosa 075,Mayorista,Trujillo,Norte,Mayorista,María Torres,BEB-04,Bebida rehidratante 500 ml x 12,Bebidas,Bebidas Norte Pacífico SAC,24,33.0,0.08,728.64,498.96,229.68,Pagado,Transferencia
P10490,2025-03-03,3,C012,Cafetería Pachamama 012,Cafetería,Lima,Lima,Tienda,Ana Quispe,SNA-03,Galletas de avena x 24,Snacks,Snacks Costa Azul EIRL,2,22.0,0.03,42.68,28.6,14.08,Vencido,Yape
P10490,2025-03-03,3,C012,Cafetería Pachamama 012,Cafetería,Lima,Lima,Tienda,Ana Quispe,SNA-04,Maní salado 200 g x 12,Snacks,Snacks Costa Azul EIRL,7,30.0,0.03,203.7,130.2,73.5,Pagado,Transferencia
P10490,2025-03-03,3,C012,Cafetería Pachamama 012,Cafetería,Lima,Lima,Tienda,Ana Quispe,LIM-02,Lejía 4 L,Limpieza,Limpieza Total Perú SAC,11,9.8,0,107.8,71.17,36.63,Pagado,Yape
P10503,2025-03-03,3,C006,Bodega Mi Perú 006,Bodega,Lima,Lima,Tienda,Ana Quispe,BEB-04,Bebida rehidratante 500 ml x 12,Bebidas,Bebidas Norte Pacífico SAC,9,33.0,0,297.0,187.11,109.89,Pagado,Tarjeta
P10520,2025-03-03,3,C107,Minimarket Mi Perú 107,Minimarket,Cusco,Sur,Tienda,Jorge Huamán,SNA-01,Papas nativas 120 g x 10,Snacks,Snacks Costa Azul EIRL,10,35.0,0.05,332.5,210.0,122.5,Pagado,Tarjeta
P10520,2025-03-03,3,C107,Minimarket Mi Perú 107,Minimarket,Cusco,Sur,Tienda,Jorge Huamán,CAF-02,Café en grano 1 kg,Café y cacao,Café Selva Central SAC,9,46.0,0,414.0,235.98,178.02,Pagado,Plin
P10520,2025-03-03,3,C107,Minimarket Mi Perú 107,Minimarket,Cusco,Sur,Tienda,Jorge Huamán,GRA-04,Chía 500 g,Granos andinos,Agroandina del Sur SAC,4,13.0,0.02,50.96,33.28,17.68,Pagado,Transferencia
P10349,2025-03-04,3,C034,Minimarket San Martín 034,Minimarket,Lima,Lima,Tienda,Luis Paredes,LIM-03,Lavavajilla 900 g,Limpieza,Limpieza Total Perú SAC,7,8.2,0,57.4,36.75,20.65,Pagado,Efectivo
P10349,2025-03-04,3,C034,Minimarket San Martín 034,Minimarket,Lima,Lima,Tienda,Luis Paredes,HAR-02,Fideo spaghetti 500 g,Harinas y pastas,Molinos Valle Verde SA,2,3.9,0,7.8,5.54,2.26,Pagado,Yape
P10352,2025-03-04,3,C127,Minimarket El Progreso 127,Minimarket,Huánuco,Centro,Tienda,Rosa Ccori,CAF-03,Cacao en polvo 250 g,Café y cacao,Café Selva Central SAC,8,12.5,0,100.0,60.0,40.0,Pagado,Transferencia
P10352,2025-03-04,3,C127,Minimarket El Progreso 127,Minimarket,Huánuco,Centro,Tienda,Rosa Ccori,CAF-05,Café instantáneo 200 g,Café y cacao,Café Selva Central SAC,9,21.0,0.03,183.33,119.07,64.26,Pagado,Transferencia
P10352,2025-03-04,3,C127,Minimarket El Progreso 127,Minimarket,Huánuco,Centro,Tienda,Rosa Ccori,GRA-01,Quinua blanca 1 kg,Granos andinos,Agroandina del Sur SAC,12,14.5,0.05,165.3,114.84,50.46,Pagado,Tarjeta
P10363,2025-03-04,3,C100,Restaurante El Ahorro 100,Restaurante,Cusco,Sur,Tienda,Jorge Huamán,SNA-05,Camote frito 120 g x 10,Snacks,Snacks Costa Azul EIRL,10,31.0,0,310.0,182.9,127.1,Pagado,Transferencia
P10384,2025-03-04,3,C020,Bodega Santa Rosa 020,Bodega,Lima,Lima,Tienda,Luis Paredes,HAR-02,Fideo spaghetti 500 g,Harinas y pastas,Molinos Valle Verde SA,10,3.9,0.02,38.22,27.7,10.52,Pagado,Yape
P10388,2025-03-04,3,C032,Restaurante Santa Rosa 032,Restaurante,Lima,Lima,Tienda,Luis Paredes,BEB-05,Té helado 500 ml x 12,Bebidas,Bebidas Norte Pacífico SAC,8,29.0,0.03,225.04,141.52,83.52,Pagado,Tarjeta
P10388,2025-03-04,3,C032,Restaurante Santa Rosa 032,Restaurante,Lima,Lima,Tienda,Luis Paredes,BEB-05,Té helado 500 ml x 12,Bebidas,Bebidas Norte Pacífico SAC,7,29.0,0,203.0,123.83,79.17,Pagado,Efectivo
P10388,2025-03-04,3,C032,Restaurante Santa Rosa 032,Restaurante,Lima,Lima,Tienda,Luis Paredes,HAR-05,Sémola 500 g,Harinas y pastas,Molinos Valle Verde SA,4,4.1,0.05,15.58,11.48,4.1,Pagado,Yape
P10427,2025-03-04,3,C113,Mayorista El Sol 113,Mayorista,Cusco,Sur,Mayorista,Jorge Huamán,SNA-01,Papas nativas 120 g x 10,Snacks,Snacks Costa Azul EIRL,40,35.0,0.08,1288.0,840.0,448.0,Pagado,Transferencia
P10436,2025-03-04,3,C103,Mayorista Nueva Era 103,Mayorista,Tacna,Sur,Mayorista,Jorge Huamán,LIM-01,Detergente 2 kg,Limpieza,Limpieza Total Perú SAC,40,19.5,0.08,717.6,538.0,179.6,Pagado,Transferencia
P10461,2025-03-04,3,C003,Bodega La Esperanza 003,Bodega,Lima,Lima,Tienda,Ana Quispe,CAF-01,Café tostado molido 500 g,Café y cacao,Café Selva Central SAC,7,24.0,0.02,164.64,97.44,67.2,Pagado,Yape
P10461,2025-03-04,3,C003,Bodega La Esperanza 003,Bodega,Lima,Lima,Tienda,Ana Quispe,LIM-03,Lavavajilla 900 g,Limpieza,Limpieza Total Perú SAC,2,8.2,0,16.4,10.5,5.9,Pagado,Efectivo
P10461,2025-03-04,3,C003,Bodega La Esperanza 003,Bodega,Lima,Lima,Tienda,Ana Quispe,CAF-01,Café tostado molido 500 g,Café y cacao,Café Selva Central SAC,9,24.0,0.05,205.2,125.28,79.92,Pagado,Efectivo
P10505,2025-03-04,3,C092,Cafetería El Progreso 092,Cafetería,Chiclayo,Norte,Tienda,María Torres,GRA-03,Maca en polvo 250 g,Granos andinos,Agroandina del Sur SAC,11,17.0,0,187.0,102.85,84.15,Vencido,Yape
P10505,2025-03-04,3,C092,Cafetería El Progreso 092,Cafetería,Chiclayo,Norte,Tienda,María Torres,LIM-03,Lavavajilla 900 g,Limpieza,Limpieza Total Perú SAC,7,8.2,0.05,54.53,36.75,17.78,Pagado,Tarjeta
P10521,2025-03-04,3,C078,Bodega Inti 078,Bodega,Piura,Norte,Tienda,María Torres,LIM-02,Lejía 4 L,Limpieza,Limpieza Total Perú SAC,2,9.8,0,19.6,12.94,6.66,Pagado,Transferencia
P10521,2025-03-04,3,C078,Bodega Inti 078,Bodega,Piura,Norte,Tienda,María Torres,BEB-05,Té helado 500 ml x 12,Bebidas,Bebidas Norte Pacífico SAC,3,29.0,0,87.0,53.07,33.93,Pagado,Efectivo
P10351,2025-03-05,3,C107,Minimarket Mi Perú 107,Minimarket,Cusco,Sur,Tienda,Jorge Huamán,GRA-04,Chía 500 g,Granos andinos,Agroandina del Sur SAC,5,13.0,0.03,63.05,41.6,21.45,Pagado,Tarjeta
P10351,2025-03-05,3,C107,Minimarket Mi Perú 107,Minimarket,Cusco,Sur,Tienda,Jorge Huamán,BEB-04,Bebida rehidratante 500 ml x 12,Bebidas,Bebidas Norte Pacífico SAC,3,33.0,0.02,97.02,62.37,34.65,Pagado,Transferencia
P10354,2025-03-05,3,C071,Minimarket Santa Rosa 071,Minimarket,Chiclayo,Norte,WhatsApp,María Torres,SNA-05,Camote frito 120 g x 10,Snacks,Snacks Costa Azul EIRL,10,31.0,0,310.0,182.9,127.1,Pagado,Yape
P10354,2025-03-05,3,C071,Minimarket Santa Rosa 071,Minimarket,Chiclayo,Norte,WhatsApp,María Torres,CAF-01,Café tostado molido 500 g,Café y cacao,Café Selva Central SAC,3,24.0,0,72.0,41.76,30.24,Pagado,Yape
P10380,2025-03-05,3,C138,Restaurante Las Flores 138,Restaurante,Huánuco,Centro,Online,Rosa Ccori,GRA-03,Maca en polvo 250 g,Granos andinos,Agroandina del Sur SAC,10,17.0,0,170.0,93.5,76.5,Pagado,Transferencia
P10419,2025-03-05,3,C110,Bodega La Esperanza 110,Bodega,Arequipa,Sur,Tienda,Jorge Huamán,BEB-04,Bebida rehidratante 500 ml x 12,Bebidas,Bebidas Norte Pacífico SAC,7,33.0,0,231.0,145.53,85.47,Pagado,Tarjeta
P10419,2025-03-05,3,C110,Bodega La Esperanza 110,Bodega,Arequipa,Sur,Tienda,Jorge Huamán,GRA-05,Avena con quinua 900 g,Granos andinos,Agroandina del Sur SAC,3,11.5,0.05,32.77,23.13,9.64,Pagado,Transferencia
P10485,2025-03-05,3,C041,Bodega Santa Rosa 041,Bodega,Lima,Lima,Tienda,Rodrigo Salas,BEB-04,Bebida rehidratante 500 ml x 12,Bebidas,Bebidas Norte Pacífico SAC,3,33.0,0.177,81.48,62.37,19.11,Pagado,Plin
P10485,2025-03-05,3,C041,Bodega Santa Rosa 041,Bodega,Lima,Lima,Tienda,Rodrigo Salas,SNA-01,Papas nativas 120 g x 10,Snacks,Snacks Costa Azul EIRL,10,35.0,0.171,290.15,210.0,80.15,Pagado,Efectivo
P10485,2025-03-05,3,C041,Bodega Santa Rosa 041,Bodega,Lima,Lima,Tienda,Rodrigo Salas,GRA-05,Avena con quinua 900 g,Granos andinos,Agroandina del Sur SAC,11,11.5,0.154,107.02,84.81,22.21,Pagado,Yape
P10355,2025-03-06,3,C115,Empresa El Puerto 115,Empresa,Arequipa,Sur,Tienda,Jorge Huamán,LIM-04,Desinfectante 1.8 L,Limpieza,Limpieza Total Perú SAC,4,11.9,0,47.6,30.0,17.6,Pagado,Efectivo
P10431,2025-03-06,3,C036,Restaurante El Ahorro 036,Restaurante,Lima,Lima,Tienda,Rodrigo Salas,BEB-05,Té helado 500 ml x 12,Bebidas,Bebidas Norte Pacífico SAC,12,29.0,0.104,311.81,212.28,99.53,Pagado,Tarjeta
P10431,2025-03-06,3,C036,Restaurante El Ahorro 036,Restaurante,Lima,Lima,Tienda,Rodrigo Salas,GRA-01,Quinua blanca 1 kg,Granos andinos,Agroandina del Sur SAC,11,14.5,0.158,134.3,105.27,29.03,Pagado,Transferencia
P10454,2025-03-06,3,C030,Cafetería San Martín 030,Cafetería,Lima,Lima,Tienda,Ana Quispe,GRA-02,Kiwicha pop 300 g,Granos andinos,Agroandina del Sur SAC,3,8.9,0,26.7,16.29,10.41,Pagado,Yape
P10454,2025-03-06,3,C030,Cafetería San Martín 030,Cafetería,Lima,Lima,Tienda,Ana Quispe,CAF-03,Cacao en polvo 250 g,Café y cacao,Café Selva Central SAC,6,12.5,0.03,72.75,45.0,27.75,Pagado,Transferencia
P10402,2025-03-07,3,C064,Restaurante La Victoria 064,Restaurante,Lima,Lima,Tienda,Ana Quispe,GRA-04,Chía 500 g,Granos andinos,Agroandina del Sur SAC,11,13.0,0.02,140.14,91.52,48.62,Pagado,Plin
P10403,2025-03-07,3,C050,Mayorista El Sol 050,Mayorista,Lima,Lima,Mayorista,Ana Quispe,SNA-01,Papas nativas 120 g x 10,Snacks,Snacks Costa Azul EIRL,40,35.0,0.08,1288.0,840.0,448.0,Vencido,Transferencia
P10403,2025-03-07,3,C050,Mayorista El Sol 050,Mayorista,Lima,Lima,Mayorista,Ana Quispe,HAR-02,Fideo spaghetti 500 g,Harinas y pastas,Molinos Valle Verde SA,32,3.9,0.08,114.82,88.64,26.18,Pagado,Transferencia
P10356,2025-03-08,3,C045,Minimarket Inti 045,Minimarket,Lima,Lima,Tienda,Luis Paredes,HAR-02,Fideo spaghetti 500 g,Harinas y pastas,Molinos Valle Verde SA,6,3.9,0,23.4,16.62,6.78,Pagado,Yape
P10356,2025-03-08,3,C045,Minimarket Inti 045,Minimarket,Lima,Lima,Tienda,Luis Paredes,GRA-02,Kiwicha pop 300 g,Granos andinos,Agroandina del Sur SAC,2,8.9,0.05,16.91,10.86,6.05,Pagado,Yape
P10371,2025-03-08,3,C008,Minimarket El Trébol 008,Minimarket,Lima,Lima,Tienda,Ana Quispe,CAF-04,Chocolate para taza 180 g,Café y cacao,Café Selva Central SAC,5,9.9,0.03,48.02,30.7,17.32,Pagado,Yape
P10372,2025-03-08,3,C113,Mayorista El Sol 113,Mayorista,Cusco,Sur,Mayorista,Jorge Huamán,CAF-04,Chocolate para taza 180 g,Café y cacao,Café Selva Central SAC,40,9.9,0.08,364.32,245.6,118.72,Pagado,Transferencia
P10372,2025-03-08,3,C113,Mayorista El Sol 113,Mayorista,Cusco,Sur,Mayorista,Jorge Huamán,CAF-01,Café tostado molido 500 g,Café y cacao,Café Selva Central SAC,36,24.0,0.08,794.88,501.12,293.76,Pagado,Transferencia
P10382,2025-03-08,3,C068,Minimarket San Pedro 068,Minimarket,Lima,Lima,Tienda,Ana Quispe,LIM-05,Jabón de tocador x 3,Limpieza,Limpieza Total Perú SAC,4,6.5,0.05,24.7,17.44,7.26,Pagado,Efectivo
P10399,2025-03-08,3,C067,Bodega Las Flores 067,Bodega,Lima,Lima,Tienda,Ana Quispe,SNA-05,Camote frito 120 g x 10,Snacks,Snacks Costa Azul EIRL,12,31.0,0,372.0,219.48,152.52,Pagado,Transferencia
P10414,2025-03-08,3,C104,Empresa La Esperanza 104,Empresa,Tacna,Sur,Tienda,Jorge Huamán,CAF-04,Chocolate para taza 180 g,Café y cacao,Café Selva Central SAC,10,9.9,0,99.0,61.4,37.6,Pagado,Efectivo
P10414,2025-03-08,3,C104,Empresa La Esperanza 104,Empresa,Tacna,Sur,Tienda,Jorge Huamán,HAR-05,Sémola 500 g,Harinas y pastas,Molinos Valle Verde SA,9,4.1,0,36.9,25.83,11.07,Pagado,Transferencia
P10463,2025-03-08,3,C097,Bodega El Puerto 097,Bodega,Trujillo,Norte,Tienda,María Torres,LIM-02,Lejía 4 L,Limpieza,Limpieza Total Perú SAC,7,9.8,0,68.6,45.29,23.31,Pagado,Transferencia
P10471,2025-03-08,3,C010,Restaurante Los Andes 010,Restaurante,Lima,Lima,Tienda,Ana Quispe,CAF-02,Café en grano 1 kg,Café y cacao,Café Selva Central SAC,3,46.0,0.02,135.24,78.66,56.58,Pagado,Transferencia
P10474,2025-03-08,3,C123,Minimarket La Victoria 123,Minimarket,Tacna,Sur,Tienda,Jorge Huamán,SNA-05,Camote frito 120 g x 10,Snacks,Snacks Costa Azul EIRL,11,31.0,0.05,323.95,201.19,122.76,Pagado,Efectivo
P10474,2025-03-08,3,C123,Minimarket La Victoria 123,Minimarket,Tacna,Sur,Tienda,Jorge Huamán,CAF-05,Café instantáneo 200 g,Café y cacao,Café Selva Central SAC,6,21.0,0,126.0,79.38,46.62,Pagado,Transferencia
P10492,2025-03-08,3,C133,Empresa Las Flores 133,Empresa,Huánuco,Centro,Online,Rosa Ccori,HAR-05,Sémola 500 g,Harinas y pastas,Molinos Valle Verde SA,12,4.1,0.03,47.72,34.44,13.28,Pagado,Tarjeta
P10367,2025-03-09,3,C134,Bodega El Puerto 134,Bodega,Huancayo,Centro,Tienda,Rosa Ccori,SNA-01,Papas nativas 120 g x 10,Snacks,Snacks Costa Azul EIRL,6,35.0,0.05,199.5,126.0,73.5,Pagado,Plin
P10367,2025-03-09,3,C134,Bodega El Puerto 134,Bodega,Huancayo,Centro,Tienda,Rosa Ccori,CAF-04,Chocolate para taza 180 g,Café y cacao,Café Selva Central SAC,4,9.9,0.02,38.81,24.56,14.25,Pagado,Yape
P10367,2025-03-09,3,C134,Bodega El Puerto 134,Bodega,Huancayo,Centro,Tienda,Rosa Ccori,BEB-04,Bebida rehidratante 500 ml x 12,Bebidas,Bebidas Norte Pacífico SAC,6,33.0,0,198.0,124.74,73.26,Pagado,Yape
P10389,2025-03-09,3,C015,Bodega Pachamama 015,Bodega,Lima,Lima,Tienda,Ana Quispe,CAF-05,Café instantáneo 200 g,Café y cacao,Café Selva Central SAC,12,21.0,0.03,244.44,158.76,85.68,Pagado,Yape
P10392,2025-03-09,3,C052,Bodega La Victoria 052,Bodega,Lima,Lima,Tienda,Rodrigo Salas,HAR-01,Harina sin preparar 1 kg,Harinas y pastas,Molinos Valle Verde SA,3,5.4,0.159,13.62,12.0,1.62,Pagado,Tarjeta
P10392,2025-03-09,3,C052,Bodega La Victoria 052,Bodega,Lima,Lima,Tienda,Rodrigo Salas,HAR-02,Fideo spaghetti 500 g,Harinas y pastas,Molinos Valle Verde SA,12,3.9,0.101,42.07,33.24,8.83,Pagado,Yape
P10395,2025-03-09,3,C054,Bodega Nueva Era 054,Bodega,Lima,Lima,Tienda,Ana Quispe,GRA-03,Maca en polvo 250 g,Granos andinos,Agroandina del Sur SAC,10,17.0,0.02,166.6,93.5,73.1,Pagado,Tarjeta
P10401,2025-03-09,3,C092,Cafetería El Progreso 092,Cafetería,Chiclayo,Norte,Tienda,María Torres,HAR-04,Harina preparada 1 kg,Harinas y pastas,Molinos Valle Verde SA,7,6.3,0,44.1,32.2,11.9,Pagado,Yape
P10407,2025-03-09,3,C027,Mayorista El Ahorro 027,Mayorista,Lima,Lima,Mayorista,Ana Quispe,CAF-02,Café en grano 1 kg,Café y cacao,Café Selva Central SAC,12,46.0,0.08,507.84,314.64,193.2,Pagado,Transferencia
P10407,2025-03-09,3,C027,Mayorista El Ahorro 027,Mayorista,Lima,Lima,Mayorista,Ana Quispe,BEB-05,Té helado 500 ml x 12,Bebidas,Bebidas Norte Pacífico SAC,28,29.0,0.08,747.04,495.32,251.72,Pagado,Transferencia
P10526,2025-03-09,3,C026,Bodega Mi Perú 026,Bodega,Lima,Lima,Tienda,Ana Quispe,BEB-04,Bebida rehidratante 500 ml x 12,Bebidas,Bebidas Norte Pacífico SAC,8,33.0,0.05,250.8,166.32,84.48,Pagado,Yape
P10538,2025-03-09,3,C094,Bodega Santa Rosa 094,Bodega,Trujillo,Norte,Tienda,María Torres,LIM-01,Detergente 2 kg,Limpieza,Limpieza Total Perú SAC,6,19.5,0,117.0,80.7,36.3,Pagado,Efectivo
P10538,2025-03-09,3,C094,Bodega Santa Rosa 094,Bodega,Trujillo,Norte,Tienda,María Torres,GRA-03,Maca en polvo 250 g,Granos andinos,Agroandina del Sur SAC,7,17.0,0.02,116.62,65.45,51.17,Vencido,Yape
P10417,2025-03-10,3,C034,Minimarket San Martín 034,Minimarket,Lima,Lima,WhatsApp,Rodrigo Salas,HAR-05,Sémola 500 g,Harinas y pastas,Molinos Valle Verde SA,11,4.1,0.177,37.12,31.57,5.55,Pagado,Plin
P10417,2025-03-10,3,C034,Minimarket San Martín 034,Minimarket,Lima,Lima,WhatsApp,Rodrigo Salas,HAR-04,Harina preparada 1 kg,Harinas y pastas,Molinos Valle Verde SA,3,6.3,0.138,16.29,13.8,2.49,Pagado,Transferencia
P10417,2025-03-10,3,C034,Minimarket San Martín 034,Minimarket,Lima,Lima,WhatsApp,Rodrigo Salas,CAF-03,Cacao en polvo 250 g,Café y cacao,Café Selva Central SAC,3,12.5,0.116,33.15,22.5,10.65,Pagado,Plin
P10420,2025-03-10,3,C024,Bodega Los Andes 024,Bodega,Lima,Lima,Tienda,Rodrigo Salas,GRA-01,Quinua blanca 1 kg,Granos andinos,Agroandina del Sur SAC,3,14.5,0.172,36.02,28.71,7.31,Pagado,Yape
P10420,2025-03-10,3,C024,Bodega Los Andes 024,Bodega,Lima,Lima,Tienda,Rodrigo Salas,CAF-01,Café tostado molido 500 g,Café y cacao,Café Selva Central SAC,4,24.0,0.135,83.04,55.68,27.36,Pagado,Plin
P10420,2025-03-10,3,C024,Bodega Los Andes 024,Bodega,Lima,Lima,Tienda,Rodrigo Salas,LIM-03,Lavavajilla 900 g,Limpieza,Limpieza Total Perú SAC,5,8.2,0.111,36.45,26.25,10.2,Pagado,Yape
P10447,2025-03-10,3,C003,Bodega La Esperanza 003,Bodega,Lima,Lima,Tienda,Ana Quispe,BEB-04,Bebida rehidratante 500 ml x 12,Bebidas,Bebidas Norte Pacífico SAC,3,33.0,0,99.0,62.37,36.63,Pagado,Transferencia
P10447,2025-03-10,3,C003,Bodega La Esperanza 003,Bodega,Lima,Lima,Tienda,Ana Quispe,SNA-03,Galletas de avena x 24,Snacks,Snacks Costa Azul EIRL,10,22.0,0.05,209.0,143.0,66.0,Vencido,Transferencia
P10473,2025-03-10,3,C032,Restaurante Santa Rosa 032,Restaurante,Lima,Lima,Tienda,Ana Quispe,SNA-05,Camote frito 120 g x 10,Snacks,Snacks Costa Azul EIRL,11,31.0,0,341.0,201.19,139.81,Pagado,Efectivo
P10508,2025-03-10,3,C121,Bodega Don Lucho 121,Bodega,Arequipa,Sur,Tienda,Jorge Huamán,BEB-04,Bebida rehidratante 500 ml x 12,Bebidas,Bebidas Norte Pacífico SAC,8,33.0,0.02,258.72,166.32,92.4,Pagado,Yape
P10508,2025-03-10,3,C121,Bodega Don Lucho 121,Bodega,Arequipa,Sur,Tienda,Jorge Huamán,LIM-05,Jabón de tocador x 3,Limpieza,Limpieza Total Perú SAC,5,6.5,0.03,31.52,21.8,9.72,Pagado,Efectivo
P10533,2025-03-10,3,C132,Restaurante Nueva Era 132,Restaurante,Huánuco,Centro,Tienda,Rosa Ccori,GRA-02,Kiwicha pop 300 g,Granos andinos,Agroandina del Sur SAC,7,8.9,0,62.3,38.01,24.29,Pagado,Efectivo
P10535,2025-03-10,3,C033,Minimarket Primavera 033,Minimarket,Lima,Lima,Tienda,Rodrigo Salas,BEB-04,Bebida rehidratante 500 ml x 12,Bebidas,Bebidas Norte Pacífico SAC,6,33.0,0.128,172.66,124.74,47.92,Pagado,Transferencia
P10387,2025-03-11,3,C102,Mayorista El Progreso 102,Mayorista,Tacna,Sur,Mayorista,Jorge Huamán,BEB-05,Té helado 500 ml x 12,Bebidas,Bebidas Norte Pacífico SAC,32,29.0,0.08,853.76,566.08,287.68,Pagado,Transferencia
P10387,2025-03-11,3,C102,Mayorista El Progreso 102,Mayorista,Tacna,Sur,Mayorista,Jorge Huamán,BEB-04,Bebida rehidratante 500 ml x 12,Bebidas,Bebidas Norte Pacífico SAC,44,33.0,0.08,1335.84,914.76,421.08,Pagado,Transferencia
P10387,2025-03-11,3,C102,Mayorista El Progreso 102,Mayorista,Tacna,Sur,Mayorista,Jorge Huamán,LIM-04,Desinfectante 1.8 L,Limpieza,Limpieza Total Perú SAC,24,11.9,0.08,262.75,180.0,82.75,Pagado,Transferencia
P10393,2025-03-11,3,C045,Minimarket Inti 045,Minimarket,Lima,Lima,Tienda,Ana Quispe,SNA-01,Papas nativas 120 g x 10,Snacks,Snacks Costa Azul EIRL,4,35.0,0.05,133.0,84.0,49.0,Pagado,Yape
P10393,2025-03-11,3,C045,Minimarket Inti 045,Minimarket,Lima,Lima,Tienda,Ana Quispe,CAF-05,Café instantáneo 200 g,Café y cacao,Café Selva Central SAC,2,21.0,0.03,40.74,26.46,14.28,Pagado,Yape
P10393,2025-03-11,3,C045,Minimarket Inti 045,Minimarket,Lima,Lima,Tienda,Ana Quispe,BEB-02,Gaseosa 3 L x 4,Bebidas,Bebidas Norte Pacífico SAC,3,32.0,0,96.0,65.28,30.72,Pagado,Transferencia
P10453,2025-03-11,3,C006,Bodega Mi Perú 006,Bodega,Lima,Lima,Tienda,Rodrigo Salas,SNA-04,Maní salado 200 g x 12,Snacks,Snacks Costa Azul EIRL,9,30.0,0.165,225.45,167.4,58.05,Pagado,Transferencia
P10453,2025-03-11,3,C006,Bodega Mi Perú 006,Bodega,Lima,Lima,Tienda,Rodrigo Salas,GRA-03,Maca en polvo 250 g,Granos andinos,Agroandina del Sur SAC,3,17.0,0.12,44.88,28.05,16.83,Pagado,Yape
P10455,2025-03-11,3,C009,Minimarket La Esperanza 009,Minimarket,Lima,Lima,Tienda,Luis Paredes,BEB-05,Té helado 500 ml x 12,Bebidas,Bebidas Norte Pacífico SAC,11,29.0,0,319.0,194.59,124.41,Pagado,Transferencia
P10455,2025-03-11,3,C009,Minimarket La Esperanza 009,Minimarket,Lima,Lima,Tienda,Luis Paredes,BEB-02,Gaseosa 3 L x 4,Bebidas,Bebidas Norte Pacífico SAC,4,32.0,0,128.0,87.04,40.96,Pagado,Tarjeta
P10464,2025-03-11,3,C038,Bodega El Ahorro 038,Bodega,Lima,Lima,Tienda,Ana Quispe,LIM-05,Jabón de tocador x 3,Limpieza,Limpieza Total Perú SAC,4,6.5,0.05,24.7,17.44,7.26,Pagado,Transferencia
P10466,2025-03-11,3,C075,Mayorista Santa Rosa 075,Mayorista,Trujillo,Norte,Mayorista,María Torres,CAF-04,Chocolate para taza 180 g,Café y cacao,Café Selva Central SAC,36,9.9,0.08,327.89,221.04,106.85,Vencido,Transferencia
P10466,2025-03-11,3,C075,Mayorista Santa Rosa 075,Mayorista,Trujillo,Norte,Mayorista,María Torres,HAR-05,Sémola 500 g,Harinas y pastas,Molinos Valle Verde SA,28,4.1,0.08,105.62,80.36,25.26,Pagado,Transferencia
P10517,2025-03-11,3,C120,Restaurante Virgen de Fátima 120,Restaurante,Cusco,Sur,Tienda,Jorge Huamán,LIM-03,Lavavajilla 900 g,Limpieza,Limpieza Total Perú SAC,9,8.2,0.02,72.32,47.25,25.07,Pagado,Transferencia
P10517,2025-03-11,3,C120,Restaurante Virgen de Fátima 120,Restaurante,Cusco,Sur,Tienda,Jorge Huamán,CAF-05,Café instantáneo 200 g,Café y cacao,Café Selva Central SAC,6,21.0,0.02,123.48,79.38,44.1,Pagado,Yape
P10525,2025-03-11,3,C044,Bodega Inti 044,Bodega,Lima,Lima,Tienda,Rodrigo Salas,LIM-05,Jabón de tocador x 3,Limpieza,Limpieza Total Perú SAC,5,6.5,0.167,27.07,21.8,5.27,Pagado,Transferencia
P10374,2025-03-12,3,C023,Bodega El Sol 023,Bodega,Lima,Lima,Tienda,Ana Quispe,HAR-04,Harina preparada 1 kg,Harinas y pastas,Molinos Valle Verde SA,8,6.3,0.05,47.88,36.8,11.08,Pagado,Efectivo
P10430,2025-03-12,3,C033,Minimarket Primavera 033,Minimarket,Lima,Lima,Tienda,Ana Quispe,BEB-05,Té helado 500 ml x 12,Bebidas,Bebidas Norte Pacífico SAC,5,29.0,0.02,142.1,88.45,53.65,Pagado,Transferencia
P10430,2025-03-12,3,C033,Minimarket Primavera 033,Minimarket,Lima,Lima,Tienda,Ana Quispe,GRA-02,Kiwicha pop 300 g,Granos andinos,Agroandina del Sur SAC,9,8.9,0.03,77.7,48.87,28.83,Pagado,Plin
P10430,2025-03-12,3,C033,Minimarket Primavera 033,Minimarket,Lima,Lima,Tienda,Ana Quispe,GRA-04,Chía 500 g,Granos andinos,Agroandina del Sur SAC,5,13.0,0.03,63.05,41.6,21.45,Pagado,Transferencia
P10441,2025-03-12,3,C051,Empresa San Martín 051,Empresa,Lima,Lima,Tienda,Ana Quispe,LIM-05,Jabón de tocador x 3,Limpieza,Limpieza Total Perú SAC,3,6.5,0.02,19.11,13.08,6.03,Vencido,Yape
P10441,2025-03-12,3,C051,Empresa San Martín 051,Empresa,Lima,Lima,Tienda,Ana Quispe,HAR-05,Sémola 500 g,Harinas y pastas,Molinos Valle Verde SA,9,4.1,0,36.9,25.83,11.07,Vencido,Efectivo
P10452,2025-03-12,3,C091,Cafetería El Puerto 091,Cafetería,Chiclayo,Norte,Tienda,María Torres,LIM-02,Lejía 4 L,Limpieza,Limpieza Total Perú SAC,8,9.8,0,78.4,51.76,26.64,Pagado,Yape
P10452,2025-03-12,3,C091,Cafetería El Puerto 091,Cafetería,Chiclayo,Norte,Tienda,María Torres,GRA-02,Kiwicha pop 300 g,Granos andinos,Agroandina del Sur SAC,4,8.9,0.05,33.82,21.72,12.1,Pagado,Efectivo
P10452,2025-03-12,3,C091,Cafetería El Puerto 091,Cafetería,Chiclayo,Norte,Tienda,María Torres,GRA-03,Maca en polvo 250 g,Granos andinos,Agroandina del Sur SAC,5,17.0,0,85.0,46.75,38.25,Pagado,Yape
P10480,2025-03-12,3,C020,Bodega Santa Rosa 020,Bodega,Lima,Lima,Tienda,Rodrigo Salas,LIM-04,Desinfectante 1.8 L,Limpieza,Limpieza Total Perú SAC,10,11.9,0.162,99.72,75.0,24.72,Pagado,Transferencia
P10493,2025-03-12,3,C091,Cafetería El Puerto 091,Cafetería,Chiclayo,Norte,Tienda,María Torres,LIM-01,Detergente 2 kg,Limpieza,Limpieza Total Perú SAC,3,19.5,0.03,56.74,40.35,16.39,Pagado,Yape
P10493,2025-03-12,3,C091,Cafetería El Puerto 091,Cafetería,Chiclayo,Norte,Tienda,María Torres,GRA-03,Maca en polvo 250 g,Granos andinos,Agroandina del Sur SAC,10,17.0,0,170.0,93.5,76.5,Pagado,Transferencia
P10493,2025-03-12,3,C091,Cafetería El Puerto 091,Cafetería,Chiclayo,Norte,Tienda,María Torres,GRA-02,Kiwicha pop 300 g,Granos andinos,Agroandina del Sur SAC,3,8.9,0,26.7,16.29,10.41,Pagado,Efectivo
P10523,2025-03-12,3,C077,Mayorista Inti 077,Mayorista,Trujillo,Norte,Mayorista,María Torres,LIM-01,Detergente 2 kg,Limpieza,Limpieza Total Perú SAC,16,19.5,0.08,287.04,215.2,71.84,Pagado,Transferencia
P10531,2025-03-12,3,C124,Minimarket Primavera 124,Minimarket,Cusco,Sur,Tienda,Jorge Huamán,GRA-04,Chía 500 g,Granos andinos,Agroandina del Sur SAC,2,13.0,0.05,24.7,16.64,8.06,Pagado,Yape
P10531,2025-03-12,3,C124,Minimarket Primavera 124,Minimarket,Cusco,Sur,Tienda,Jorge Huamán,HAR-04,Harina preparada 1 kg,Harinas y pastas,Molinos Valle Verde SA,8,6.3,0,50.4,36.8,13.6,Pagado,Plin
P10361,2025-03-13,3,C118,Bodega El Sol 118,Bodega,Cusco,Sur,Tienda,Jorge Huamán,LIM-02,Lejía 4 L,Limpieza,Limpieza Total Perú SAC,7,9.8,0.02,67.23,45.29,21.94,Pagado,Plin
P10361,2025-03-13,3,C118,Bodega El Sol 118,Bodega,Cusco,Sur,Tienda,Jorge Huamán,HAR-03,Fideo tallarín 1 kg,Harinas y pastas,Molinos Valle Verde SA,5,7.2,0.05,34.2,25.9,8.3,Pagado,Tarjeta
P10426,2025-03-13,3,C090,Minimarket La Esperanza 090,Minimarket,Piura,Norte,Tienda,María Torres,BEB-04,Bebida rehidratante 500 ml x 12,Bebidas,Bebidas Norte Pacífico SAC,11,33.0,0,363.0,228.69,134.31,Vencido,Efectivo
P10426,2025-03-13,3,C090,Minimarket La Esperanza 090,Minimarket,Piura,Norte,Tienda,María Torres,GRA-04,Chía 500 g,Granos andinos,Agroandina del Sur SAC,5,13.0,0,65.0,41.6,23.4,Pagado,Transferencia
P10426,2025-03-13,3,C090,Minimarket La Esperanza 090,Minimarket,Piura,Norte,Tienda,María Torres,HAR-04,Harina preparada 1 kg,Harinas y pastas,Molinos Valle Verde SA,4,6.3,0.05,23.94,18.4,5.54,Vencido,Yape
P10468,2025-03-13,3,C133,Empresa Las Flores 133,Empresa,Huánuco,Centro,Tienda,Rosa Ccori,BEB-02,Gaseosa 3 L x 4,Bebidas,Bebidas Norte Pacífico SAC,7,32.0,0,224.0,152.32,71.68,Pagado,Yape
P10468,2025-03-13,3,C133,Empresa Las Flores 133,Empresa,Huánuco,Centro,Tienda,Rosa Ccori,SNA-03,Galletas de avena x 24,Snacks,Snacks Costa Azul EIRL,9,22.0,0.03,192.06,128.7,63.36,Pagado,Tarjeta
P10476,2025-03-13,3,C032,Restaurante Santa Rosa 032,Restaurante,Lima,Lima,Tienda,Rodrigo Salas,BEB-01,Agua mineral 625 ml x 15,Bebidas,Bebidas Norte Pacífico SAC,3,18.0,0.164,45.14,33.48,11.66,Pagado,Yape
P10476,2025-03-13,3,C032,Restaurante Santa Rosa 032,Restaurante,Lima,Lima,Tienda,Rodrigo Salas,LIM-01,Detergente 2 kg,Limpieza,Limpieza Total Perú SAC,2,19.5,0.113,34.59,26.9,7.69,Pagado,Transferencia
P10494,2025-03-13,3,C008,Minimarket El Trébol 008,Minimarket,Lima,Lima,Tienda,Ana Quispe,GRA-01,Quinua blanca 1 kg,Granos andinos,Agroandina del Sur SAC,8,14.5,0.03,112.52,76.56,35.96,Pagado,Transferencia
P10494,2025-03-13,3,C008,Minimarket El Trébol 008,Minimarket,Lima,Lima,Tienda,Ana Quispe,HAR-03,Fideo tallarín 1 kg,Harinas y pastas,Molinos Valle Verde SA,3,7.2,0.03,20.95,15.54,5.41,Pagado,Transferencia
P10358,2025-03-14,3,C134,Bodega El Puerto 134,Bodega,Huancayo,Centro,Tienda,Rosa Ccori,CAF-05,Café instantáneo 200 g,Café y cacao,Café Selva Central SAC,2,21.0,0.03,40.74,26.46,14.28,Pagado,Transferencia
P10385,2025-03-14,3,C136,Bodega El Ahorro 136,Bodega,Huánuco,Centro,Tienda,Rosa Ccori,SNA-04,Maní salado 200 g x 12,Snacks,Snacks Costa Azul EIRL,3,30.0,0,90.0,55.8,34.2,Pagado,Transferencia
P10385,2025-03-14,3,C136,Bodega El Ahorro 136,Bodega,Huánuco,Centro,Tienda,Rosa Ccori,SNA-02,Chifles 150 g x 10,Snacks,Snacks Costa Azul EIRL,12,28.0,0.02,329.28,194.88,134.4,Pagado,Yape
P10386,2025-03-14,3,C072,Empresa Santa Rosa 072,Empresa,Trujillo,Norte,Tienda,María Torres,HAR-02,Fideo spaghetti 500 g,Harinas y pastas,Molinos Valle Verde SA,4,3.9,0.02,15.29,11.08,4.21,Pagado,Yape
P10386,2025-03-14,3,C072,Empresa Santa Rosa 072,Empresa,Trujillo,Norte,Tienda,María Torres,HAR-03,Fideo tallarín 1 kg,Harinas y pastas,Molinos Valle Verde SA,3,7.2,0,21.6,15.54,6.06,Pagado,Transferencia
P10386,2025-03-14,3,C072,Empresa Santa Rosa 072,Empresa,Trujillo,Norte,Tienda,María Torres,SNA-05,Camote frito 120 g x 10,Snacks,Snacks Costa Azul EIRL,12,31.0,0,372.0,219.48,152.52,Pagado,Efectivo
P10397,2025-03-14,3,C030,Cafetería San Martín 030,Cafetería,Lima,Lima,Tienda,Luis Paredes,CAF-05,Café instantáneo 200 g,Café y cacao,Café Selva Central SAC,9,21.0,0,189.0,119.07,69.93,Pagado,Transferencia
P10397,2025-03-14,3,C030,Cafetería San Martín 030,Cafetería,Lima,Lima,Tienda,Luis Paredes,BEB-04,Bebida rehidratante 500 ml x 12,Bebidas,Bebidas Norte Pacífico SAC,9,33.0,0,297.0,187.11,109.89,Pagado,Plin
P10397,2025-03-14,3,C030,Cafetería San Martín 030,Cafetería,Lima,Lima,Tienda,Luis Paredes,SNA-03,Galletas de avena x 24,Snacks,Snacks Costa Azul EIRL,5,22.0,0,110.0,71.5,38.5,Pagado,Tarjeta
P10423,2025-03-14,3,C058,Restaurante La Familia 058,Restaurante,Lima,Lima,Tienda,Ana Quispe,GRA-01,Quinua blanca 1 kg,Granos andinos,Agroandina del Sur SAC,3,14.5,0.03,42.2,28.71,13.49,Pagado,Efectivo
P10423,2025-03-14,3,C058,Restaurante La Familia 058,Restaurante,Lima,Lima,Tienda,Ana Quispe,CAF-03,Cacao en polvo 250 g,Café y cacao,Café Selva Central SAC,10,12.5,0.02,122.5,75.0,47.5,Pagado,Plin
P10439,2025-03-14,3,C127,Minimarket El Progreso 127,Minimarket,Huánuco,Centro,Tienda,Rosa Ccori,SNA-03,Galletas de avena x 24,Snacks,Snacks Costa Azul EIRL,6,22.0,0.05,125.4,85.8,39.6,Pagado,Transferencia
P10439,2025-03-14,3,C127,Minimarket El Progreso 127,Minimarket,Huánuco,Centro,Tienda,Rosa Ccori,BEB-03,Néctar de durazno 1 L x 6,Bebidas,Bebidas Norte Pacífico SAC,8,27.0,0.02,211.68,138.24,73.44,Pagado,Transferencia
P10439,2025-03-14,3,C127,Minimarket El Progreso 127,Minimarket,Huánuco,Centro,Tienda,Rosa Ccori,SNA-05,Camote frito 120 g x 10,Snacks,Snacks Costa Azul EIRL,11,31.0,0,341.0,201.19,139.81,Pagado,Tarjeta
P10446,2025-03-14,3,C046,Restaurante Don Lucho 046,Restaurante,Lima,Lima,Tienda,Rodrigo Salas,SNA-02,Chifles 150 g x 10,Snacks,Snacks Costa Azul EIRL,5,28.0,0.157,118.02,81.2,36.82,Pagado,Transferencia
P10446,2025-03-14,3,C046,Restaurante Don Lucho 046,Restaurante,Lima,Lima,Tienda,Rodrigo Salas,BEB-02,Gaseosa 3 L x 4,Bebidas,Bebidas Norte Pacífico SAC,3,32.0,0.144,82.18,65.28,16.9,Vencido,Yape
P10446,2025-03-14,3,C046,Restaurante Don Lucho 046,Restaurante,Lima,Lima,Tienda,Rodrigo Salas,LIM-02,Lejía 4 L,Limpieza,Limpieza Total Perú SAC,6,9.8,0.142,50.45,38.82,11.63,Pagado,Yape
P10522,2025-03-14,3,C046,Restaurante Don Lucho 046,Restaurante,Lima,Lima,Tienda,Ana Quispe,GRA-02,Kiwicha pop 300 g,Granos andinos,Agroandina del Sur SAC,12,8.9,0.05,101.46,65.16,36.3,Pagado,Efectivo
P10522,2025-03-14,3,C046,Restaurante Don Lucho 046,Restaurante,Lima,Lima,Tienda,Ana Quispe,LIM-05,Jabón de tocador x 3,Limpieza,Limpieza Total Perú SAC,4,6.5,0.02,25.48,17.44,8.04,Pagado,Transferencia
P10522,2025-03-14,3,C046,Restaurante Don Lucho 046,Restaurante,Lima,Lima,Tienda,Ana Quispe,LIM-02,Lejía 4 L,Limpieza,Limpieza Total Perú SAC,2,9.8,0.05,18.62,12.94,5.68,Pagado,Transferencia
P10536,2025-03-14,3,C008,Minimarket El Trébol 008,Minimarket,Lima,Lima,Tienda,Luis Paredes,CAF-02,Café en grano 1 kg,Café y cacao,Café Selva Central SAC,8,46.0,0.05,349.6,209.76,139.84,Vencido,Transferencia
P10357,2025-03-15,3,C037,Bodega El Trébol 037,Bodega,Lima,Lima,Tienda,Rodrigo Salas,LIM-04,Desinfectante 1.8 L,Limpieza,Limpieza Total Perú SAC,5,11.9,0.171,49.33,37.5,11.83,Pagado,Transferencia
P10357,2025-03-15,3,C037,Bodega El Trébol 037,Bodega,Lima,Lima,Tienda,Rodrigo Salas,BEB-02,Gaseosa 3 L x 4,Bebidas,Bebidas Norte Pacífico SAC,6,32.0,0.173,158.78,130.56,28.22,Pagado,Plin
P10362,2025-03-15,3,C069,Restaurante Mi Perú 069,Restaurante,Lima,Lima,Tienda,Rodrigo Salas,CAF-02,Café en grano 1 kg,Café y cacao,Café Selva Central SAC,10,46.0,0.127,401.58,262.2,139.38,Pagado,Yape
P10362,2025-03-15,3,C069,Restaurante Mi Perú 069,Restaurante,Lima,Lima,Tienda,Rodrigo Salas,SNA-04,Maní salado 200 g x 12,Snacks,Snacks Costa Azul EIRL,6,30.0,0.105,161.1,111.6,49.5,Pagado,Transferencia
P10428,2025-03-15,3,C097,Bodega El Puerto 097,Bodega,Trujillo,Norte,Tienda,María Torres,LIM-05,Jabón de tocador x 3,Limpieza,Limpieza Total Perú SAC,11,6.5,0.05,67.92,47.96,19.96,Pagado,Transferencia
P10428,2025-03-15,3,C097,Bodega El Puerto 097,Bodega,Trujillo,Norte,Tienda,María Torres,SNA-03,Galletas de avena x 24,Snacks,Snacks Costa Azul EIRL,6,22.0,0.05,125.4,85.8,39.6,Pagado,Yape
P10442,2025-03-15,3,C077,Mayorista Inti 077,Mayorista,Trujillo,Norte,Mayorista,María Torres,GRA-01,Quinua blanca 1 kg,Granos andinos,Agroandina del Sur SAC,8,14.5,0.08,106.72,76.56,30.16,Pagado,Transferencia
P10442,2025-03-15,3,C077,Mayorista Inti 077,Mayorista,Trujillo,Norte,Mayorista,María Torres,LIM-02,Lejía 4 L,Limpieza,Limpieza Total Perú SAC,48,9.8,0.08,432.77,310.56,122.21,Vencido,Transferencia
P10411,2025-03-16,3,C073,Minimarket Don Lucho 073,Minimarket,Trujillo,Norte,Tienda,María Torres,BEB-02,Gaseosa 3 L x 4,Bebidas,Bebidas Norte Pacífico SAC,6,32.0,0.05,182.4,130.56,51.84,Pagado,Yape
P10451,2025-03-16,3,C119,Bodega El Sol 119,Bodega,Cusco,Sur,Tienda,Jorge Huamán,BEB-05,Té helado 500 ml x 12,Bebidas,Bebidas Norte Pacífico SAC,12,29.0,0.05,330.6,212.28,118.32,Pagado,Efectivo
P10456,2025-03-16,3,C115,Empresa El Puerto 115,Empresa,Arequipa,Sur,Tienda,Jorge Huamán,HAR-04,Harina preparada 1 kg,Harinas y pastas,Molinos Valle Verde SA,5,6.3,0.03,30.55,23.0,7.55,Pagado,Transferencia
P10456,2025-03-16,3,C115,Empresa El Puerto 115,Empresa,Arequipa,Sur,Tienda,Jorge Huamán,LIM-02,Lejía 4 L,Limpieza,Limpieza Total Perú SAC,7,9.8,0,68.6,45.29,23.31,Pagado,Tarjeta
P10456,2025-03-16,3,C115,Empresa El Puerto 115,Empresa,Arequipa,Sur,Tienda,Jorge Huamán,BEB-01,Agua mineral 625 ml x 15,Bebidas,Bebidas Norte Pacífico SAC,12,18.0,0.05,205.2,133.92,71.28,Pagado,Yape
P10506,2025-03-16,3,C006,Bodega Mi Perú 006,Bodega,Lima,Lima,Online,Luis Paredes,CAF-04,Chocolate para taza 180 g,Café y cacao,Café Selva Central SAC,2,9.9,0.05,18.81,12.28,6.53,Pagado,Transferencia
P10506,2025-03-16,3,C006,Bodega Mi Perú 006,Bodega,Lima,Lima,Online,Luis Paredes,SNA-02,Chifles 150 g x 10,Snacks,Snacks Costa Azul EIRL,2,28.0,0.03,54.32,32.48,21.84,Pagado,Plin
P10529,2025-03-16,3,C012,Cafetería Pachamama 012,Cafetería,Lima,Lima,Tienda,Luis Paredes,LIM-05,Jabón de tocador x 3,Limpieza,Limpieza Total Perú SAC,5,6.5,0.05,30.88,21.8,9.08,Pagado,Tarjeta
P10529,2025-03-16,3,C012,Cafetería Pachamama 012,Cafetería,Lima,Lima,Tienda,Luis Paredes,SNA-01,Papas nativas 120 g x 10,Snacks,Snacks Costa Azul EIRL,4,35.0,0,140.0,84.0,56.0,Pagado,Plin
P10350,2025-03-17,3,C040,Minimarket La Esperanza 040,Minimarket,Lima,Lima,WhatsApp,Luis Paredes,BEB-04,Bebida rehidratante 500 ml x 12,Bebidas,Bebidas Norte Pacífico SAC,5,33.0,0.03,160.05,103.95,56.1,Pagado,Yape
P10360,2025-03-17,3,C129,Mayorista La Esperanza 129,Mayorista,Huánuco,Centro,Mayorista,Rosa Ccori,GRA-01,Quinua blanca 1 kg,Granos andinos,Agroandina del Sur SAC,16,14.5,0.08,213.44,153.12,60.32,Pagado,Transferencia
P10415,2025-03-17,3,C113,Mayorista El Sol 113,Mayorista,Cusco,Sur,Mayorista,Jorge Huamán,LIM-05,Jabón de tocador x 3,Limpieza,Limpieza Total Perú SAC,16,6.5,0.08,95.68,69.76,25.92,Vencido,Transferencia
P10415,2025-03-17,3,C113,Mayorista El Sol 113,Mayorista,Cusco,Sur,Mayorista,Jorge Huamán,BEB-01,Agua mineral 625 ml x 15,Bebidas,Bebidas Norte Pacífico SAC,12,18.0,0.08,198.72,133.92,64.8,Vencido,Transferencia
P10415,2025-03-17,3,C113,Mayorista El Sol 113,Mayorista,Cusco,Sur,Mayorista,Jorge Huamán,GRA-03,Maca en polvo 250 g,Granos andinos,Agroandina del Sur SAC,20,17.0,0.08,312.8,187.0,125.8,Pagado,Transferencia
P10470,2025-03-17,3,C003,Bodega La Esperanza 003,Bodega,Lima,Lima,Tienda,Luis Paredes,CAF-02,Café en grano 1 kg,Café y cacao,Café Selva Central SAC,11,46.0,0,506.0,288.42,217.58,Pagado,Tarjeta
P10498,2025-03-17,3,C125,Bodega El Ahorro 125,Bodega,Cusco,Sur,Tienda,Jorge Huamán,LIM-05,Jabón de tocador x 3,Limpieza,Limpieza Total Perú SAC,11,6.5,0,71.5,47.96,23.54,Pagado,Transferencia
P10509,2025-03-17,3,C122,Bodega El Ahorro 122,Bodega,Tacna,Sur,Tienda,Jorge Huamán,BEB-04,Bebida rehidratante 500 ml x 12,Bebidas,Bebidas Norte Pacífico SAC,6,33.0,0,198.0,124.74,73.26,Vencido,Yape
P10400,2025-03-18,3,C047,Restaurante Primavera 047,Restaurante,Lima,Lima,Tienda,Luis Paredes,HAR-01,Harina sin preparar 1 kg,Harinas y pastas,Molinos Valle Verde SA,7,5.4,0,37.8,28.0,9.8,Vencido,Plin
P10400,2025-03-18,3,C047,Restaurante Primavera 047,Restaurante,Lima,Lima,Tienda,Luis Paredes,LIM-04,Desinfectante 1.8 L,Limpieza,Limpieza Total Perú SAC,11,11.9,0.05,124.36,82.5,41.86,Pagado,Efectivo
P10409,2025-03-18,3,C126,Restaurante La Familia 126,Restaurante,Arequipa,Sur,Tienda,Jorge Huamán,LIM-05,Jabón de tocador x 3,Limpieza,Limpieza Total Perú SAC,12,6.5,0.05,74.1,52.32,21.78,Pagado,Tarjeta
P10409,2025-03-18,3,C126,Restaurante La Familia 126,Restaurante,Arequipa,Sur,Tienda,Jorge Huamán,CAF-03,Cacao en polvo 250 g,Café y cacao,Café Selva Central SAC,12,12.5,0,150.0,90.0,60.0,Pagado,Transferencia
P10481,2025-03-18,3,C127,Minimarket El Progreso 127,Minimarket,Huánuco,Centro,Tienda,Rosa Ccori,CAF-03,Cacao en polvo 250 g,Café y cacao,Café Selva Central SAC,4,12.5,0,50.0,30.0,20.0,Pagado,Yape
P10481,2025-03-18,3,C127,Minimarket El Progreso 127,Minimarket,Huánuco,Centro,Tienda,Rosa Ccori,CAF-04,Chocolate para taza 180 g,Café y cacao,Café Selva Central SAC,11,9.9,0.05,103.45,67.54,35.91,Pagado,Efectivo
P10481,2025-03-18,3,C127,Minimarket El Progreso 127,Minimarket,Huánuco,Centro,Tienda,Rosa Ccori,GRA-01,Quinua blanca 1 kg,Granos andinos,Agroandina del Sur SAC,9,14.5,0.05,123.97,86.13,37.84,Pagado,Tarjeta
P10483,2025-03-18,3,C112,Minimarket La Familia 112,Minimarket,Cusco,Sur,Tienda,Jorge Huamán,LIM-02,Lejía 4 L,Limpieza,Limpieza Total Perú SAC,11,9.8,0.03,104.57,71.17,33.4,Pagado,Efectivo
P10487,2025-03-18,3,C138,Restaurante Las Flores 138,Restaurante,Huánuco,Centro,WhatsApp,Rosa Ccori,LIM-01,Detergente 2 kg,Limpieza,Limpieza Total Perú SAC,10,19.5,0,195.0,134.5,60.5,Pagado,Yape
P10487,2025-03-18,3,C138,Restaurante Las Flores 138,Restaurante,Huánuco,Centro,WhatsApp,Rosa Ccori,LIM-02,Lejía 4 L,Limpieza,Limpieza Total Perú SAC,10,9.8,0,98.0,64.7,33.3,Pagado,Yape
P10497,2025-03-18,3,C070,Minimarket El Ahorro 070,Minimarket,Lima,Lima,Tienda,Ana Quispe,BEB-01,Agua mineral 625 ml x 15,Bebidas,Bebidas Norte Pacífico SAC,12,18.0,0.03,209.52,133.92,75.6,Pagado,Yape
P10497,2025-03-18,3,C070,Minimarket El Ahorro 070,Minimarket,Lima,Lima,Tienda,Ana Quispe,LIM-03,Lavavajilla 900 g,Limpieza,Limpieza Total Perú SAC,12,8.2,0.03,95.45,63.0,32.45,Pagado,Efectivo
P10507,2025-03-18,3,C138,Restaurante Las Flores 138,Restaurante,Huánuco,Centro,Tienda,Rosa Ccori,SNA-04,Maní salado 200 g x 12,Snacks,Snacks Costa Azul EIRL,10,30.0,0.03,291.0,186.0,105.0,Pagado,Transferencia
P10507,2025-03-18,3,C138,Restaurante Las Flores 138,Restaurante,Huánuco,Centro,Tienda,Rosa Ccori,SNA-01,Papas nativas 120 g x 10,Snacks,Snacks Costa Azul EIRL,11,35.0,0,385.0,231.0,154.0,Pagado,Tarjeta
P10365,2025-03-19,3,C055,Empresa Inti 055,Empresa,Lima,Lima,Tienda,Ana Quispe,HAR-04,Harina preparada 1 kg,Harinas y pastas,Molinos Valle Verde SA,7,6.3,0,44.1,32.2,11.9,Pagado,Transferencia
P10365,2025-03-19,3,C055,Empresa Inti 055,Empresa,Lima,Lima,Tienda,Ana Quispe,BEB-02,Gaseosa 3 L x 4,Bebidas,Bebidas Norte Pacífico SAC,11,32.0,0.05,334.4,239.36,95.04,Pagado,Efectivo
P10365,2025-03-19,3,C055,Empresa Inti 055,Empresa,Lima,Lima,Tienda,Ana Quispe,HAR-04,Harina preparada 1 kg,Harinas y pastas,Molinos Valle Verde SA,4,6.3,0.03,24.44,18.4,6.04,Pagado,Transferencia
P10390,2025-03-19,3,C080,Restaurante El Ahorro 080,Restaurante,Trujillo,Norte,Tienda,María Torres,BEB-04,Bebida rehidratante 500 ml x 12,Bebidas,Bebidas Norte Pacífico SAC,3,33.0,0.05,94.05,62.37,31.68,Pagado,Transferencia
P10390,2025-03-19,3,C080,Restaurante El Ahorro 080,Restaurante,Trujillo,Norte,Tienda,María Torres,HAR-04,Harina preparada 1 kg,Harinas y pastas,Molinos Valle Verde SA,12,6.3,0.03,73.33,55.2,18.13,Pagado,Yape
P10424,2025-03-19,3,C062,Restaurante Los Andes 062,Restaurante,Lima,Lima,Tienda,Luis Paredes,BEB-02,Gaseosa 3 L x 4,Bebidas,Bebidas Norte Pacífico SAC,7,32.0,0.03,217.28,152.32,64.96,Pagado,Transferencia
P10424,2025-03-19,3,C062,Restaurante Los Andes 062,Restaurante,Lima,Lima,Tienda,Luis Paredes,SNA-05,Camote frito 120 g x 10,Snacks,Snacks Costa Azul EIRL,7,31.0,0,217.0,128.03,88.97,Pagado,Yape
P10437,2025-03-19,3,C106,Cafetería El Progreso 106,Cafetería,Cusco,Sur,Tienda,Jorge Huamán,LIM-02,Lejía 4 L,Limpieza,Limpieza Total Perú SAC,3,9.8,0,29.4,19.41,9.99,Pagado,Transferencia
P10437,2025-03-19,3,C106,Cafetería El Progreso 106,Cafetería,Cusco,Sur,Tienda,Jorge Huamán,BEB-01,Agua mineral 625 ml x 15,Bebidas,Bebidas Norte Pacífico SAC,4,18.0,0.03,69.84,44.64,25.2,Pagado,Yape
P10445,2025-03-19,3,C002,Bodega Pachamama 002,Bodega,Lima,Lima,Tienda,Rodrigo Salas,HAR-03,Fideo tallarín 1 kg,Harinas y pastas,Molinos Valle Verde SA,2,7.2,0.104,12.9,10.36,2.54,Pagado,Transferencia
P10467,2025-03-19,3,C005,Minimarket Inti 005,Minimarket,Lima,Lima,Tienda,Ana Quispe,BEB-01,Agua mineral 625 ml x 15,Bebidas,Bebidas Norte Pacífico SAC,11,18.0,0.05,188.1,122.76,65.34,Pagado,Transferencia
P10477,2025-03-19,3,C085,Minimarket Virgen de Fátima 085,Minimarket,Chiclayo,Norte,Tienda,María Torres,CAF-03,Cacao en polvo 250 g,Café y cacao,Café Selva Central SAC,2,12.5,0.03,24.25,15.0,9.25,Pagado,Transferencia
P10479,2025-03-19,3,C093,Empresa Pachamama 093,Empresa,Piura,Norte,Tienda,María Torres,LIM-01,Detergente 2 kg,Limpieza,Limpieza Total Perú SAC,6,19.5,0,117.0,80.7,36.3,Pagado,Transferencia
P10479,2025-03-19,3,C093,Empresa Pachamama 093,Empresa,Piura,Norte,Tienda,María Torres,BEB-01,Agua mineral 625 ml x 15,Bebidas,Bebidas Norte Pacífico SAC,9,18.0,0,162.0,100.44,61.56,Pagado,Plin
P10495,2025-03-19,3,C115,Empresa El Puerto 115,Empresa,Arequipa,Sur,Tienda,Jorge Huamán,CAF-01,Café tostado molido 500 g,Café y cacao,Café Selva Central SAC,11,24.0,0.05,250.8,153.12,97.68,Pagado,Efectivo
P10495,2025-03-19,3,C115,Empresa El Puerto 115,Empresa,Arequipa,Sur,Tienda,Jorge Huamán,GRA-04,Chía 500 g,Granos andinos,Agroandina del Sur SAC,11,13.0,0.03,138.71,91.52,47.19,Pagado,Tarjeta
P10495,2025-03-19,3,C115,Empresa El Puerto 115,Empresa,Arequipa,Sur,Tienda,Jorge Huamán,HAR-04,Harina preparada 1 kg,Harinas y pastas,Molinos Valle Verde SA,11,6.3,0,69.3,50.6,18.7,Pagado,Plin
P10527,2025-03-19,3,C104,Empresa La Esperanza 104,Empresa,Tacna,Sur,Online,Jorge Huamán,BEB-03,Néctar de durazno 1 L x 6,Bebidas,Bebidas Norte Pacífico SAC,3,27.0,0,81.0,51.84,29.16,Pagado,Yape
P10435,2025-03-20,3,C062,Restaurante Los Andes 062,Restaurante,Lima,Lima,Tienda,Ana Quispe,HAR-05,Sémola 500 g,Harinas y pastas,Molinos Valle Verde SA,7,4.1,0.03,27.84,20.09,7.75,Pagado,Efectivo
P10435,2025-03-20,3,C062,Restaurante Los Andes 062,Restaurante,Lima,Lima,Tienda,Ana Quispe,GRA-04,Chía 500 g,Granos andinos,Agroandina del Sur SAC,11,13.0,0.05,135.85,91.52,44.33,Pagado,Transferencia
P10435,2025-03-20,3,C062,Restaurante Los Andes 062,Restaurante,Lima,Lima,Tienda,Ana Quispe,BEB-01,Agua mineral 625 ml x 15,Bebidas,Bebidas Norte Pacífico SAC,3,18.0,0.03,52.38,33.48,18.9,Pagado,Transferencia
P10469,2025-03-20,3,C088,Empresa Pachamama 088,Empresa,Trujillo,Norte,Tienda,María Torres,CAF-03,Cacao en polvo 250 g,Café y cacao,Café Selva Central SAC,7,12.5,0,87.5,52.5,35.0,Pagado,Transferencia
P10469,2025-03-20,3,C088,Empresa Pachamama 088,Empresa,Trujillo,Norte,Tienda,María Torres,BEB-05,Té helado 500 ml x 12,Bebidas,Bebidas Norte Pacífico SAC,4,29.0,0.03,112.52,70.76,41.76,Pagado,Transferencia
P10469,2025-03-20,3,C088,Empresa Pachamama 088,Empresa,Trujillo,Norte,Tienda,María Torres,SNA-01,Papas nativas 120 g x 10,Snacks,Snacks Costa Azul EIRL,3,35.0,0.03,101.85,63.0,38.85,Pagado,Efectivo
P10484,2025-03-20,3,C041,Bodega Santa Rosa 041,Bodega,Lima,Lima,Tienda,Luis Paredes,BEB-03,Néctar de durazno 1 L x 6,Bebidas,Bebidas Norte Pacífico SAC,3,27.0,0,81.0,51.84,29.16,Pagado,Yape
P10484,2025-03-20,3,C041,Bodega Santa Rosa 041,Bodega,Lima,Lima,Tienda,Luis Paredes,SNA-01,Papas nativas 120 g x 10,Snacks,Snacks Costa Azul EIRL,2,35.0,0.02,68.6,42.0,26.6,Pagado,Tarjeta
P10510,2025-03-20,3,C070,Minimarket El Ahorro 070,Minimarket,Lima,Lima,Tienda,Rodrigo Salas,BEB-05,Té helado 500 ml x 12,Bebidas,Bebidas Norte Pacífico SAC,11,29.0,0.123,279.76,194.59,85.17,Pagado,Yape
P10510,2025-03-20,3,C070,Minimarket El Ahorro 070,Minimarket,Lima,Lima,Tienda,Rodrigo Salas,BEB-02,Gaseosa 3 L x 4,Bebidas,Bebidas Norte Pacífico SAC,11,32.0,0.166,293.57,239.36,54.21,Pagado,Yape
P10510,2025-03-20,3,C070,Minimarket El Ahorro 070,Minimarket,Lima,Lima,Tienda,Rodrigo Salas,HAR-03,Fideo tallarín 1 kg,Harinas y pastas,Molinos Valle Verde SA,6,7.2,0.156,36.46,31.08,5.38,Pagado,Yape
P10534,2025-03-20,3,C041,Bodega Santa Rosa 041,Bodega,Lima,Lima,Tienda,Rodrigo Salas,LIM-03,Lavavajilla 900 g,Limpieza,Limpieza Total Perú SAC,11,8.2,0.175,74.41,57.75,16.66,Vencido,Transferencia
P10534,2025-03-20,3,C041,Bodega Santa Rosa 041,Bodega,Lima,Lima,Tienda,Rodrigo Salas,SNA-03,Galletas de avena x 24,Snacks,Snacks Costa Azul EIRL,3,22.0,0.142,56.63,42.9,13.73,Pagado,Tarjeta
P10353,2025-03-21,3,C081,Restaurante Las Flores 081,Restaurante,Chiclayo,Norte,Tienda,María Torres,LIM-03,Lavavajilla 900 g,Limpieza,Limpieza Total Perú SAC,7,8.2,0,57.4,36.75,20.65,Pagado,Efectivo
P10353,2025-03-21,3,C081,Restaurante Las Flores 081,Restaurante,Chiclayo,Norte,Tienda,María Torres,BEB-05,Té helado 500 ml x 12,Bebidas,Bebidas Norte Pacífico SAC,10,29.0,0,290.0,176.9,113.1,Pagado,Yape
P10422,2025-03-21,3,C007,Restaurante El Puerto 007,Restaurante,Lima,Lima,Tienda,Ana Quispe,LIM-05,Jabón de tocador x 3,Limpieza,Limpieza Total Perú SAC,7,6.5,0,45.5,30.52,14.98,Pagado,Transferencia
P10449,2025-03-21,3,C006,Bodega Mi Perú 006,Bodega,Lima,Lima,Tienda,Luis Paredes,BEB-04,Bebida rehidratante 500 ml x 12,Bebidas,Bebidas Norte Pacífico SAC,3,33.0,0.03,96.03,62.37,33.66,Pagado,Tarjeta
P10449,2025-03-21,3,C006,Bodega Mi Perú 006,Bodega,Lima,Lima,Tienda,Luis Paredes,LIM-03,Lavavajilla 900 g,Limpieza,Limpieza Total Perú SAC,3,8.2,0,24.6,15.75,8.85,Pagado,Transferencia
P10496,2025-03-21,3,C006,Bodega Mi Perú 006,Bodega,Lima,Lima,Tienda,Luis Paredes,CAF-05,Café instantáneo 200 g,Café y cacao,Café Selva Central SAC,7,21.0,0,147.0,92.61,54.39,Pagado,Plin
P10524,2025-03-21,3,C020,Bodega Santa Rosa 020,Bodega,Lima,Lima,Tienda,Ana Quispe,CAF-02,Café en grano 1 kg,Café y cacao,Café Selva Central SAC,10,46.0,0,460.0,262.2,197.8,Pagado,Transferencia
P10524,2025-03-21,3,C020,Bodega Santa Rosa 020,Bodega,Lima,Lima,Tienda,Ana Quispe,BEB-05,Té helado 500 ml x 12,Bebidas,Bebidas Norte Pacífico SAC,3,29.0,0,87.0,53.07,33.93,Pagado,Transferencia
P10524,2025-03-21,3,C020,Bodega Santa Rosa 020,Bodega,Lima,Lima,Tienda,Ana Quispe,BEB-02,Gaseosa 3 L x 4,Bebidas,Bebidas Norte Pacífico SAC,7,32.0,0,224.0,152.32,71.68,Pagado,Yape
P10537,2025-03-21,3,C098,Empresa Pachamama 098,Empresa,Trujillo,Norte,Online,María Torres,HAR-04,Harina preparada 1 kg,Harinas y pastas,Molinos Valle Verde SA,9,6.3,0.05,53.86,41.4,12.46,Pagado,Yape
P10537,2025-03-21,3,C098,Empresa Pachamama 098,Empresa,Trujillo,Norte,Online,María Torres,LIM-03,Lavavajilla 900 g,Limpieza,Limpieza Total Perú SAC,7,8.2,0.03,55.68,36.75,18.93,Pagado,Tarjeta
P10359,2025-03-22,3,C028,Restaurante El Ahorro 028,Restaurante,Lima,Lima,Tienda,Luis Paredes,SNA-04,Maní salado 200 g x 12,Snacks,Snacks Costa Azul EIRL,9,30.0,0.02,264.6,167.4,97.2,Pagado,Transferencia
P10359,2025-03-22,3,C028,Restaurante El Ahorro 028,Restaurante,Lima,Lima,Tienda,Luis Paredes,SNA-03,Galletas de avena x 24,Snacks,Snacks Costa Azul EIRL,7,22.0,0,154.0,100.1,53.9,Pagado,Efectivo
P10369,2025-03-22,3,C040,Minimarket La Esperanza 040,Minimarket,Lima,Lima,Tienda,Ana Quispe,BEB-03,Néctar de durazno 1 L x 6,Bebidas,Bebidas Norte Pacífico SAC,10,27.0,0.05,256.5,172.8,83.7,Pagado,Yape
P10369,2025-03-22,3,C040,Minimarket La Esperanza 040,Minimarket,Lima,Lima,Tienda,Ana Quispe,SNA-02,Chifles 150 g x 10,Snacks,Snacks Costa Azul EIRL,11,28.0,0,308.0,178.64,129.36,Pagado,Tarjeta
P10378,2025-03-22,3,C120,Restaurante Virgen de Fátima 120,Restaurante,Cusco,Sur,Tienda,Jorge Huamán,SNA-05,Camote frito 120 g x 10,Snacks,Snacks Costa Azul EIRL,7,31.0,0.02,212.66,128.03,84.63,Pagado,Tarjeta
P10378,2025-03-22,3,C120,Restaurante Virgen de Fátima 120,Restaurante,Cusco,Sur,Tienda,Jorge Huamán,GRA-03,Maca en polvo 250 g,Granos andinos,Agroandina del Sur SAC,11,17.0,0.03,181.39,102.85,78.54,Pagado,Efectivo
P10408,2025-03-22,3,C092,Cafetería El Progreso 092,Cafetería,Chiclayo,Norte,Tienda,María Torres,HAR-05,Sémola 500 g,Harinas y pastas,Molinos Valle Verde SA,4,4.1,0.02,16.07,11.48,4.59,Pagado,Efectivo
P10408,2025-03-22,3,C092,Cafetería El Progreso 092,Cafetería,Chiclayo,Norte,Tienda,María Torres,LIM-03,Lavavajilla 900 g,Limpieza,Limpieza Total Perú SAC,3,8.2,0,24.6,15.75,8.85,Pagado,Transferencia
P10408,2025-03-22,3,C092,Cafetería El Progreso 092,Cafetería,Chiclayo,Norte,Tienda,María Torres,SNA-04,Maní salado 200 g x 12,Snacks,Snacks Costa Azul EIRL,8,30.0,0.02,235.2,148.8,86.4,Pagado,Transferencia
P10443,2025-03-22,3,C109,Bodega Los Andes 109,Bodega,Tacna,Sur,Tienda,Jorge Huamán,BEB-04,Bebida rehidratante 500 ml x 12,Bebidas,Bebidas Norte Pacífico SAC,6,33.0,0.03,192.06,124.74,67.32,Vencido,Yape
P10443,2025-03-22,3,C109,Bodega Los Andes 109,Bodega,Tacna,Sur,Tienda,Jorge Huamán,HAR-03,Fideo tallarín 1 kg,Harinas y pastas,Molinos Valle Verde SA,11,7.2,0,79.2,56.98,22.22,Pagado,Transferencia
P10482,2025-03-22,3,C134,Bodega El Puerto 134,Bodega,Huancayo,Centro,Tienda,Rosa Ccori,LIM-05,Jabón de tocador x 3,Limpieza,Limpieza Total Perú SAC,4,6.5,0,26.0,17.44,8.56,Pagado,Transferencia
P10482,2025-03-22,3,C134,Bodega El Puerto 134,Bodega,Huancayo,Centro,Tienda,Rosa Ccori,LIM-03,Lavavajilla 900 g,Limpieza,Limpieza Total Perú SAC,4,8.2,0,32.8,21.0,11.8,Pagado,Yape
P10482,2025-03-22,3,C134,Bodega El Puerto 134,Bodega,Huancayo,Centro,Tienda,Rosa Ccori,BEB-05,Té helado 500 ml x 12,Bebidas,Bebidas Norte Pacífico SAC,3,29.0,0.02,85.26,53.07,32.19,Pagado,Plin
P10489,2025-03-22,3,C023,Bodega El Sol 023,Bodega,Lima,Lima,Tienda,Rodrigo Salas,CAF-04,Chocolate para taza 180 g,Café y cacao,Café Selva Central SAC,8,9.9,0.132,68.75,49.12,19.63,Pagado,Transferencia
P10515,2025-03-22,3,C137,Minimarket El Puerto 137,Minimarket,Huánuco,Centro,Tienda,Rosa Ccori,LIM-05,Jabón de tocador x 3,Limpieza,Limpieza Total Perú SAC,8,6.5,0,52.0,34.88,17.12,Pagado,Yape
P10515,2025-03-22,3,C137,Minimarket El Puerto 137,Minimarket,Huánuco,Centro,Tienda,Rosa Ccori,LIM-01,Detergente 2 kg,Limpieza,Limpieza Total Perú SAC,2,19.5,0.02,38.22,26.9,11.32,Pagado,Plin
P10528,2025-03-22,3,C136,Bodega El Ahorro 136,Bodega,Huánuco,Centro,Online,Rosa Ccori,GRA-04,Chía 500 g,Granos andinos,Agroandina del Sur SAC,12,13.0,0,156.0,99.84,56.16,Pagado,Tarjeta
P10532,2025-03-22,3,C097,Bodega El Puerto 097,Bodega,Trujillo,Norte,Tienda,María Torres,LIM-05,Jabón de tocador x 3,Limpieza,Limpieza Total Perú SAC,5,6.5,0,32.5,21.8,10.7,Pagado,Yape
P10532,2025-03-22,3,C097,Bodega El Puerto 097,Bodega,Trujillo,Norte,Tienda,María Torres,HAR-04,Harina preparada 1 kg,Harinas y pastas,Molinos Valle Verde SA,9,6.3,0.05,53.86,41.4,12.46,Pagado,Yape
P10379,2025-03-23,3,C040,Minimarket La Esperanza 040,Minimarket,Lima,Lima,Tienda,Rodrigo Salas,SNA-01,Papas nativas 120 g x 10,Snacks,Snacks Costa Azul EIRL,3,35.0,0.108,93.66,63.0,30.66,Pagado,Yape
P10379,2025-03-23,3,C040,Minimarket La Esperanza 040,Minimarket,Lima,Lima,Tienda,Rodrigo Salas,CAF-05,Café instantáneo 200 g,Café y cacao,Café Selva Central SAC,6,21.0,0.153,106.72,79.38,27.34,Pagado,Tarjeta
P10404,2025-03-23,3,C004,Bodega San Pedro 004,Bodega,Lima,Lima,Tienda,Rodrigo Salas,BEB-03,Néctar de durazno 1 L x 6,Bebidas,Bebidas Norte Pacífico SAC,4,27.0,0.148,92.02,69.12,22.9,Pagado,Yape
P10404,2025-03-23,3,C004,Bodega San Pedro 004,Bodega,Lima,Lima,Tienda,Rodrigo Salas,SNA-01,Papas nativas 120 g x 10,Snacks,Snacks Costa Azul EIRL,6,35.0,0.111,186.69,126.0,60.69,Pagado,Transferencia
P10421,2025-03-23,3,C130,Restaurante San Pedro 130,Restaurante,Huancayo,Centro,Tienda,Rosa Ccori,GRA-05,Avena con quinua 900 g,Granos andinos,Agroandina del Sur SAC,11,11.5,0,126.5,84.81,41.69,Pagado,Yape
P10450,2025-03-23,3,C108,Bodega El Sol 108,Bodega,Tacna,Sur,Tienda,Jorge Huamán,BEB-02,Gaseosa 3 L x 4,Bebidas,Bebidas Norte Pacífico SAC,8,32.0,0.02,250.88,174.08,76.8,Pagado,Plin
P10502,2025-03-23,3,C031,Bodega El Ahorro 031,Bodega,Lima,Lima,Tienda,Ana Quispe,CAF-04,Chocolate para taza 180 g,Café y cacao,Café Selva Central SAC,7,9.9,0.05,65.83,42.98,22.85,Pagado,Yape
P10502,2025-03-23,3,C031,Bodega El Ahorro 031,Bodega,Lima,Lima,Tienda,Ana Quispe,SNA-04,Maní salado 200 g x 12,Snacks,Snacks Costa Azul EIRL,7,30.0,0.02,205.8,130.2,75.6,Pagado,Yape
P10364,2025-03-24,3,C132,Restaurante Nueva Era 132,Restaurante,Huánuco,Centro,Tienda,Rosa Ccori,CAF-05,Café instantáneo 200 g,Café y cacao,Café Selva Central SAC,6,21.0,0,126.0,79.38,46.62,Pagado,Yape
P10364,2025-03-24,3,C132,Restaurante Nueva Era 132,Restaurante,Huánuco,Centro,Tienda,Rosa Ccori,SNA-03,Galletas de avena x 24,Snacks,Snacks Costa Azul EIRL,3,22.0,0.03,64.02,42.9,21.12,Pagado,Yape
P10364,2025-03-24,3,C132,Restaurante Nueva Era 132,Restaurante,Huánuco,Centro,Tienda,Rosa Ccori,HAR-02,Fideo spaghetti 500 g,Harinas y pastas,Molinos Valle Verde SA,6,3.9,0,23.4,16.62,6.78,Pagado,Yape
P10383,2025-03-24,3,C090,Minimarket La Esperanza 090,Minimarket,Piura,Norte,Tienda,María Torres,SNA-03,Galletas de avena x 24,Snacks,Snacks Costa Azul EIRL,12,22.0,0,264.0,171.6,92.4,Pagado,Transferencia
P10394,2025-03-24,3,C001,Minimarket El Progreso 001,Minimarket,Lima,Lima,Tienda,Rodrigo Salas,CAF-02,Café en grano 1 kg,Café y cacao,Café Selva Central SAC,2,46.0,0.155,77.74,52.44,25.3,Pagado,Tarjeta
P10394,2025-03-24,3,C001,Minimarket El Progreso 001,Minimarket,Lima,Lima,Tienda,Rodrigo Salas,GRA-05,Avena con quinua 900 g,Granos andinos,Agroandina del Sur SAC,11,11.5,0.125,110.69,84.81,25.88,Pagado,Tarjeta
P10398,2025-03-24,3,C117,Empresa Mi Perú 117,Empresa,Arequipa,Sur,Online,Jorge Huamán,LIM-05,Jabón de tocador x 3,Limpieza,Limpieza Total Perú SAC,3,6.5,0.05,18.52,13.08,5.44,Vencido,Efectivo
P10398,2025-03-24,3,C117,Empresa Mi Perú 117,Empresa,Arequipa,Sur,Online,Jorge Huamán,SNA-01,Papas nativas 120 g x 10,Snacks,Snacks Costa Azul EIRL,8,35.0,0.05,266.0,168.0,98.0,Pagado,Yape
P10398,2025-03-24,3,C117,Empresa Mi Perú 117,Empresa,Arequipa,Sur,Online,Jorge Huamán,HAR-01,Harina sin preparar 1 kg,Harinas y pastas,Molinos Valle Verde SA,5,5.4,0.03,26.19,20.0,6.19,Pagado,Transferencia
P10475,2025-03-24,3,C025,Minimarket Don Lucho 025,Minimarket,Lima,Lima,Tienda,Rodrigo Salas,SNA-03,Galletas de avena x 24,Snacks,Snacks Costa Azul EIRL,12,22.0,0.176,217.54,171.6,45.94,Pagado,Efectivo
P10475,2025-03-24,3,C025,Minimarket Don Lucho 025,Minimarket,Lima,Lima,Tienda,Rodrigo Salas,HAR-03,Fideo tallarín 1 kg,Harinas y pastas,Molinos Valle Verde SA,3,7.2,0.12,19.01,15.54,3.47,Pagado,Tarjeta
P10475,2025-03-24,3,C025,Minimarket Don Lucho 025,Minimarket,Lima,Lima,Tienda,Rodrigo Salas,CAF-01,Café tostado molido 500 g,Café y cacao,Café Selva Central SAC,3,24.0,0.157,60.7,41.76,18.94,Pagado,Transferencia
P10478,2025-03-24,3,C042,Bodega La Familia 042,Bodega,Lima,Lima,Tienda,Rodrigo Salas,BEB-05,Té helado 500 ml x 12,Bebidas,Bebidas Norte Pacífico SAC,4,29.0,0.16,97.44,70.76,26.68,Pagado,Yape
P10478,2025-03-24,3,C042,Bodega La Familia 042,Bodega,Lima,Lima,Tienda,Rodrigo Salas,LIM-02,Lejía 4 L,Limpieza,Limpieza Total Perú SAC,9,9.8,0.159,74.18,58.23,15.95,Pagado,Plin
P10478,2025-03-24,3,C042,Bodega La Familia 042,Bodega,Lima,Lima,Tienda,Rodrigo Salas,SNA-01,Papas nativas 120 g x 10,Snacks,Snacks Costa Azul EIRL,12,35.0,0.18,344.4,252.0,92.4,Pagado,Transferencia
P10513,2025-03-24,3,C095,Bodega La Familia 095,Bodega,Piura,Norte,WhatsApp,María Torres,HAR-05,Sémola 500 g,Harinas y pastas,Molinos Valle Verde SA,7,4.1,0.05,27.26,20.09,7.17,Vencido,Transferencia
P10513,2025-03-24,3,C095,Bodega La Familia 095,Bodega,Piura,Norte,WhatsApp,María Torres,LIM-04,Desinfectante 1.8 L,Limpieza,Limpieza Total Perú SAC,5,11.9,0,59.5,37.5,22.0,Pagado,Yape
P10516,2025-03-24,3,C053,Minimarket Don Lucho 053,Minimarket,Lima,Lima,Tienda,Rodrigo Salas,CAF-02,Café en grano 1 kg,Café y cacao,Café Selva Central SAC,9,46.0,0.13,360.18,235.98,124.2,Pagado,Efectivo
P10376,2025-03-25,3,C069,Restaurante Mi Perú 069,Restaurante,Lima,Lima,Online,Ana Quispe,CAF-02,Café en grano 1 kg,Café y cacao,Café Selva Central SAC,9,46.0,0.02,405.72,235.98,169.74,Pagado,Yape
P10412,2025-03-25,3,C103,Mayorista Nueva Era 103,Mayorista,Tacna,Sur,Mayorista,Jorge Huamán,CAF-01,Café tostado molido 500 g,Café y cacao,Café Selva Central SAC,44,24.0,0.08,971.52,612.48,359.04,Pagado,Transferencia
P10432,2025-03-25,3,C090,Minimarket La Esperanza 090,Minimarket,Piura,Norte,Tienda,María Torres,LIM-04,Desinfectante 1.8 L,Limpieza,Limpieza Total Perú SAC,8,11.9,0,95.2,60.0,35.2,Vencido,Tarjeta
P10432,2025-03-25,3,C090,Minimarket La Esperanza 090,Minimarket,Piura,Norte,Tienda,María Torres,CAF-01,Café tostado molido 500 g,Café y cacao,Café Selva Central SAC,5,24.0,0.02,117.6,69.6,48.0,Pagado,Yape
P10432,2025-03-25,3,C090,Minimarket La Esperanza 090,Minimarket,Piura,Norte,Tienda,María Torres,CAF-05,Café instantáneo 200 g,Café y cacao,Café Selva Central SAC,12,21.0,0,252.0,158.76,93.24,Pagado,Yape
P10433,2025-03-25,3,C035,Bodega El Trébol 035,Bodega,Lima,Lima,Tienda,Luis Paredes,SNA-03,Galletas de avena x 24,Snacks,Snacks Costa Azul EIRL,11,22.0,0.02,237.16,157.3,79.86,Pagado,Transferencia
P10457,2025-03-25,3,C087,Restaurante El Ahorro 087,Restaurante,Trujillo,Norte,Tienda,María Torres,GRA-04,Chía 500 g,Granos andinos,Agroandina del Sur SAC,4,13.0,0.05,49.4,33.28,16.12,Pagado,Transferencia
P10460,2025-03-25,3,C111,Cafetería Virgen de Fátima 111,Cafetería,Tacna,Sur,Tienda,Jorge Huamán,LIM-05,Jabón de tocador x 3,Limpieza,Limpieza Total Perú SAC,3,6.5,0,19.5,13.08,6.42,Pagado,Efectivo
P10460,2025-03-25,3,C111,Cafetería Virgen de Fátima 111,Cafetería,Tacna,Sur,Tienda,Jorge Huamán,CAF-04,Chocolate para taza 180 g,Café y cacao,Café Selva Central SAC,11,9.9,0.05,103.45,67.54,35.91,Pagado,Yape
P10486,2025-03-25,3,C096,Cafetería La Familia 096,Cafetería,Piura,Norte,Tienda,María Torres,BEB-04,Bebida rehidratante 500 ml x 12,Bebidas,Bebidas Norte Pacífico SAC,2,33.0,0.02,64.68,41.58,23.1,Pagado,Plin
P10486,2025-03-25,3,C096,Cafetería La Familia 096,Cafetería,Piura,Norte,Tienda,María Torres,CAF-05,Café instantáneo 200 g,Café y cacao,Café Selva Central SAC,9,21.0,0.02,185.22,119.07,66.15,Pagado,Yape
P10486,2025-03-25,3,C096,Cafetería La Familia 096,Cafetería,Piura,Norte,Tienda,María Torres,CAF-04,Chocolate para taza 180 g,Café y cacao,Café Selva Central SAC,2,9.9,0,19.8,12.28,7.52,Pagado,Plin
P10512,2025-03-25,3,C119,Bodega El Sol 119,Bodega,Cusco,Sur,Tienda,Jorge Huamán,CAF-03,Cacao en polvo 250 g,Café y cacao,Café Selva Central SAC,8,12.5,0.02,98.0,60.0,38.0,Pagado,Transferencia
P10512,2025-03-25,3,C119,Bodega El Sol 119,Bodega,Cusco,Sur,Tienda,Jorge Huamán,GRA-05,Avena con quinua 900 g,Granos andinos,Agroandina del Sur SAC,2,11.5,0,23.0,15.42,7.58,Vencido,Yape
P10518,2025-03-25,3,C140,Minimarket San Pedro 140,Minimarket,Huancayo,Centro,Tienda,Rosa Ccori,SNA-02,Chifles 150 g x 10,Snacks,Snacks Costa Azul EIRL,8,28.0,0.05,212.8,129.92,82.88,Pagado,Transferencia
P10518,2025-03-25,3,C140,Minimarket San Pedro 140,Minimarket,Huancayo,Centro,Tienda,Rosa Ccori,GRA-05,Avena con quinua 900 g,Granos andinos,Agroandina del Sur SAC,2,11.5,0.02,22.54,15.42,7.12,Pagado,Plin
P10381,2025-03-26,3,C030,Cafetería San Martín 030,Cafetería,Lima,Lima,Tienda,Ana Quispe,CAF-02,Café en grano 1 kg,Café y cacao,Café Selva Central SAC,6,46.0,0.03,267.72,157.32,110.4,Pagado,Yape
P10381,2025-03-26,3,C030,Cafetería San Martín 030,Cafetería,Lima,Lima,Tienda,Ana Quispe,HAR-02,Fideo spaghetti 500 g,Harinas y pastas,Molinos Valle Verde SA,10,3.9,0,39.0,27.7,11.3,Pagado,Transferencia
P10396,2025-03-26,3,C063,Restaurante Don Lucho 063,Restaurante,Lima,Lima,Tienda,Rodrigo Salas,HAR-02,Fideo spaghetti 500 g,Harinas y pastas,Molinos Valle Verde SA,10,3.9,0.168,32.45,27.7,4.75,Pagado,Yape
P10406,2025-03-26,3,C134,Bodega El Puerto 134,Bodega,Huancayo,Centro,Tienda,Rosa Ccori,SNA-04,Maní salado 200 g x 12,Snacks,Snacks Costa Azul EIRL,11,30.0,0,330.0,204.6,125.4,Pagado,Transferencia
P10406,2025-03-26,3,C134,Bodega El Puerto 134,Bodega,Huancayo,Centro,Tienda,Rosa Ccori,LIM-03,Lavavajilla 900 g,Limpieza,Limpieza Total Perú SAC,3,8.2,0,24.6,15.75,8.85,Vencido,Plin
P10448,2025-03-26,3,C015,Bodega Pachamama 015,Bodega,Lima,Lima,Tienda,Luis Paredes,BEB-04,Bebida rehidratante 500 ml x 12,Bebidas,Bebidas Norte Pacífico SAC,3,33.0,0.05,94.05,62.37,31.68,Pagado,Transferencia
P10448,2025-03-26,3,C015,Bodega Pachamama 015,Bodega,Lima,Lima,Tienda,Luis Paredes,HAR-04,Harina preparada 1 kg,Harinas y pastas,Molinos Valle Verde SA,9,6.3,0.03,55.0,41.4,13.6,Pagado,Yape
P10377,2025-03-27,3,C063,Restaurante Don Lucho 063,Restaurante,Lima,Lima,Tienda,Luis Paredes,GRA-03,Maca en polvo 250 g,Granos andinos,Agroandina del Sur SAC,3,17.0,0.05,48.45,28.05,20.4,Pagado,Transferencia
P10391,2025-03-27,3,C064,Restaurante La Victoria 064,Restaurante,Lima,Lima,Tienda,Ana Quispe,SNA-04,Maní salado 200 g x 12,Snacks,Snacks Costa Azul EIRL,8,30.0,0.03,232.8,148.8,84.0,Pagado,Efectivo
P10410,2025-03-27,3,C052,Bodega La Victoria 052,Bodega,Lima,Lima,Tienda,Rodrigo Salas,HAR-03,Fideo tallarín 1 kg,Harinas y pastas,Molinos Valle Verde SA,7,7.2,0.163,42.18,36.26,5.92,Vencido,Plin
P10488,2025-03-27,3,C140,Minimarket San Pedro 140,Minimarket,Huancayo,Centro,Tienda,Rosa Ccori,GRA-01,Quinua blanca 1 kg,Granos andinos,Agroandina del Sur SAC,10,14.5,0.02,142.1,95.7,46.4,Pagado,Yape
P10488,2025-03-27,3,C140,Minimarket San Pedro 140,Minimarket,Huancayo,Centro,Tienda,Rosa Ccori,LIM-05,Jabón de tocador x 3,Limpieza,Limpieza Total Perú SAC,10,6.5,0.05,61.75,43.6,18.15,Pagado,Plin
P10501,2025-03-27,3,C031,Bodega El Ahorro 031,Bodega,Lima,Lima,Tienda,Ana Quispe,LIM-04,Desinfectante 1.8 L,Limpieza,Limpieza Total Perú SAC,9,11.9,0,107.1,67.5,39.6,Pagado,Plin
P10501,2025-03-27,3,C031,Bodega El Ahorro 031,Bodega,Lima,Lima,Tienda,Ana Quispe,HAR-04,Harina preparada 1 kg,Harinas y pastas,Molinos Valle Verde SA,6,6.3,0.05,35.91,27.6,8.31,Pagado,Yape
P10530,2025-03-27,3,C041,Bodega Santa Rosa 041,Bodega,Lima,Lima,Tienda,Rodrigo Salas,GRA-02,Kiwicha pop 300 g,Granos andinos,Agroandina del Sur SAC,11,8.9,0.166,81.65,59.73,21.92,Pagado,Yape
P10530,2025-03-27,3,C041,Bodega Santa Rosa 041,Bodega,Lima,Lima,Tienda,Rodrigo Salas,CAF-03,Cacao en polvo 250 g,Café y cacao,Café Selva Central SAC,5,12.5,0.103,56.06,37.5,18.56,Pagado,Yape
P10366,2025-03-28,3,C085,Minimarket Virgen de Fátima 085,Minimarket,Chiclayo,Norte,Tienda,María Torres,CAF-04,Chocolate para taza 180 g,Café y cacao,Café Selva Central SAC,6,9.9,0.02,58.21,36.84,21.37,Pagado,Plin
P10366,2025-03-28,3,C085,Minimarket Virgen de Fátima 085,Minimarket,Chiclayo,Norte,Tienda,María Torres,GRA-01,Quinua blanca 1 kg,Granos andinos,Agroandina del Sur SAC,12,14.5,0.02,170.52,114.84,55.68,Pagado,Tarjeta
P10368,2025-03-28,3,C072,Empresa Santa Rosa 072,Empresa,Trujillo,Norte,Tienda,María Torres,CAF-02,Café en grano 1 kg,Café y cacao,Café Selva Central SAC,2,46.0,0,92.0,52.44,39.56,Pagado,Efectivo
P10368,2025-03-28,3,C072,Empresa Santa Rosa 072,Empresa,Trujillo,Norte,Tienda,María Torres,LIM-02,Lejía 4 L,Limpieza,Limpieza Total Perú SAC,5,9.8,0,49.0,32.35,16.65,Pagado,Yape
P10368,2025-03-28,3,C072,Empresa Santa Rosa 072,Empresa,Trujillo,Norte,Tienda,María Torres,LIM-05,Jabón de tocador x 3,Limpieza,Limpieza Total Perú SAC,10,6.5,0,65.0,43.6,21.4,Pagado,Transferencia
P10373,2025-03-28,3,C116,Bodega Las Flores 116,Bodega,Tacna,Sur,Tienda,Jorge Huamán,LIM-03,Lavavajilla 900 g,Limpieza,Limpieza Total Perú SAC,12,8.2,0.02,96.43,63.0,33.43,Pagado,Yape
P10416,2025-03-28,3,C088,Empresa Pachamama 088,Empresa,Trujillo,Norte,Tienda,María Torres,SNA-01,Papas nativas 120 g x 10,Snacks,Snacks Costa Azul EIRL,4,35.0,0,140.0,84.0,56.0,Pagado,Transferencia
P10444,2025-03-28,3,C092,Cafetería El Progreso 092,Cafetería,Chiclayo,Norte,Tienda,María Torres,LIM-01,Detergente 2 kg,Limpieza,Limpieza Total Perú SAC,3,19.5,0.02,57.33,40.35,16.98,Pagado,Transferencia
P10504,2025-03-28,3,C045,Minimarket Inti 045,Minimarket,Lima,Lima,Tienda,Ana Quispe,BEB-04,Bebida rehidratante 500 ml x 12,Bebidas,Bebidas Norte Pacífico SAC,12,33.0,0,396.0,249.48,146.52,Pagado,Transferencia
P10504,2025-03-28,3,C045,Minimarket Inti 045,Minimarket,Lima,Lima,Tienda,Ana Quispe,GRA-02,Kiwicha pop 300 g,Granos andinos,Agroandina del Sur SAC,9,8.9,0,80.1,48.87,31.23,Pagado,Tarjeta
P10514,2025-03-28,3,C083,Bodega Mi Perú 083,Bodega,Piura,Norte,Tienda,María Torres,CAF-03,Cacao en polvo 250 g,Café y cacao,Café Selva Central SAC,10,12.5,0.03,121.25,75.0,46.25,Pagado,Yape
P10514,2025-03-28,3,C083,Bodega Mi Perú 083,Bodega,Piura,Norte,Tienda,María Torres,LIM-01,Detergente 2 kg,Limpieza,Limpieza Total Perú SAC,3,19.5,0.02,57.33,40.35,16.98,Pagado,Efectivo
P10519,2025-03-28,3,C072,Empresa Santa Rosa 072,Empresa,Trujillo,Norte,Tienda,María Torres,LIM-03,Lavavajilla 900 g,Limpieza,Limpieza Total Perú SAC,3,8.2,0.02,24.11,15.75,8.36,Pagado,Efectivo
P10519,2025-03-28,3,C072,Empresa Santa Rosa 072,Empresa,Trujillo,Norte,Tienda,María Torres,GRA-05,Avena con quinua 900 g,Granos andinos,Agroandina del Sur SAC,3,11.5,0,34.5,23.13,11.37,Pagado,Yape
P10519,2025-03-28,3,C072,Empresa Santa Rosa 072,Empresa,Trujillo,Norte,Tienda,María Torres,LIM-05,Jabón de tocador x 3,Limpieza,Limpieza Total Perú SAC,3,6.5,0.05,18.52,13.08,5.44,Pagado,Efectivo
P10543,2025-04-01,4,C078,Bodega Inti 078,Bodega,Piura,Norte,Tienda,María Torres,BEB-02,Gaseosa 3 L x 4,Bebidas,Bebidas Norte Pacífico SAC,7,32.0,0,224.0,152.32,71.68,Vencido,Transferencia
P10570,2025-04-01,4,C040,Minimarket La Esperanza 040,Minimarket,Lima,Lima,Tienda,Ana Quispe,LIM-03,Lavavajilla 900 g,Limpieza,Limpieza Total Perú SAC,8,8.2,0.02,64.29,42.0,22.29,Pagado,Transferencia
P10570,2025-04-01,4,C040,Minimarket La Esperanza 040,Minimarket,Lima,Lima,Tienda,Ana Quispe,SNA-03,Galletas de avena x 24,Snacks,Snacks Costa Azul EIRL,6,22.0,0.03,128.04,85.8,42.24,Pagado,Plin
P10574,2025-04-01,4,C027,Mayorista El Ahorro 027,Mayorista,Lima,Lima,Mayorista,Luis Paredes,BEB-03,Néctar de durazno 1 L x 6,Bebidas,Bebidas Norte Pacífico SAC,16,27.0,0.08,397.44,276.48,120.96,Pagado,Transferencia
P10613,2025-04-01,4,C096,Cafetería La Familia 096,Cafetería,Piura,Norte,Tienda,María Torres,BEB-02,Gaseosa 3 L x 4,Bebidas,Bebidas Norte Pacífico SAC,8,32.0,0.02,250.88,174.08,76.8,Pagado,Yape
P10641,2025-04-01,4,C003,Bodega La Esperanza 003,Bodega,Lima,Lima,Tienda,Luis Paredes,GRA-01,Quinua blanca 1 kg,Granos andinos,Agroandina del Sur SAC,8,14.5,0,116.0,76.56,39.44,Pagado,Tarjeta
P10659,2025-04-01,4,C117,Empresa Mi Perú 117,Empresa,Arequipa,Sur,Tienda,Jorge Huamán,BEB-02,Gaseosa 3 L x 4,Bebidas,Bebidas Norte Pacífico SAC,12,32.0,0,384.0,261.12,122.88,Pagado,Efectivo
P10727,2025-04-01,4,C110,Bodega La Esperanza 110,Bodega,Arequipa,Sur,Tienda,Jorge Huamán,HAR-02,Fideo spaghetti 500 g,Harinas y pastas,Molinos Valle Verde SA,8,3.9,0.03,30.26,22.16,8.1,Vencido,Plin
P10727,2025-04-01,4,C110,Bodega La Esperanza 110,Bodega,Arequipa,Sur,Tienda,Jorge Huamán,GRA-03,Maca en polvo 250 g,Granos andinos,Agroandina del Sur SAC,11,17.0,0,187.0,102.85,84.15,Pagado,Tarjeta
P10564,2025-04-02,4,C110,Bodega La Esperanza 110,Bodega,Arequipa,Sur,Tienda,Jorge Huamán,CAF-05,Café instantáneo 200 g,Café y cacao,Café Selva Central SAC,9,21.0,0.02,185.22,119.07,66.15,Pagado,Plin
P10605,2025-04-02,4,C070,Minimarket El Ahorro 070,Minimarket,Lima,Lima,Tienda,Rodrigo Salas,CAF-05,Café instantáneo 200 g,Café y cacao,Café Selva Central SAC,7,21.0,0.147,125.39,92.61,32.78,Pagado,Transferencia
P10605,2025-04-02,4,C070,Minimarket El Ahorro 070,Minimarket,Lima,Lima,Tienda,Rodrigo Salas,LIM-02,Lejía 4 L,Limpieza,Limpieza Total Perú SAC,4,9.8,0.146,33.48,25.88,7.6,Pagado,Tarjeta
P10633,2025-04-02,4,C127,Minimarket El Progreso 127,Minimarket,Huánuco,Centro,Tienda,Rosa Ccori,BEB-04,Bebida rehidratante 500 ml x 12,Bebidas,Bebidas Norte Pacífico SAC,11,33.0,0.05,344.85,228.69,116.16,Pagado,Transferencia
P10655,2025-04-02,4,C085,Minimarket Virgen de Fátima 085,Minimarket,Chiclayo,Norte,Tienda,María Torres,SNA-05,Camote frito 120 g x 10,Snacks,Snacks Costa Azul EIRL,2,31.0,0,62.0,36.58,25.42,Pagado,Tarjeta
P10655,2025-04-02,4,C085,Minimarket Virgen de Fátima 085,Minimarket,Chiclayo,Norte,Tienda,María Torres,LIM-02,Lejía 4 L,Limpieza,Limpieza Total Perú SAC,7,9.8,0,68.6,45.29,23.31,Pagado,Tarjeta
P10658,2025-04-02,4,C117,Empresa Mi Perú 117,Empresa,Arequipa,Sur,Tienda,Jorge Huamán,HAR-02,Fideo spaghetti 500 g,Harinas y pastas,Molinos Valle Verde SA,10,3.9,0.02,38.22,27.7,10.52,Vencido,Yape
P10658,2025-04-02,4,C117,Empresa Mi Perú 117,Empresa,Arequipa,Sur,Tienda,Jorge Huamán,LIM-02,Lejía 4 L,Limpieza,Limpieza Total Perú SAC,12,9.8,0.05,111.72,77.64,34.08,Pagado,Efectivo
P10682,2025-04-02,4,C125,Bodega El Ahorro 125,Bodega,Cusco,Sur,Tienda,Jorge Huamán,GRA-02,Kiwicha pop 300 g,Granos andinos,Agroandina del Sur SAC,8,8.9,0,71.2,43.44,27.76,Pagado,Tarjeta
P10682,2025-04-02,4,C125,Bodega El Ahorro 125,Bodega,Cusco,Sur,Tienda,Jorge Huamán,LIM-05,Jabón de tocador x 3,Limpieza,Limpieza Total Perú SAC,5,6.5,0.03,31.52,21.8,9.72,Pagado,Transferencia
P10567,2025-04-03,4,C125,Bodega El Ahorro 125,Bodega,Cusco,Sur,Online,Jorge Huamán,CAF-01,Café tostado molido 500 g,Café y cacao,Café Selva Central SAC,11,24.0,0.05,250.8,153.12,97.68,Pagado,Efectivo
P10597,2025-04-03,4,C100,Restaurante El Ahorro 100,Restaurante,Cusco,Sur,Tienda,Jorge Huamán,HAR-02,Fideo spaghetti 500 g,Harinas y pastas,Molinos Valle Verde SA,8,3.9,0.02,30.58,22.16,8.42,Pagado,Efectivo
P10692,2025-04-03,4,C001,Minimarket El Progreso 001,Minimarket,Lima,Lima,Tienda,Rodrigo Salas,HAR-03,Fideo tallarín 1 kg,Harinas y pastas,Molinos Valle Verde SA,7,7.2,0.142,43.24,36.26,6.98,Pagado,Yape
P10720,2025-04-03,4,C019,Bodega Don Lucho 019,Bodega,Lima,Lima,Tienda,Rodrigo Salas,SNA-03,Galletas de avena x 24,Snacks,Snacks Costa Azul EIRL,4,22.0,0.124,77.09,57.2,19.89,Pagado,Transferencia
P10720,2025-04-03,4,C019,Bodega Don Lucho 019,Bodega,Lima,Lima,Tienda,Rodrigo Salas,CAF-04,Chocolate para taza 180 g,Café y cacao,Café Selva Central SAC,12,9.9,0.111,105.61,73.68,31.93,Pagado,Transferencia
P10595,2025-04-04,4,C128,Empresa Primavera 128,Empresa,Huancayo,Centro,Online,Rosa Ccori,CAF-03,Cacao en polvo 250 g,Café y cacao,Café Selva Central SAC,3,12.5,0.02,36.75,22.5,14.25,Pagado,Tarjeta
P10595,2025-04-04,4,C128,Empresa Primavera 128,Empresa,Huancayo,Centro,Online,Rosa Ccori,LIM-03,Lavavajilla 900 g,Limpieza,Limpieza Total Perú SAC,3,8.2,0.03,23.86,15.75,8.11,Pagado,Yape
P10595,2025-04-04,4,C128,Empresa Primavera 128,Empresa,Huancayo,Centro,Online,Rosa Ccori,CAF-02,Café en grano 1 kg,Café y cacao,Café Selva Central SAC,6,46.0,0,276.0,157.32,118.68,Pagado,Yape
P10601,2025-04-04,4,C013,Empresa Nueva Era 013,Empresa,Lima,Lima,Tienda,Luis Paredes,LIM-04,Desinfectante 1.8 L,Limpieza,Limpieza Total Perú SAC,10,11.9,0.05,113.05,75.0,38.05,Pagado,Tarjeta
P10612,2025-04-04,4,C011,Mayorista Pachamama 011,Mayorista,Lima,Lima,Mayorista,Ana Quispe,GRA-03,Maca en polvo 250 g,Granos andinos,Agroandina del Sur SAC,40,17.0,0.08,625.6,374.0,251.6,Vencido,Transferencia
P10632,2025-04-04,4,C036,Restaurante El Ahorro 036,Restaurante,Lima,Lima,Tienda,Luis Paredes,LIM-04,Desinfectante 1.8 L,Limpieza,Limpieza Total Perú SAC,3,11.9,0,35.7,22.5,13.2,Pagado,Yape
P10632,2025-04-04,4,C036,Restaurante El Ahorro 036,Restaurante,Lima,Lima,Tienda,Luis Paredes,BEB-03,Néctar de durazno 1 L x 6,Bebidas,Bebidas Norte Pacífico SAC,2,27.0,0,54.0,34.56,19.44,Pagado,Transferencia
P10676,2025-04-04,4,C011,Mayorista Pachamama 011,Mayorista,Lima,Lima,Mayorista,Luis Paredes,GRA-02,Kiwicha pop 300 g,Granos andinos,Agroandina del Sur SAC,48,8.9,0.08,393.02,260.64,132.38,Pagado,Transferencia
P10718,2025-04-04,4,C043,Restaurante Mi Perú 043,Restaurante,Lima,Lima,Tienda,Luis Paredes,BEB-04,Bebida rehidratante 500 ml x 12,Bebidas,Bebidas Norte Pacífico SAC,5,33.0,0.05,156.75,103.95,52.8,Pagado,Transferencia
P10718,2025-04-04,4,C043,Restaurante Mi Perú 043,Restaurante,Lima,Lima,Tienda,Luis Paredes,HAR-04,Harina preparada 1 kg,Harinas y pastas,Molinos Valle Verde SA,10,6.3,0.02,61.74,46.0,15.74,Vencido,Efectivo
P10718,2025-04-04,4,C043,Restaurante Mi Perú 043,Restaurante,Lima,Lima,Tienda,Luis Paredes,LIM-04,Desinfectante 1.8 L,Limpieza,Limpieza Total Perú SAC,8,11.9,0.03,92.34,60.0,32.34,Pagado,Transferencia
P10721,2025-04-04,4,C030,Cafetería San Martín 030,Cafetería,Lima,Lima,Tienda,Rodrigo Salas,BEB-03,Néctar de durazno 1 L x 6,Bebidas,Bebidas Norte Pacífico SAC,7,27.0,0.152,160.27,120.96,39.31,Pagado,Plin
P10556,2025-04-05,4,C023,Bodega El Sol 023,Bodega,Lima,Lima,Tienda,Rodrigo Salas,BEB-05,Té helado 500 ml x 12,Bebidas,Bebidas Norte Pacífico SAC,4,29.0,0.171,96.16,70.76,25.4,Pagado,Tarjeta
P10596,2025-04-05,4,C107,Minimarket Mi Perú 107,Minimarket,Cusco,Sur,Tienda,Jorge Huamán,HAR-02,Fideo spaghetti 500 g,Harinas y pastas,Molinos Valle Verde SA,12,3.9,0.02,45.86,33.24,12.62,Pagado,Transferencia
P10627,2025-04-05,4,C106,Cafetería El Progreso 106,Cafetería,Cusco,Sur,Tienda,Jorge Huamán,BEB-02,Gaseosa 3 L x 4,Bebidas,Bebidas Norte Pacífico SAC,4,32.0,0,128.0,87.04,40.96,Pagado,Tarjeta
P10634,2025-04-05,4,C124,Minimarket Primavera 124,Minimarket,Cusco,Sur,Tienda,Jorge Huamán,LIM-01,Detergente 2 kg,Limpieza,Limpieza Total Perú SAC,9,19.5,0,175.5,121.05,54.45,Pagado,Transferencia
P10634,2025-04-05,4,C124,Minimarket Primavera 124,Minimarket,Cusco,Sur,Tienda,Jorge Huamán,SNA-03,Galletas de avena x 24,Snacks,Snacks Costa Azul EIRL,5,22.0,0.02,107.8,71.5,36.3,Pagado,Yape
P10653,2025-04-05,4,C089,Minimarket Nueva Era 089,Minimarket,Chiclayo,Norte,Tienda,María Torres,BEB-03,Néctar de durazno 1 L x 6,Bebidas,Bebidas Norte Pacífico SAC,12,27.0,0,324.0,207.36,116.64,Pagado,Yape
P10653,2025-04-05,4,C089,Minimarket Nueva Era 089,Minimarket,Chiclayo,Norte,Tienda,María Torres,GRA-04,Chía 500 g,Granos andinos,Agroandina del Sur SAC,9,13.0,0.02,114.66,74.88,39.78,Pagado,Transferencia
P10665,2025-04-05,4,C011,Mayorista Pachamama 011,Mayorista,Lima,Lima,Mayorista,Ana Quispe,LIM-01,Detergente 2 kg,Limpieza,Limpieza Total Perú SAC,48,19.5,0.08,861.12,645.6,215.52,Pagado,Transferencia
P10667,2025-04-05,4,C112,Minimarket La Familia 112,Minimarket,Cusco,Sur,WhatsApp,Jorge Huamán,GRA-01,Quinua blanca 1 kg,Granos andinos,Agroandina del Sur SAC,8,14.5,0.03,112.52,76.56,35.96,Pagado,Efectivo
P10678,2025-04-05,4,C034,Minimarket San Martín 034,Minimarket,Lima,Lima,Online,Luis Paredes,CAF-01,Café tostado molido 500 g,Café y cacao,Café Selva Central SAC,7,24.0,0.03,162.96,97.44,65.52,Pagado,Yape
P10678,2025-04-05,4,C034,Minimarket San Martín 034,Minimarket,Lima,Lima,Online,Luis Paredes,SNA-05,Camote frito 120 g x 10,Snacks,Snacks Costa Azul EIRL,10,31.0,0.05,294.5,182.9,111.6,Pagado,Efectivo
P10703,2025-04-05,4,C091,Cafetería El Puerto 091,Cafetería,Chiclayo,Norte,Tienda,María Torres,BEB-05,Té helado 500 ml x 12,Bebidas,Bebidas Norte Pacífico SAC,7,29.0,0,203.0,123.83,79.17,Pagado,Yape
P10707,2025-04-05,4,C112,Minimarket La Familia 112,Minimarket,Cusco,Sur,Tienda,Jorge Huamán,GRA-01,Quinua blanca 1 kg,Granos andinos,Agroandina del Sur SAC,5,14.5,0,72.5,47.85,24.65,Pagado,Efectivo
P10707,2025-04-05,4,C112,Minimarket La Familia 112,Minimarket,Cusco,Sur,Tienda,Jorge Huamán,BEB-03,Néctar de durazno 1 L x 6,Bebidas,Bebidas Norte Pacífico SAC,11,27.0,0.02,291.06,190.08,100.98,Pagado,Plin
P10712,2025-04-05,4,C080,Restaurante El Ahorro 080,Restaurante,Trujillo,Norte,Tienda,María Torres,BEB-03,Néctar de durazno 1 L x 6,Bebidas,Bebidas Norte Pacífico SAC,5,27.0,0,135.0,86.4,48.6,Pagado,Transferencia
P10716,2025-04-05,4,C099,Restaurante Los Andes 099,Restaurante,Cusco,Sur,Tienda,Jorge Huamán,CAF-01,Café tostado molido 500 g,Café y cacao,Café Selva Central SAC,4,24.0,0.05,91.2,55.68,35.52,Pagado,Tarjeta
P10565,2025-04-06,4,C061,Empresa Inti 061,Empresa,Lima,Lima,Tienda,Rodrigo Salas,HAR-03,Fideo tallarín 1 kg,Harinas y pastas,Molinos Valle Verde SA,9,7.2,0.141,55.66,46.62,9.04,Pagado,Efectivo
P10587,2025-04-06,4,C001,Minimarket El Progreso 001,Minimarket,Lima,Lima,Tienda,Luis Paredes,SNA-01,Papas nativas 120 g x 10,Snacks,Snacks Costa Azul EIRL,3,35.0,0.03,101.85,63.0,38.85,Pagado,Transferencia
P10587,2025-04-06,4,C001,Minimarket El Progreso 001,Minimarket,Lima,Lima,Tienda,Luis Paredes,CAF-04,Chocolate para taza 180 g,Café y cacao,Café Selva Central SAC,12,9.9,0.03,115.24,73.68,41.56,Pagado,Yape
P10587,2025-04-06,4,C001,Minimarket El Progreso 001,Minimarket,Lima,Lima,Tienda,Luis Paredes,CAF-01,Café tostado molido 500 g,Café y cacao,Café Selva Central SAC,11,24.0,0,264.0,153.12,110.88,Pagado,Tarjeta
P10636,2025-04-06,4,C001,Minimarket El Progreso 001,Minimarket,Lima,Lima,Tienda,Ana Quispe,SNA-01,Papas nativas 120 g x 10,Snacks,Snacks Costa Azul EIRL,5,35.0,0,175.0,105.0,70.0,Pagado,Yape
P10636,2025-04-06,4,C001,Minimarket El Progreso 001,Minimarket,Lima,Lima,Tienda,Ana Quispe,LIM-01,Detergente 2 kg,Limpieza,Limpieza Total Perú SAC,4,19.5,0.02,76.44,53.8,22.64,Pagado,Yape
P10706,2025-04-06,4,C061,Empresa Inti 061,Empresa,Lima,Lima,Tienda,Ana Quispe,GRA-02,Kiwicha pop 300 g,Granos andinos,Agroandina del Sur SAC,5,8.9,0,44.5,27.15,17.35,Pagado,Transferencia
P10706,2025-04-06,4,C061,Empresa Inti 061,Empresa,Lima,Lima,Tienda,Ana Quispe,CAF-02,Café en grano 1 kg,Café y cacao,Café Selva Central SAC,4,46.0,0.02,180.32,104.88,75.44,Pagado,Yape
P10561,2025-04-07,4,C063,Restaurante Don Lucho 063,Restaurante,Lima,Lima,Tienda,Ana Quispe,GRA-02,Kiwicha pop 300 g,Granos andinos,Agroandina del Sur SAC,4,8.9,0.03,34.53,21.72,12.81,Pagado,Efectivo
P10603,2025-04-07,4,C048,Cafetería Inti 048,Cafetería,Lima,Lima,Tienda,Rodrigo Salas,HAR-01,Harina sin preparar 1 kg,Harinas y pastas,Molinos Valle Verde SA,12,5.4,0.109,57.74,48.0,9.74,Pagado,Yape
P10609,2025-04-07,4,C101,Bodega La Esperanza 101,Bodega,Tacna,Sur,WhatsApp,Jorge Huamán,SNA-02,Chifles 150 g x 10,Snacks,Snacks Costa Azul EIRL,6,28.0,0.03,162.96,97.44,65.52,Pagado,Yape
P10609,2025-04-07,4,C101,Bodega La Esperanza 101,Bodega,Tacna,Sur,WhatsApp,Jorge Huamán,LIM-05,Jabón de tocador x 3,Limpieza,Limpieza Total Perú SAC,12,6.5,0.03,75.66,52.32,23.34,Pagado,Transferencia
P10609,2025-04-07,4,C101,Bodega La Esperanza 101,Bodega,Tacna,Sur,WhatsApp,Jorge Huamán,GRA-05,Avena con quinua 900 g,Granos andinos,Agroandina del Sur SAC,8,11.5,0,92.0,61.68,30.32,Pagado,Transferencia
P10622,2025-04-07,4,C017,Minimarket El Progreso 017,Minimarket,Lima,Lima,Online,Ana Quispe,BEB-04,Bebida rehidratante 500 ml x 12,Bebidas,Bebidas Norte Pacífico SAC,12,33.0,0,396.0,249.48,146.52,Pagado,Transferencia
P10622,2025-04-07,4,C017,Minimarket El Progreso 017,Minimarket,Lima,Lima,Online,Ana Quispe,HAR-05,Sémola 500 g,Harinas y pastas,Molinos Valle Verde SA,12,4.1,0,49.2,34.44,14.76,Vencido,Yape
P10629,2025-04-07,4,C134,Bodega El Puerto 134,Bodega,Huancayo,Centro,Tienda,Rosa Ccori,SNA-01,Papas nativas 120 g x 10,Snacks,Snacks Costa Azul EIRL,6,35.0,0,210.0,126.0,84.0,Pagado,Plin
P10629,2025-04-07,4,C134,Bodega El Puerto 134,Bodega,Huancayo,Centro,Tienda,Rosa Ccori,HAR-01,Harina sin preparar 1 kg,Harinas y pastas,Molinos Valle Verde SA,4,5.4,0,21.6,16.0,5.6,Pagado,Transferencia
P10629,2025-04-07,4,C134,Bodega El Puerto 134,Bodega,Huancayo,Centro,Tienda,Rosa Ccori,HAR-04,Harina preparada 1 kg,Harinas y pastas,Molinos Valle Verde SA,10,6.3,0.05,59.85,46.0,13.85,Pagado,Transferencia
P10631,2025-04-07,4,C116,Bodega Las Flores 116,Bodega,Tacna,Sur,WhatsApp,Jorge Huamán,BEB-02,Gaseosa 3 L x 4,Bebidas,Bebidas Norte Pacífico SAC,12,32.0,0.05,364.8,261.12,103.68,Pagado,Yape
P10696,2025-04-07,4,C095,Bodega La Familia 095,Bodega,Piura,Norte,Tienda,María Torres,HAR-04,Harina preparada 1 kg,Harinas y pastas,Molinos Valle Verde SA,4,6.3,0.05,23.94,18.4,5.54,Pagado,Transferencia
P10696,2025-04-07,4,C095,Bodega La Familia 095,Bodega,Piura,Norte,Tienda,María Torres,GRA-02,Kiwicha pop 300 g,Granos andinos,Agroandina del Sur SAC,2,8.9,0.05,16.91,10.86,6.05,Pagado,Plin
P10696,2025-04-07,4,C095,Bodega La Familia 095,Bodega,Piura,Norte,Tienda,María Torres,BEB-04,Bebida rehidratante 500 ml x 12,Bebidas,Bebidas Norte Pacífico SAC,5,33.0,0.05,156.75,103.95,52.8,Pagado,Transferencia
P10711,2025-04-07,4,C026,Bodega Mi Perú 026,Bodega,Lima,Lima,Tienda,Ana Quispe,GRA-03,Maca en polvo 250 g,Granos andinos,Agroandina del Sur SAC,2,17.0,0.03,32.98,18.7,14.28,Vencido,Efectivo
P10711,2025-04-07,4,C026,Bodega Mi Perú 026,Bodega,Lima,Lima,Tienda,Ana Quispe,LIM-02,Lejía 4 L,Limpieza,Limpieza Total Perú SAC,10,9.8,0,98.0,64.7,33.3,Pagado,Transferencia
P10711,2025-04-07,4,C026,Bodega Mi Perú 026,Bodega,Lima,Lima,Tienda,Ana Quispe,CAF-03,Cacao en polvo 250 g,Café y cacao,Café Selva Central SAC,4,12.5,0.05,47.5,30.0,17.5,Pagado,Transferencia
P10552,2025-04-08,4,C018,Bodega La Familia 018,Bodega,Lima,Lima,Online,Ana Quispe,GRA-05,Avena con quinua 900 g,Granos andinos,Agroandina del Sur SAC,4,11.5,0,46.0,30.84,15.16,Pagado,Yape
P10552,2025-04-08,4,C018,Bodega La Familia 018,Bodega,Lima,Lima,Online,Ana Quispe,BEB-02,Gaseosa 3 L x 4,Bebidas,Bebidas Norte Pacífico SAC,4,32.0,0.02,125.44,87.04,38.4,Pagado,Tarjeta
P10552,2025-04-08,4,C018,Bodega La Familia 018,Bodega,Lima,Lima,Online,Ana Quispe,GRA-05,Avena con quinua 900 g,Granos andinos,Agroandina del Sur SAC,2,11.5,0.05,21.85,15.42,6.43,Pagado,Transferencia
P10585,2025-04-08,4,C114,Restaurante San Martín 114,Restaurante,Tacna,Sur,WhatsApp,Jorge Huamán,SNA-03,Galletas de avena x 24,Snacks,Snacks Costa Azul EIRL,4,22.0,0,88.0,57.2,30.8,Pagado,Transferencia
P10606,2025-04-08,4,C072,Empresa Santa Rosa 072,Empresa,Trujillo,Norte,Online,María Torres,BEB-02,Gaseosa 3 L x 4,Bebidas,Bebidas Norte Pacífico SAC,7,32.0,0.03,217.28,152.32,64.96,Vencido,Transferencia
P10649,2025-04-08,4,C043,Restaurante Mi Perú 043,Restaurante,Lima,Lima,Tienda,Rodrigo Salas,SNA-03,Galletas de avena x 24,Snacks,Snacks Costa Azul EIRL,11,22.0,0.151,205.46,157.3,48.16,Pagado,Efectivo
P10542,2025-04-09,4,C058,Restaurante La Familia 058,Restaurante,Lima,Lima,Tienda,Rodrigo Salas,LIM-03,Lavavajilla 900 g,Limpieza,Limpieza Total Perú SAC,8,8.2,0.179,53.86,42.0,11.86,Pagado,Transferencia
P10545,2025-04-09,4,C102,Mayorista El Progreso 102,Mayorista,Tacna,Sur,Mayorista,Jorge Huamán,HAR-01,Harina sin preparar 1 kg,Harinas y pastas,Molinos Valle Verde SA,16,5.4,0.08,79.49,64.0,15.49,Pagado,Transferencia
P10548,2025-04-09,4,C037,Bodega El Trébol 037,Bodega,Lima,Lima,WhatsApp,Luis Paredes,SNA-03,Galletas de avena x 24,Snacks,Snacks Costa Azul EIRL,10,22.0,0,220.0,143.0,77.0,Pagado,Transferencia
P10568,2025-04-09,4,C132,Restaurante Nueva Era 132,Restaurante,Huánuco,Centro,Tienda,Rosa Ccori,LIM-03,Lavavajilla 900 g,Limpieza,Limpieza Total Perú SAC,5,8.2,0.05,38.95,26.25,12.7,Pagado,Tarjeta
P10568,2025-04-09,4,C132,Restaurante Nueva Era 132,Restaurante,Huánuco,Centro,Tienda,Rosa Ccori,LIM-03,Lavavajilla 900 g,Limpieza,Limpieza Total Perú SAC,10,8.2,0.02,80.36,52.5,27.86,Pagado,Efectivo
P10576,2025-04-09,4,C080,Restaurante El Ahorro 080,Restaurante,Trujillo,Norte,WhatsApp,María Torres,GRA-05,Avena con quinua 900 g,Granos andinos,Agroandina del Sur SAC,9,11.5,0,103.5,69.39,34.11,Pagado,Transferencia
P10576,2025-04-09,4,C080,Restaurante El Ahorro 080,Restaurante,Trujillo,Norte,WhatsApp,María Torres,SNA-02,Chifles 150 g x 10,Snacks,Snacks Costa Azul EIRL,5,28.0,0.02,137.2,81.2,56.0,Pagado,Yape
P10591,2025-04-09,4,C064,Restaurante La Victoria 064,Restaurante,Lima,Lima,Tienda,Rodrigo Salas,BEB-03,Néctar de durazno 1 L x 6,Bebidas,Bebidas Norte Pacífico SAC,8,27.0,0.171,179.06,138.24,40.82,Pagado,Yape
P10591,2025-04-09,4,C064,Restaurante La Victoria 064,Restaurante,Lima,Lima,Tienda,Rodrigo Salas,HAR-01,Harina sin preparar 1 kg,Harinas y pastas,Molinos Valle Verde SA,2,5.4,0.116,9.55,8.0,1.55,Pagado,Yape
P10591,2025-04-09,4,C064,Restaurante La Victoria 064,Restaurante,Lima,Lima,Tienda,Rodrigo Salas,HAR-05,Sémola 500 g,Harinas y pastas,Molinos Valle Verde SA,6,4.1,0.162,20.61,17.22,3.39,Pagado,Yape
P10630,2025-04-09,4,C059,Bodega Santa Rosa 059,Bodega,Lima,Lima,Tienda,Ana Quispe,GRA-05,Avena con quinua 900 g,Granos andinos,Agroandina del Sur SAC,11,11.5,0.05,120.17,84.81,35.36,Pagado,Transferencia
P10646,2025-04-09,4,C005,Minimarket Inti 005,Minimarket,Lima,Lima,Tienda,Rodrigo Salas,BEB-02,Gaseosa 3 L x 4,Bebidas,Bebidas Norte Pacífico SAC,6,32.0,0.168,159.74,130.56,29.18,Pagado,Efectivo
P10672,2025-04-09,4,C054,Bodega Nueva Era 054,Bodega,Lima,Lima,Tienda,Rodrigo Salas,SNA-01,Papas nativas 120 g x 10,Snacks,Snacks Costa Azul EIRL,11,35.0,0.127,336.11,231.0,105.11,Pagado,Efectivo
P10672,2025-04-09,4,C054,Bodega Nueva Era 054,Bodega,Lima,Lima,Tienda,Rodrigo Salas,GRA-03,Maca en polvo 250 g,Granos andinos,Agroandina del Sur SAC,6,17.0,0.121,89.66,56.1,33.56,Pagado,Transferencia
P10690,2025-04-09,4,C108,Bodega El Sol 108,Bodega,Tacna,Sur,Tienda,Jorge Huamán,HAR-03,Fideo tallarín 1 kg,Harinas y pastas,Molinos Valle Verde SA,5,7.2,0.05,34.2,25.9,8.3,Pagado,Transferencia
P10699,2025-04-09,4,C064,Restaurante La Victoria 064,Restaurante,Lima,Lima,Tienda,Luis Paredes,LIM-02,Lejía 4 L,Limpieza,Limpieza Total Perú SAC,12,9.8,0.02,115.25,77.64,37.61,Pagado,Plin
P10699,2025-04-09,4,C064,Restaurante La Victoria 064,Restaurante,Lima,Lima,Tienda,Luis Paredes,GRA-05,Avena con quinua 900 g,Granos andinos,Agroandina del Sur SAC,3,11.5,0.02,33.81,23.13,10.68,Pagado,Transferencia
P10699,2025-04-09,4,C064,Restaurante La Victoria 064,Restaurante,Lima,Lima,Tienda,Luis Paredes,GRA-05,Avena con quinua 900 g,Granos andinos,Agroandina del Sur SAC,2,11.5,0,23.0,15.42,7.58,Pagado,Plin
P10666,2025-04-10,4,C098,Empresa Pachamama 098,Empresa,Trujillo,Norte,Tienda,María Torres,HAR-01,Harina sin preparar 1 kg,Harinas y pastas,Molinos Valle Verde SA,2,5.4,0.02,10.58,8.0,2.58,Vencido,Transferencia
P10691,2025-04-10,4,C132,Restaurante Nueva Era 132,Restaurante,Huánuco,Centro,Tienda,Rosa Ccori,HAR-02,Fideo spaghetti 500 g,Harinas y pastas,Molinos Valle Verde SA,5,3.9,0.03,18.91,13.85,5.06,Pagado,Transferencia
P10693,2025-04-10,4,C116,Bodega Las Flores 116,Bodega,Tacna,Sur,Tienda,Jorge Huamán,SNA-02,Chifles 150 g x 10,Snacks,Snacks Costa Azul EIRL,10,28.0,0,280.0,162.4,117.6,Pagado,Transferencia
P10539,2025-04-11,4,C076,Bodega El Trébol 076,Bodega,Chiclayo,Norte,Online,María Torres,HAR-04,Harina preparada 1 kg,Harinas y pastas,Molinos Valle Verde SA,11,6.3,0.02,67.91,50.6,17.31,Pagado,Yape
P10579,2025-04-11,4,C036,Restaurante El Ahorro 036,Restaurante,Lima,Lima,Tienda,Ana Quispe,BEB-01,Agua mineral 625 ml x 15,Bebidas,Bebidas Norte Pacífico SAC,9,18.0,0.05,153.9,100.44,53.46,Pagado,Plin
P10579,2025-04-11,4,C036,Restaurante El Ahorro 036,Restaurante,Lima,Lima,Tienda,Ana Quispe,GRA-01,Quinua blanca 1 kg,Granos andinos,Agroandina del Sur SAC,8,14.5,0,116.0,76.56,39.44,Pagado,Yape
P10579,2025-04-11,4,C036,Restaurante El Ahorro 036,Restaurante,Lima,Lima,Tienda,Ana Quispe,CAF-03,Cacao en polvo 250 g,Café y cacao,Café Selva Central SAC,3,12.5,0.05,35.62,22.5,13.12,Pagado,Yape
P10620,2025-04-11,4,C011,Mayorista Pachamama 011,Mayorista,Lima,Lima,Mayorista,Rodrigo Salas,CAF-04,Chocolate para taza 180 g,Café y cacao,Café Selva Central SAC,36,9.9,0.121,313.28,221.04,92.24,Pagado,Transferencia
P10620,2025-04-11,4,C011,Mayorista Pachamama 011,Mayorista,Lima,Lima,Mayorista,Rodrigo Salas,SNA-03,Galletas de avena x 24,Snacks,Snacks Costa Azul EIRL,32,22.0,0.152,596.99,457.6,139.39,Pagado,Transferencia
P10620,2025-04-11,4,C011,Mayorista Pachamama 011,Mayorista,Lima,Lima,Mayorista,Rodrigo Salas,LIM-05,Jabón de tocador x 3,Limpieza,Limpieza Total Perú SAC,48,6.5,0.167,259.9,209.28,50.62,Vencido,Transferencia
P10639,2025-04-11,4,C026,Bodega Mi Perú 026,Bodega,Lima,Lima,Tienda,Rodrigo Salas,BEB-03,Néctar de durazno 1 L x 6,Bebidas,Bebidas Norte Pacífico SAC,9,27.0,0.16,204.12,155.52,48.6,Pagado,Transferencia
P10639,2025-04-11,4,C026,Bodega Mi Perú 026,Bodega,Lima,Lima,Tienda,Rodrigo Salas,GRA-03,Maca en polvo 250 g,Granos andinos,Agroandina del Sur SAC,9,17.0,0.126,133.72,84.15,49.57,Pagado,Transferencia
P10644,2025-04-11,4,C088,Empresa Pachamama 088,Empresa,Trujillo,Norte,Tienda,María Torres,HAR-05,Sémola 500 g,Harinas y pastas,Molinos Valle Verde SA,12,4.1,0.05,46.74,34.44,12.3,Pagado,Plin
P10644,2025-04-11,4,C088,Empresa Pachamama 088,Empresa,Trujillo,Norte,Tienda,María Torres,BEB-04,Bebida rehidratante 500 ml x 12,Bebidas,Bebidas Norte Pacífico SAC,10,33.0,0,330.0,207.9,122.1,Pagado,Yape
P10644,2025-04-11,4,C088,Empresa Pachamama 088,Empresa,Trujillo,Norte,Tienda,María Torres,GRA-02,Kiwicha pop 300 g,Granos andinos,Agroandina del Sur SAC,9,8.9,0.03,77.7,48.87,28.83,Pagado,Tarjeta
P10645,2025-04-11,4,C037,Bodega El Trébol 037,Bodega,Lima,Lima,Tienda,Rodrigo Salas,SNA-04,Maní salado 200 g x 12,Snacks,Snacks Costa Azul EIRL,8,30.0,0.102,215.52,148.8,66.72,Pagado,Yape
P10645,2025-04-11,4,C037,Bodega El Trébol 037,Bodega,Lima,Lima,Tienda,Rodrigo Salas,SNA-03,Galletas de avena x 24,Snacks,Snacks Costa Azul EIRL,5,22.0,0.109,98.01,71.5,26.51,Pagado,Yape
P10645,2025-04-11,4,C037,Bodega El Trébol 037,Bodega,Lima,Lima,Tienda,Rodrigo Salas,HAR-05,Sémola 500 g,Harinas y pastas,Molinos Valle Verde SA,5,4.1,0.157,17.28,14.35,2.93,Pagado,Transferencia
P10662,2025-04-11,4,C056,Minimarket La Esperanza 056,Minimarket,Lima,Lima,Tienda,Rodrigo Salas,CAF-05,Café instantáneo 200 g,Café y cacao,Café Selva Central SAC,6,21.0,0.125,110.25,79.38,30.87,Pagado,Plin
P10662,2025-04-11,4,C056,Minimarket La Esperanza 056,Minimarket,Lima,Lima,Tienda,Rodrigo Salas,CAF-01,Café tostado molido 500 g,Café y cacao,Café Selva Central SAC,5,24.0,0.171,99.48,69.6,29.88,Vencido,Efectivo
P10662,2025-04-11,4,C056,Minimarket La Esperanza 056,Minimarket,Lima,Lima,Tienda,Rodrigo Salas,HAR-01,Harina sin preparar 1 kg,Harinas y pastas,Molinos Valle Verde SA,7,5.4,0.1,34.02,28.0,6.02,Vencido,Tarjeta
P10550,2025-04-12,4,C120,Restaurante Virgen de Fátima 120,Restaurante,Cusco,Sur,Tienda,Jorge Huamán,SNA-02,Chifles 150 g x 10,Snacks,Snacks Costa Azul EIRL,9,28.0,0,252.0,146.16,105.84,Pagado,Yape
P10550,2025-04-12,4,C120,Restaurante Virgen de Fátima 120,Restaurante,Cusco,Sur,Tienda,Jorge Huamán,HAR-01,Harina sin preparar 1 kg,Harinas y pastas,Molinos Valle Verde SA,12,5.4,0,64.8,48.0,16.8,Vencido,Transferencia
P10573,2025-04-12,4,C027,Mayorista El Ahorro 027,Mayorista,Lima,Lima,Mayorista,Ana Quispe,LIM-03,Lavavajilla 900 g,Limpieza,Limpieza Total Perú SAC,36,8.2,0.08,271.58,189.0,82.58,Pagado,Transferencia
P10573,2025-04-12,4,C027,Mayorista El Ahorro 027,Mayorista,Lima,Lima,Mayorista,Ana Quispe,HAR-02,Fideo spaghetti 500 g,Harinas y pastas,Molinos Valle Verde SA,12,3.9,0.08,43.06,33.24,9.82,Pagado,Transferencia
P10647,2025-04-12,4,C140,Minimarket San Pedro 140,Minimarket,Huancayo,Centro,Tienda,Rosa Ccori,BEB-05,Té helado 500 ml x 12,Bebidas,Bebidas Norte Pacífico SAC,2,29.0,0.05,55.1,35.38,19.72,Pagado,Yape
P10647,2025-04-12,4,C140,Minimarket San Pedro 140,Minimarket,Huancayo,Centro,Tienda,Rosa Ccori,BEB-05,Té helado 500 ml x 12,Bebidas,Bebidas Norte Pacífico SAC,10,29.0,0,290.0,176.9,113.1,Pagado,Tarjeta
P10669,2025-04-12,4,C134,Bodega El Puerto 134,Bodega,Huancayo,Centro,Tienda,Rosa Ccori,HAR-03,Fideo tallarín 1 kg,Harinas y pastas,Molinos Valle Verde SA,10,7.2,0,72.0,51.8,20.2,Pagado,Efectivo
P10540,2025-04-13,4,C028,Restaurante El Ahorro 028,Restaurante,Lima,Lima,Tienda,Rodrigo Salas,GRA-01,Quinua blanca 1 kg,Granos andinos,Agroandina del Sur SAC,9,14.5,0.126,114.06,86.13,27.93,Pagado,Transferencia
P10540,2025-04-13,4,C028,Restaurante El Ahorro 028,Restaurante,Lima,Lima,Tienda,Rodrigo Salas,BEB-02,Gaseosa 3 L x 4,Bebidas,Bebidas Norte Pacífico SAC,6,32.0,0.149,163.39,130.56,32.83,Pagado,Yape
P10540,2025-04-13,4,C028,Restaurante El Ahorro 028,Restaurante,Lima,Lima,Tienda,Rodrigo Salas,SNA-03,Galletas de avena x 24,Snacks,Snacks Costa Azul EIRL,5,22.0,0.134,95.26,71.5,23.76,Pagado,Yape
P10566,2025-04-13,4,C069,Restaurante Mi Perú 069,Restaurante,Lima,Lima,Tienda,Ana Quispe,LIM-03,Lavavajilla 900 g,Limpieza,Limpieza Total Perú SAC,8,8.2,0.05,62.32,42.0,20.32,Pagado,Yape
P10578,2025-04-13,4,C100,Restaurante El Ahorro 100,Restaurante,Cusco,Sur,Tienda,Jorge Huamán,SNA-01,Papas nativas 120 g x 10,Snacks,Snacks Costa Azul EIRL,2,35.0,0.05,66.5,42.0,24.5,Pagado,Tarjeta
P10578,2025-04-13,4,C100,Restaurante El Ahorro 100,Restaurante,Cusco,Sur,Tienda,Jorge Huamán,CAF-04,Chocolate para taza 180 g,Café y cacao,Café Selva Central SAC,5,9.9,0,49.5,30.7,18.8,Vencido,Transferencia
P10615,2025-04-13,4,C003,Bodega La Esperanza 003,Bodega,Lima,Lima,Tienda,Ana Quispe,GRA-05,Avena con quinua 900 g,Granos andinos,Agroandina del Sur SAC,11,11.5,0.05,120.17,84.81,35.36,Pagado,Yape
P10615,2025-04-13,4,C003,Bodega La Esperanza 003,Bodega,Lima,Lima,Tienda,Ana Quispe,LIM-01,Detergente 2 kg,Limpieza,Limpieza Total Perú SAC,11,19.5,0,214.5,147.95,66.55,Pagado,Plin
P10615,2025-04-13,4,C003,Bodega La Esperanza 003,Bodega,Lima,Lima,Tienda,Ana Quispe,GRA-01,Quinua blanca 1 kg,Granos andinos,Agroandina del Sur SAC,8,14.5,0.05,110.2,76.56,33.64,Pagado,Yape
P10628,2025-04-13,4,C040,Minimarket La Esperanza 040,Minimarket,Lima,Lima,Tienda,Ana Quispe,GRA-04,Chía 500 g,Granos andinos,Agroandina del Sur SAC,12,13.0,0.05,148.2,99.84,48.36,Pagado,Efectivo
P10628,2025-04-13,4,C040,Minimarket La Esperanza 040,Minimarket,Lima,Lima,Tienda,Ana Quispe,CAF-01,Café tostado molido 500 g,Café y cacao,Café Selva Central SAC,2,24.0,0,48.0,27.84,20.16,Pagado,Tarjeta
P10726,2025-04-13,4,C114,Restaurante San Martín 114,Restaurante,Tacna,Sur,Tienda,Jorge Huamán,CAF-01,Café tostado molido 500 g,Café y cacao,Café Selva Central SAC,9,24.0,0,216.0,125.28,90.72,Vencido,Yape
P10730,2025-04-13,4,C069,Restaurante Mi Perú 069,Restaurante,Lima,Lima,Tienda,Luis Paredes,HAR-03,Fideo tallarín 1 kg,Harinas y pastas,Molinos Valle Verde SA,3,7.2,0.02,21.17,15.54,5.63,Pagado,Transferencia
P10730,2025-04-13,4,C069,Restaurante Mi Perú 069,Restaurante,Lima,Lima,Tienda,Luis Paredes,HAR-01,Harina sin preparar 1 kg,Harinas y pastas,Molinos Valle Verde SA,9,5.4,0.02,47.63,36.0,11.63,Pagado,Transferencia
P10553,2025-04-14,4,C053,Minimarket Don Lucho 053,Minimarket,Lima,Lima,Tienda,Rodrigo Salas,LIM-03,Lavavajilla 900 g,Limpieza,Limpieza Total Perú SAC,6,8.2,0.134,42.61,31.5,11.11,Pagado,Efectivo
P10559,2025-04-14,4,C055,Empresa Inti 055,Empresa,Lima,Lima,Tienda,Rodrigo Salas,SNA-03,Galletas de avena x 24,Snacks,Snacks Costa Azul EIRL,3,22.0,0.136,57.02,42.9,14.12,Pagado,Transferencia
P10560,2025-04-14,4,C039,Cafetería El Progreso 039,Cafetería,Lima,Lima,Tienda,Ana Quispe,SNA-05,Camote frito 120 g x 10,Snacks,Snacks Costa Azul EIRL,2,31.0,0,62.0,36.58,25.42,Pagado,Transferencia
P10560,2025-04-14,4,C039,Cafetería El Progreso 039,Cafetería,Lima,Lima,Tienda,Ana Quispe,LIM-05,Jabón de tocador x 3,Limpieza,Limpieza Total Perú SAC,3,6.5,0.03,18.91,13.08,5.83,Pagado,Plin
P10560,2025-04-14,4,C039,Cafetería El Progreso 039,Cafetería,Lima,Lima,Tienda,Ana Quispe,SNA-02,Chifles 150 g x 10,Snacks,Snacks Costa Azul EIRL,10,28.0,0,280.0,162.4,117.6,Pagado,Plin
P10607,2025-04-14,4,C131,Bodega Virgen de Fátima 131,Bodega,Huánuco,Centro,Tienda,Rosa Ccori,LIM-04,Desinfectante 1.8 L,Limpieza,Limpieza Total Perú SAC,12,11.9,0.03,138.52,90.0,48.52,Pagado,Transferencia
P10642,2025-04-14,4,C051,Empresa San Martín 051,Empresa,Lima,Lima,Tienda,Luis Paredes,LIM-03,Lavavajilla 900 g,Limpieza,Limpieza Total Perú SAC,7,8.2,0,57.4,36.75,20.65,Vencido,Efectivo
P10664,2025-04-14,4,C028,Restaurante El Ahorro 028,Restaurante,Lima,Lima,Tienda,Rodrigo Salas,HAR-01,Harina sin preparar 1 kg,Harinas y pastas,Molinos Valle Verde SA,12,5.4,0.107,57.87,48.0,9.87,Vencido,Tarjeta
P10670,2025-04-14,4,C091,Cafetería El Puerto 091,Cafetería,Chiclayo,Norte,Tienda,María Torres,CAF-04,Chocolate para taza 180 g,Café y cacao,Café Selva Central SAC,5,9.9,0,49.5,30.7,18.8,Pagado,Transferencia
P10670,2025-04-14,4,C091,Cafetería El Puerto 091,Cafetería,Chiclayo,Norte,Tienda,María Torres,HAR-02,Fideo spaghetti 500 g,Harinas y pastas,Molinos Valle Verde SA,3,3.9,0.03,11.35,8.31,3.04,Pagado,Transferencia
P10680,2025-04-14,4,C050,Mayorista El Sol 050,Mayorista,Lima,Lima,Mayorista,Ana Quispe,LIM-05,Jabón de tocador x 3,Limpieza,Limpieza Total Perú SAC,24,6.5,0.08,143.52,104.64,38.88,Vencido,Transferencia
P10687,2025-04-14,4,C108,Bodega El Sol 108,Bodega,Tacna,Sur,Tienda,Jorge Huamán,HAR-04,Harina preparada 1 kg,Harinas y pastas,Molinos Valle Verde SA,12,6.3,0.02,74.09,55.2,18.89,Pagado,Transferencia
P10697,2025-04-14,4,C062,Restaurante Los Andes 062,Restaurante,Lima,Lima,Tienda,Rodrigo Salas,HAR-05,Sémola 500 g,Harinas y pastas,Molinos Valle Verde SA,5,4.1,0.16,17.22,14.35,2.87,Pagado,Tarjeta
P10698,2025-04-14,4,C074,Empresa Santa Rosa 074,Empresa,Piura,Norte,Tienda,María Torres,GRA-03,Maca en polvo 250 g,Granos andinos,Agroandina del Sur SAC,12,17.0,0,204.0,112.2,91.8,Pagado,Transferencia
P10698,2025-04-14,4,C074,Empresa Santa Rosa 074,Empresa,Piura,Norte,Tienda,María Torres,LIM-04,Desinfectante 1.8 L,Limpieza,Limpieza Total Perú SAC,2,11.9,0.05,22.61,15.0,7.61,Pagado,Efectivo
P10715,2025-04-14,4,C082,Bodega Mi Perú 082,Bodega,Piura,Norte,Tienda,María Torres,HAR-02,Fideo spaghetti 500 g,Harinas y pastas,Molinos Valle Verde SA,11,3.9,0.03,41.61,30.47,11.14,Pagado,Efectivo
P10715,2025-04-14,4,C082,Bodega Mi Perú 082,Bodega,Piura,Norte,Tienda,María Torres,CAF-03,Cacao en polvo 250 g,Café y cacao,Café Selva Central SAC,8,12.5,0.02,98.0,60.0,38.0,Pagado,Efectivo
P10715,2025-04-14,4,C082,Bodega Mi Perú 082,Bodega,Piura,Norte,Tienda,María Torres,HAR-05,Sémola 500 g,Harinas y pastas,Molinos Valle Verde SA,8,4.1,0.03,31.82,22.96,8.86,Pagado,Yape
P10549,2025-04-15,4,C099,Restaurante Los Andes 099,Restaurante,Cusco,Sur,Tienda,Jorge Huamán,SNA-04,Maní salado 200 g x 12,Snacks,Snacks Costa Azul EIRL,9,30.0,0.03,261.9,167.4,94.5,Pagado,Transferencia
P10554,2025-04-15,4,C125,Bodega El Ahorro 125,Bodega,Cusco,Sur,Tienda,Jorge Huamán,SNA-04,Maní salado 200 g x 12,Snacks,Snacks Costa Azul EIRL,8,30.0,0.02,235.2,148.8,86.4,Pagado,Yape
P10554,2025-04-15,4,C125,Bodega El Ahorro 125,Bodega,Cusco,Sur,Tienda,Jorge Huamán,GRA-05,Avena con quinua 900 g,Granos andinos,Agroandina del Sur SAC,11,11.5,0,126.5,84.81,41.69,Pagado,Tarjeta
P10577,2025-04-15,4,C115,Empresa El Puerto 115,Empresa,Arequipa,Sur,Tienda,Jorge Huamán,CAF-04,Chocolate para taza 180 g,Café y cacao,Café Selva Central SAC,3,9.9,0.03,28.81,18.42,10.39,Pagado,Tarjeta
P10582,2025-04-15,4,C019,Bodega Don Lucho 019,Bodega,Lima,Lima,WhatsApp,Luis Paredes,LIM-05,Jabón de tocador x 3,Limpieza,Limpieza Total Perú SAC,4,6.5,0,26.0,17.44,8.56,Pagado,Tarjeta
P10623,2025-04-15,4,C006,Bodega Mi Perú 006,Bodega,Lima,Lima,Tienda,Ana Quispe,CAF-01,Café tostado molido 500 g,Café y cacao,Café Selva Central SAC,12,24.0,0.03,279.36,167.04,112.32,Pagado,Yape
P10623,2025-04-15,4,C006,Bodega Mi Perú 006,Bodega,Lima,Lima,Tienda,Ana Quispe,GRA-01,Quinua blanca 1 kg,Granos andinos,Agroandina del Sur SAC,9,14.5,0,130.5,86.13,44.37,Pagado,Transferencia
P10663,2025-04-15,4,C028,Restaurante El Ahorro 028,Restaurante,Lima,Lima,Tienda,Ana Quispe,CAF-05,Café instantáneo 200 g,Café y cacao,Café Selva Central SAC,11,21.0,0.05,219.45,145.53,73.92,Pagado,Yape
P10663,2025-04-15,4,C028,Restaurante El Ahorro 028,Restaurante,Lima,Lima,Tienda,Ana Quispe,HAR-01,Harina sin preparar 1 kg,Harinas y pastas,Molinos Valle Verde SA,4,5.4,0,21.6,16.0,5.6,Vencido,Tarjeta
P10677,2025-04-15,4,C126,Restaurante La Familia 126,Restaurante,Arequipa,Sur,Tienda,Jorge Huamán,CAF-03,Cacao en polvo 250 g,Café y cacao,Café Selva Central SAC,11,12.5,0,137.5,82.5,55.0,Pagado,Efectivo
P10677,2025-04-15,4,C126,Restaurante La Familia 126,Restaurante,Arequipa,Sur,Tienda,Jorge Huamán,LIM-03,Lavavajilla 900 g,Limpieza,Limpieza Total Perú SAC,11,8.2,0,90.2,57.75,32.45,Pagado,Transferencia
P10700,2025-04-15,4,C014,Minimarket San Pedro 014,Minimarket,Lima,Lima,Tienda,Luis Paredes,CAF-05,Café instantáneo 200 g,Café y cacao,Café Selva Central SAC,5,21.0,0,105.0,66.15,38.85,Pagado,Tarjeta
P10700,2025-04-15,4,C014,Minimarket San Pedro 014,Minimarket,Lima,Lima,Tienda,Luis Paredes,BEB-02,Gaseosa 3 L x 4,Bebidas,Bebidas Norte Pacífico SAC,8,32.0,0.02,250.88,174.08,76.8,Pagado,Tarjeta
P10700,2025-04-15,4,C014,Minimarket San Pedro 014,Minimarket,Lima,Lima,Tienda,Luis Paredes,LIM-04,Desinfectante 1.8 L,Limpieza,Limpieza Total Perú SAC,11,11.9,0.02,128.28,82.5,45.78,Pagado,Yape
P10709,2025-04-15,4,C021,Empresa Nueva Era 021,Empresa,Lima,Lima,Tienda,Rodrigo Salas,SNA-03,Galletas de avena x 24,Snacks,Snacks Costa Azul EIRL,2,22.0,0.169,36.56,28.6,7.96,Pagado,Efectivo
P10713,2025-04-15,4,C056,Minimarket La Esperanza 056,Minimarket,Lima,Lima,Online,Ana Quispe,BEB-02,Gaseosa 3 L x 4,Bebidas,Bebidas Norte Pacífico SAC,4,32.0,0,128.0,87.04,40.96,Pagado,Yape
P10541,2025-04-16,4,C069,Restaurante Mi Perú 069,Restaurante,Lima,Lima,Tienda,Rodrigo Salas,HAR-01,Harina sin preparar 1 kg,Harinas y pastas,Molinos Valle Verde SA,5,5.4,0.165,22.54,20.0,2.54,Vencido,Transferencia
P10590,2025-04-16,4,C133,Empresa Las Flores 133,Empresa,Huánuco,Centro,Tienda,Rosa Ccori,CAF-02,Café en grano 1 kg,Café y cacao,Café Selva Central SAC,4,46.0,0,184.0,104.88,79.12,Vencido,Transferencia
P10590,2025-04-16,4,C133,Empresa Las Flores 133,Empresa,Huánuco,Centro,Tienda,Rosa Ccori,HAR-04,Harina preparada 1 kg,Harinas y pastas,Molinos Valle Verde SA,8,6.3,0.02,49.39,36.8,12.59,Pagado,Yape
P10590,2025-04-16,4,C133,Empresa Las Flores 133,Empresa,Huánuco,Centro,Tienda,Rosa Ccori,GRA-05,Avena con quinua 900 g,Granos andinos,Agroandina del Sur SAC,6,11.5,0.05,65.55,46.26,19.29,Pagado,Transferencia
P10614,2025-04-16,4,C092,Cafetería El Progreso 092,Cafetería,Chiclayo,Norte,Tienda,María Torres,SNA-03,Galletas de avena x 24,Snacks,Snacks Costa Azul EIRL,4,22.0,0.05,83.6,57.2,26.4,Pagado,Tarjeta
P10614,2025-04-16,4,C092,Cafetería El Progreso 092,Cafetería,Chiclayo,Norte,Tienda,María Torres,SNA-03,Galletas de avena x 24,Snacks,Snacks Costa Azul EIRL,4,22.0,0.03,85.36,57.2,28.16,Pagado,Yape
P10618,2025-04-16,4,C029,Minimarket Las Flores 029,Minimarket,Lima,Lima,Tienda,Luis Paredes,LIM-04,Desinfectante 1.8 L,Limpieza,Limpieza Total Perú SAC,10,11.9,0.03,115.43,75.0,40.43,Pagado,Efectivo
P10618,2025-04-16,4,C029,Minimarket Las Flores 029,Minimarket,Lima,Lima,Tienda,Luis Paredes,HAR-03,Fideo tallarín 1 kg,Harinas y pastas,Molinos Valle Verde SA,12,7.2,0,86.4,62.16,24.24,Pagado,Transferencia
P10619,2025-04-16,4,C089,Minimarket Nueva Era 089,Minimarket,Chiclayo,Norte,Tienda,María Torres,CAF-03,Cacao en polvo 250 g,Café y cacao,Café Selva Central SAC,4,12.5,0.02,49.0,30.0,19.0,Pagado,Yape
P10619,2025-04-16,4,C089,Minimarket Nueva Era 089,Minimarket,Chiclayo,Norte,Tienda,María Torres,HAR-03,Fideo tallarín 1 kg,Harinas y pastas,Molinos Valle Verde SA,2,7.2,0.05,13.68,10.36,3.32,Pagado,Plin
P10619,2025-04-16,4,C089,Minimarket Nueva Era 089,Minimarket,Chiclayo,Norte,Tienda,María Torres,SNA-02,Chifles 150 g x 10,Snacks,Snacks Costa Azul EIRL,5,28.0,0,140.0,81.2,58.8,Pagado,Transferencia
P10635,2025-04-16,4,C018,Bodega La Familia 018,Bodega,Lima,Lima,Tienda,Ana Quispe,BEB-05,Té helado 500 ml x 12,Bebidas,Bebidas Norte Pacífico SAC,12,29.0,0,348.0,212.28,135.72,Pagado,Transferencia
P10635,2025-04-16,4,C018,Bodega La Familia 018,Bodega,Lima,Lima,Tienda,Ana Quispe,HAR-01,Harina sin preparar 1 kg,Harinas y pastas,Molinos Valle Verde SA,10,5.4,0,54.0,40.0,14.0,Pagado,Yape
P10675,2025-04-16,4,C024,Bodega Los Andes 024,Bodega,Lima,Lima,Tienda,Luis Paredes,BEB-02,Gaseosa 3 L x 4,Bebidas,Bebidas Norte Pacífico SAC,9,32.0,0,288.0,195.84,92.16,Pagado,Transferencia
P10681,2025-04-16,4,C059,Bodega Santa Rosa 059,Bodega,Lima,Lima,Tienda,Rodrigo Salas,SNA-03,Galletas de avena x 24,Snacks,Snacks Costa Azul EIRL,4,22.0,0.144,75.33,57.2,18.13,Pagado,Tarjeta
P10684,2025-04-16,4,C074,Empresa Santa Rosa 074,Empresa,Piura,Norte,Tienda,María Torres,GRA-03,Maca en polvo 250 g,Granos andinos,Agroandina del Sur SAC,9,17.0,0,153.0,84.15,68.85,Pagado,Transferencia
P10695,2025-04-16,4,C128,Empresa Primavera 128,Empresa,Huancayo,Centro,Tienda,Rosa Ccori,GRA-02,Kiwicha pop 300 g,Granos andinos,Agroandina del Sur SAC,9,8.9,0.05,76.09,48.87,27.22,Pagado,Yape
P10704,2025-04-16,4,C115,Empresa El Puerto 115,Empresa,Arequipa,Sur,Tienda,Jorge Huamán,GRA-02,Kiwicha pop 300 g,Granos andinos,Agroandina del Sur SAC,4,8.9,0.03,34.53,21.72,12.81,Pagado,Tarjeta
P10704,2025-04-16,4,C115,Empresa El Puerto 115,Empresa,Arequipa,Sur,Tienda,Jorge Huamán,BEB-05,Té helado 500 ml x 12,Bebidas,Bebidas Norte Pacífico SAC,3,29.0,0.02,85.26,53.07,32.19,Pagado,Efectivo
P10704,2025-04-16,4,C115,Empresa El Puerto 115,Empresa,Arequipa,Sur,Tienda,Jorge Huamán,CAF-05,Café instantáneo 200 g,Café y cacao,Café Selva Central SAC,3,21.0,0.02,61.74,39.69,22.05,Pagado,Plin
P10558,2025-04-17,4,C075,Mayorista Santa Rosa 075,Mayorista,Trujillo,Norte,Mayorista,María Torres,CAF-05,Café instantáneo 200 g,Café y cacao,Café Selva Central SAC,20,21.0,0.08,386.4,264.6,121.8,Pagado,Transferencia
P10588,2025-04-17,4,C044,Bodega Inti 044,Bodega,Lima,Lima,Online,Rodrigo Salas,CAF-03,Cacao en polvo 250 g,Café y cacao,Café Selva Central SAC,9,12.5,0.153,95.29,67.5,27.79,Pagado,Transferencia
P10661,2025-04-17,4,C084,Bodega El Progreso 084,Bodega,Piura,Norte,Tienda,María Torres,CAF-05,Café instantáneo 200 g,Café y cacao,Café Selva Central SAC,5,21.0,0.03,101.85,66.15,35.7,Pagado,Plin
P10661,2025-04-17,4,C084,Bodega El Progreso 084,Bodega,Piura,Norte,Tienda,María Torres,BEB-05,Té helado 500 ml x 12,Bebidas,Bebidas Norte Pacífico SAC,11,29.0,0,319.0,194.59,124.41,Pagado,Plin
P10661,2025-04-17,4,C084,Bodega El Progreso 084,Bodega,Piura,Norte,Tienda,María Torres,CAF-05,Café instantáneo 200 g,Café y cacao,Café Selva Central SAC,4,21.0,0.02,82.32,52.92,29.4,Pagado,Yape
P10668,2025-04-17,4,C016,Cafetería Primavera 016,Cafetería,Lima,Lima,WhatsApp,Ana Quispe,BEB-04,Bebida rehidratante 500 ml x 12,Bebidas,Bebidas Norte Pacífico SAC,5,33.0,0.05,156.75,103.95,52.8,Pagado,Transferencia
P10668,2025-04-17,4,C016,Cafetería Primavera 016,Cafetería,Lima,Lima,WhatsApp,Ana Quispe,GRA-04,Chía 500 g,Granos andinos,Agroandina del Sur SAC,7,13.0,0,91.0,58.24,32.76,Pagado,Efectivo
P10668,2025-04-17,4,C016,Cafetería Primavera 016,Cafetería,Lima,Lima,WhatsApp,Ana Quispe,LIM-03,Lavavajilla 900 g,Limpieza,Limpieza Total Perú SAC,3,8.2,0.02,24.11,15.75,8.36,Pagado,Efectivo
P10674,2025-04-17,4,C051,Empresa San Martín 051,Empresa,Lima,Lima,Tienda,Ana Quispe,BEB-03,Néctar de durazno 1 L x 6,Bebidas,Bebidas Norte Pacífico SAC,3,27.0,0,81.0,51.84,29.16,Pagado,Yape
P10717,2025-04-17,4,C058,Restaurante La Familia 058,Restaurante,Lima,Lima,Tienda,Luis Paredes,BEB-05,Té helado 500 ml x 12,Bebidas,Bebidas Norte Pacífico SAC,5,29.0,0,145.0,88.45,56.55,Pagado,Transferencia
P10600,2025-04-18,4,C123,Minimarket La Victoria 123,Minimarket,Tacna,Sur,Tienda,Jorge Huamán,SNA-03,Galletas de avena x 24,Snacks,Snacks Costa Azul EIRL,4,22.0,0.02,86.24,57.2,29.04,Pagado,Plin
P10652,2025-04-18,4,C047,Restaurante Primavera 047,Restaurante,Lima,Lima,Tienda,Rodrigo Salas,BEB-03,Néctar de durazno 1 L x 6,Bebidas,Bebidas Norte Pacífico SAC,5,27.0,0.122,118.53,86.4,32.13,Pagado,Yape
P10652,2025-04-18,4,C047,Restaurante Primavera 047,Restaurante,Lima,Lima,Tienda,Rodrigo Salas,SNA-04,Maní salado 200 g x 12,Snacks,Snacks Costa Azul EIRL,10,30.0,0.119,264.3,186.0,78.3,Pagado,Transferencia
P10656,2025-04-18,4,C036,Restaurante El Ahorro 036,Restaurante,Lima,Lima,Tienda,Luis Paredes,CAF-01,Café tostado molido 500 g,Café y cacao,Café Selva Central SAC,10,24.0,0.02,235.2,139.2,96.0,Pagado,Yape
P10656,2025-04-18,4,C036,Restaurante El Ahorro 036,Restaurante,Lima,Lima,Tienda,Luis Paredes,LIM-01,Detergente 2 kg,Limpieza,Limpieza Total Perú SAC,12,19.5,0,234.0,161.4,72.6,Pagado,Yape
P10563,2025-04-19,4,C116,Bodega Las Flores 116,Bodega,Tacna,Sur,Online,Jorge Huamán,LIM-05,Jabón de tocador x 3,Limpieza,Limpieza Total Perú SAC,10,6.5,0.02,63.7,43.6,20.1,Pagado,Tarjeta
P10571,2025-04-19,4,C075,Mayorista Santa Rosa 075,Mayorista,Trujillo,Norte,Mayorista,María Torres,CAF-04,Chocolate para taza 180 g,Café y cacao,Café Selva Central SAC,24,9.9,0.08,218.59,147.36,71.23,Vencido,Transferencia
P10571,2025-04-19,4,C075,Mayorista Santa Rosa 075,Mayorista,Trujillo,Norte,Mayorista,María Torres,GRA-05,Avena con quinua 900 g,Granos andinos,Agroandina del Sur SAC,12,11.5,0.08,126.96,92.52,34.44,Vencido,Transferencia
P10592,2025-04-19,4,C064,Restaurante La Victoria 064,Restaurante,Lima,Lima,Tienda,Rodrigo Salas,LIM-02,Lejía 4 L,Limpieza,Limpieza Total Perú SAC,8,9.8,0.172,64.92,51.76,13.16,Pagado,Yape
P10626,2025-04-19,4,C024,Bodega Los Andes 024,Bodega,Lima,Lima,Online,Luis Paredes,SNA-04,Maní salado 200 g x 12,Snacks,Snacks Costa Azul EIRL,11,30.0,0,330.0,204.6,125.4,Pagado,Efectivo
P10626,2025-04-19,4,C024,Bodega Los Andes 024,Bodega,Lima,Lima,Online,Luis Paredes,BEB-04,Bebida rehidratante 500 ml x 12,Bebidas,Bebidas Norte Pacífico SAC,3,33.0,0.05,94.05,62.37,31.68,Vencido,Transferencia
P10638,2025-04-19,4,C133,Empresa Las Flores 133,Empresa,Huánuco,Centro,Tienda,Rosa Ccori,HAR-01,Harina sin preparar 1 kg,Harinas y pastas,Molinos Valle Verde SA,11,5.4,0,59.4,44.0,15.4,Pagado,Yape
P10638,2025-04-19,4,C133,Empresa Las Flores 133,Empresa,Huánuco,Centro,Tienda,Rosa Ccori,BEB-04,Bebida rehidratante 500 ml x 12,Bebidas,Bebidas Norte Pacífico SAC,3,33.0,0.03,96.03,62.37,33.66,Pagado,Efectivo
P10640,2025-04-19,4,C084,Bodega El Progreso 084,Bodega,Piura,Norte,Tienda,María Torres,HAR-03,Fideo tallarín 1 kg,Harinas y pastas,Molinos Valle Verde SA,8,7.2,0.03,55.87,41.44,14.43,Pagado,Yape
P10640,2025-04-19,4,C084,Bodega El Progreso 084,Bodega,Piura,Norte,Tienda,María Torres,LIM-01,Detergente 2 kg,Limpieza,Limpieza Total Perú SAC,4,19.5,0.03,75.66,53.8,21.86,Pagado,Plin
P10640,2025-04-19,4,C084,Bodega El Progreso 084,Bodega,Piura,Norte,Tienda,María Torres,GRA-03,Maca en polvo 250 g,Granos andinos,Agroandina del Sur SAC,8,17.0,0.02,133.28,74.8,58.48,Pagado,Yape
P10714,2025-04-19,4,C051,Empresa San Martín 051,Empresa,Lima,Lima,WhatsApp,Ana Quispe,SNA-05,Camote frito 120 g x 10,Snacks,Snacks Costa Azul EIRL,6,31.0,0.02,182.28,109.74,72.54,Pagado,Tarjeta
P10714,2025-04-19,4,C051,Empresa San Martín 051,Empresa,Lima,Lima,WhatsApp,Ana Quispe,SNA-01,Papas nativas 120 g x 10,Snacks,Snacks Costa Azul EIRL,5,35.0,0,175.0,105.0,70.0,Pagado,Yape
P10557,2025-04-20,4,C127,Minimarket El Progreso 127,Minimarket,Huánuco,Centro,Tienda,Rosa Ccori,BEB-04,Bebida rehidratante 500 ml x 12,Bebidas,Bebidas Norte Pacífico SAC,3,33.0,0.03,96.03,62.37,33.66,Pagado,Transferencia
P10557,2025-04-20,4,C127,Minimarket El Progreso 127,Minimarket,Huánuco,Centro,Tienda,Rosa Ccori,GRA-02,Kiwicha pop 300 g,Granos andinos,Agroandina del Sur SAC,3,8.9,0.03,25.9,16.29,9.61,Pagado,Yape
P10557,2025-04-20,4,C127,Minimarket El Progreso 127,Minimarket,Huánuco,Centro,Tienda,Rosa Ccori,SNA-01,Papas nativas 120 g x 10,Snacks,Snacks Costa Azul EIRL,7,35.0,0.05,232.75,147.0,85.75,Pagado,Yape
P10593,2025-04-20,4,C031,Bodega El Ahorro 031,Bodega,Lima,Lima,Tienda,Rodrigo Salas,BEB-04,Bebida rehidratante 500 ml x 12,Bebidas,Bebidas Norte Pacífico SAC,12,33.0,0.116,350.06,249.48,100.58,Pagado,Plin
P10593,2025-04-20,4,C031,Bodega El Ahorro 031,Bodega,Lima,Lima,Tienda,Rodrigo Salas,GRA-04,Chía 500 g,Granos andinos,Agroandina del Sur SAC,11,13.0,0.144,122.41,91.52,30.89,Pagado,Yape
P10593,2025-04-20,4,C031,Bodega El Ahorro 031,Bodega,Lima,Lima,Tienda,Rodrigo Salas,SNA-05,Camote frito 120 g x 10,Snacks,Snacks Costa Azul EIRL,8,31.0,0.144,212.29,146.32,65.97,Pagado,Efectivo
P10654,2025-04-20,4,C075,Mayorista Santa Rosa 075,Mayorista,Trujillo,Norte,Mayorista,María Torres,CAF-04,Chocolate para taza 180 g,Café y cacao,Café Selva Central SAC,16,9.9,0.08,145.73,98.24,47.49,Pagado,Transferencia
P10671,2025-04-20,4,C041,Bodega Santa Rosa 041,Bodega,Lima,Lima,Tienda,Rodrigo Salas,SNA-02,Chifles 150 g x 10,Snacks,Snacks Costa Azul EIRL,12,28.0,0.129,292.66,194.88,97.78,Pagado,Transferencia
P10671,2025-04-20,4,C041,Bodega Santa Rosa 041,Bodega,Lima,Lima,Tienda,Rodrigo Salas,SNA-02,Chifles 150 g x 10,Snacks,Snacks Costa Azul EIRL,4,28.0,0.13,97.44,64.96,32.48,Pagado,Yape
P10671,2025-04-20,4,C041,Bodega Santa Rosa 041,Bodega,Lima,Lima,Tienda,Rodrigo Salas,GRA-02,Kiwicha pop 300 g,Granos andinos,Agroandina del Sur SAC,10,8.9,0.17,73.87,54.3,19.57,Pagado,Tarjeta
P10694,2025-04-20,4,C012,Cafetería Pachamama 012,Cafetería,Lima,Lima,Tienda,Luis Paredes,BEB-03,Néctar de durazno 1 L x 6,Bebidas,Bebidas Norte Pacífico SAC,9,27.0,0,243.0,155.52,87.48,Pagado,Plin
P10694,2025-04-20,4,C012,Cafetería Pachamama 012,Cafetería,Lima,Lima,Tienda,Luis Paredes,BEB-02,Gaseosa 3 L x 4,Bebidas,Bebidas Norte Pacífico SAC,11,32.0,0,352.0,239.36,112.64,Pagado,Transferencia
P10546,2025-04-21,4,C045,Minimarket Inti 045,Minimarket,Lima,Lima,Tienda,Ana Quispe,BEB-02,Gaseosa 3 L x 4,Bebidas,Bebidas Norte Pacífico SAC,10,32.0,0,320.0,217.6,102.4,Pagado,Efectivo
P10546,2025-04-21,4,C045,Minimarket Inti 045,Minimarket,Lima,Lima,Tienda,Ana Quispe,GRA-03,Maca en polvo 250 g,Granos andinos,Agroandina del Sur SAC,4,17.0,0,68.0,37.4,30.6,Pagado,Transferencia
P10555,2025-04-21,4,C030,Cafetería San Martín 030,Cafetería,Lima,Lima,Tienda,Luis Paredes,GRA-03,Maca en polvo 250 g,Granos andinos,Agroandina del Sur SAC,6,17.0,0,102.0,56.1,45.9,Pagado,Transferencia
P10583,2025-04-21,4,C119,Bodega El Sol 119,Bodega,Cusco,Sur,Tienda,Jorge Huamán,BEB-05,Té helado 500 ml x 12,Bebidas,Bebidas Norte Pacífico SAC,6,29.0,0.05,165.3,106.14,59.16,Pagado,Tarjeta
P10583,2025-04-21,4,C119,Bodega El Sol 119,Bodega,Cusco,Sur,Tienda,Jorge Huamán,SNA-05,Camote frito 120 g x 10,Snacks,Snacks Costa Azul EIRL,6,31.0,0,186.0,109.74,76.26,Pagado,Yape
P10583,2025-04-21,4,C119,Bodega El Sol 119,Bodega,Cusco,Sur,Tienda,Jorge Huamán,BEB-05,Té helado 500 ml x 12,Bebidas,Bebidas Norte Pacífico SAC,2,29.0,0.03,56.26,35.38,20.88,Pagado,Plin
P10604,2025-04-21,4,C052,Bodega La Victoria 052,Bodega,Lima,Lima,Tienda,Rodrigo Salas,GRA-01,Quinua blanca 1 kg,Granos andinos,Agroandina del Sur SAC,12,14.5,0.109,155.03,114.84,40.19,Pagado,Yape
P10604,2025-04-21,4,C052,Bodega La Victoria 052,Bodega,Lima,Lima,Tienda,Rodrigo Salas,HAR-03,Fideo tallarín 1 kg,Harinas y pastas,Molinos Valle Verde SA,10,7.2,0.123,63.14,51.8,11.34,Pagado,Efectivo
P10604,2025-04-21,4,C052,Bodega La Victoria 052,Bodega,Lima,Lima,Tienda,Rodrigo Salas,SNA-05,Camote frito 120 g x 10,Snacks,Snacks Costa Azul EIRL,2,31.0,0.116,54.81,36.58,18.23,Pagado,Transferencia
P10657,2025-04-21,4,C101,Bodega La Esperanza 101,Bodega,Tacna,Sur,Tienda,Jorge Huamán,CAF-01,Café tostado molido 500 g,Café y cacao,Café Selva Central SAC,8,24.0,0.02,188.16,111.36,76.8,Pagado,Tarjeta
P10657,2025-04-21,4,C101,Bodega La Esperanza 101,Bodega,Tacna,Sur,Tienda,Jorge Huamán,GRA-01,Quinua blanca 1 kg,Granos andinos,Agroandina del Sur SAC,8,14.5,0.03,112.52,76.56,35.96,Pagado,Tarjeta
P10679,2025-04-21,4,C033,Minimarket Primavera 033,Minimarket,Lima,Lima,Tienda,Ana Quispe,HAR-01,Harina sin preparar 1 kg,Harinas y pastas,Molinos Valle Verde SA,3,5.4,0.02,15.88,12.0,3.88,Pagado,Efectivo
P10679,2025-04-21,4,C033,Minimarket Primavera 033,Minimarket,Lima,Lima,Tienda,Ana Quispe,BEB-01,Agua mineral 625 ml x 15,Bebidas,Bebidas Norte Pacífico SAC,6,18.0,0.03,104.76,66.96,37.8,Pagado,Transferencia
P10679,2025-04-21,4,C033,Minimarket Primavera 033,Minimarket,Lima,Lima,Tienda,Ana Quispe,GRA-02,Kiwicha pop 300 g,Granos andinos,Agroandina del Sur SAC,7,8.9,0,62.3,38.01,24.29,Pagado,Efectivo
P10683,2025-04-21,4,C023,Bodega El Sol 023,Bodega,Lima,Lima,Tienda,Rodrigo Salas,GRA-04,Chía 500 g,Granos andinos,Agroandina del Sur SAC,8,13.0,0.169,86.42,66.56,19.86,Pagado,Plin
P10683,2025-04-21,4,C023,Bodega El Sol 023,Bodega,Lima,Lima,Tienda,Rodrigo Salas,SNA-04,Maní salado 200 g x 12,Snacks,Snacks Costa Azul EIRL,12,30.0,0.137,310.68,223.2,87.48,Pagado,Plin
P10688,2025-04-21,4,C022,Empresa La Familia 022,Empresa,Lima,Lima,Tienda,Ana Quispe,SNA-01,Papas nativas 120 g x 10,Snacks,Snacks Costa Azul EIRL,5,35.0,0.02,171.5,105.0,66.5,Pagado,Transferencia
P10688,2025-04-21,4,C022,Empresa La Familia 022,Empresa,Lima,Lima,Tienda,Ana Quispe,LIM-01,Detergente 2 kg,Limpieza,Limpieza Total Perú SAC,8,19.5,0.02,152.88,107.6,45.28,Pagado,Yape
P10702,2025-04-21,4,C050,Mayorista El Sol 050,Mayorista,Lima,Lima,Mayorista,Luis Paredes,GRA-01,Quinua blanca 1 kg,Granos andinos,Agroandina del Sur SAC,36,14.5,0.08,480.24,344.52,135.72,Pagado,Transferencia
P10702,2025-04-21,4,C050,Mayorista El Sol 050,Mayorista,Lima,Lima,Mayorista,Luis Paredes,HAR-03,Fideo tallarín 1 kg,Harinas y pastas,Molinos Valle Verde SA,20,7.2,0.08,132.48,103.6,28.88,Pagado,Transferencia
P10702,2025-04-21,4,C050,Mayorista El Sol 050,Mayorista,Lima,Lima,Mayorista,Luis Paredes,BEB-05,Té helado 500 ml x 12,Bebidas,Bebidas Norte Pacífico SAC,32,29.0,0.08,853.76,566.08,287.68,Pagado,Transferencia
P10725,2025-04-21,4,C098,Empresa Pachamama 098,Empresa,Trujillo,Norte,Tienda,María Torres,BEB-05,Té helado 500 ml x 12,Bebidas,Bebidas Norte Pacífico SAC,12,29.0,0.02,341.04,212.28,128.76,Pagado,Plin
P10725,2025-04-21,4,C098,Empresa Pachamama 098,Empresa,Trujillo,Norte,Tienda,María Torres,LIM-04,Desinfectante 1.8 L,Limpieza,Limpieza Total Perú SAC,10,11.9,0.03,115.43,75.0,40.43,Pagado,Yape
P10572,2025-04-22,4,C130,Restaurante San Pedro 130,Restaurante,Huancayo,Centro,WhatsApp,Rosa Ccori,LIM-05,Jabón de tocador x 3,Limpieza,Limpieza Total Perú SAC,9,6.5,0.05,55.57,39.24,16.33,Pagado,Efectivo
P10594,2025-04-22,4,C098,Empresa Pachamama 098,Empresa,Trujillo,Norte,Tienda,María Torres,GRA-02,Kiwicha pop 300 g,Granos andinos,Agroandina del Sur SAC,12,8.9,0.02,104.66,65.16,39.5,Pagado,Plin
P10608,2025-04-22,4,C055,Empresa Inti 055,Empresa,Lima,Lima,WhatsApp,Luis Paredes,LIM-04,Desinfectante 1.8 L,Limpieza,Limpieza Total Perú SAC,11,11.9,0,130.9,82.5,48.4,Pagado,Transferencia
P10616,2025-04-22,4,C048,Cafetería Inti 048,Cafetería,Lima,Lima,Tienda,Ana Quispe,CAF-03,Cacao en polvo 250 g,Café y cacao,Café Selva Central SAC,6,12.5,0.02,73.5,45.0,28.5,Pagado,Efectivo
P10616,2025-04-22,4,C048,Cafetería Inti 048,Cafetería,Lima,Lima,Tienda,Ana Quispe,BEB-04,Bebida rehidratante 500 ml x 12,Bebidas,Bebidas Norte Pacífico SAC,4,33.0,0,132.0,83.16,48.84,Pagado,Efectivo
P10617,2025-04-22,4,C136,Bodega El Ahorro 136,Bodega,Huánuco,Centro,Online,Rosa Ccori,HAR-02,Fideo spaghetti 500 g,Harinas y pastas,Molinos Valle Verde SA,6,3.9,0.05,22.23,16.62,5.61,Pagado,Yape
P10617,2025-04-22,4,C136,Bodega El Ahorro 136,Bodega,Huánuco,Centro,Online,Rosa Ccori,LIM-04,Desinfectante 1.8 L,Limpieza,Limpieza Total Perú SAC,6,11.9,0.05,67.83,45.0,22.83,Pagado,Tarjeta
P10625,2025-04-22,4,C129,Mayorista La Esperanza 129,Mayorista,Huánuco,Centro,Mayorista,Rosa Ccori,SNA-05,Camote frito 120 g x 10,Snacks,Snacks Costa Azul EIRL,28,31.0,0.08,798.56,512.12,286.44,Vencido,Transferencia
P10625,2025-04-22,4,C129,Mayorista La Esperanza 129,Mayorista,Huánuco,Centro,Mayorista,Rosa Ccori,CAF-04,Chocolate para taza 180 g,Café y cacao,Café Selva Central SAC,28,9.9,0.08,255.02,171.92,83.1,Pagado,Transferencia
P10637,2025-04-22,4,C035,Bodega El Trébol 035,Bodega,Lima,Lima,Tienda,Rodrigo Salas,GRA-03,Maca en polvo 250 g,Granos andinos,Agroandina del Sur SAC,3,17.0,0.118,44.98,28.05,16.93,Pagado,Yape
P10637,2025-04-22,4,C035,Bodega El Trébol 035,Bodega,Lima,Lima,Tienda,Rodrigo Salas,LIM-02,Lejía 4 L,Limpieza,Limpieza Total Perú SAC,4,9.8,0.138,33.79,25.88,7.91,Pagado,Yape
P10729,2025-04-22,4,C045,Minimarket Inti 045,Minimarket,Lima,Lima,Online,Ana Quispe,LIM-04,Desinfectante 1.8 L,Limpieza,Limpieza Total Perú SAC,10,11.9,0.03,115.43,75.0,40.43,Pagado,Plin
P10544,2025-04-23,4,C129,Mayorista La Esperanza 129,Mayorista,Huánuco,Centro,Mayorista,Rosa Ccori,BEB-02,Gaseosa 3 L x 4,Bebidas,Bebidas Norte Pacífico SAC,8,32.0,0.08,235.52,174.08,61.44,Pagado,Transferencia
P10544,2025-04-23,4,C129,Mayorista La Esperanza 129,Mayorista,Huánuco,Centro,Mayorista,Rosa Ccori,SNA-03,Galletas de avena x 24,Snacks,Snacks Costa Azul EIRL,20,22.0,0.08,404.8,286.0,118.8,Pagado,Transferencia
P10581,2025-04-23,4,C058,Restaurante La Familia 058,Restaurante,Lima,Lima,Tienda,Rodrigo Salas,CAF-05,Café instantáneo 200 g,Café y cacao,Café Selva Central SAC,3,21.0,0.113,55.88,39.69,16.19,Vencido,Yape
P10599,2025-04-23,4,C012,Cafetería Pachamama 012,Cafetería,Lima,Lima,Tienda,Luis Paredes,GRA-01,Quinua blanca 1 kg,Granos andinos,Agroandina del Sur SAC,8,14.5,0,116.0,76.56,39.44,Pagado,Transferencia
P10621,2025-04-23,4,C081,Restaurante Las Flores 081,Restaurante,Chiclayo,Norte,Tienda,María Torres,GRA-04,Chía 500 g,Granos andinos,Agroandina del Sur SAC,4,13.0,0,52.0,33.28,18.72,Vencido,Tarjeta
P10685,2025-04-23,4,C135,Cafetería La Esperanza 135,Cafetería,Huancayo,Centro,Online,Rosa Ccori,CAF-02,Café en grano 1 kg,Café y cacao,Café Selva Central SAC,3,46.0,0.02,135.24,78.66,56.58,Pagado,Transferencia
P10685,2025-04-23,4,C135,Cafetería La Esperanza 135,Cafetería,Huancayo,Centro,Online,Rosa Ccori,SNA-05,Camote frito 120 g x 10,Snacks,Snacks Costa Azul EIRL,9,31.0,0,279.0,164.61,114.39,Pagado,Efectivo
P10685,2025-04-23,4,C135,Cafetería La Esperanza 135,Cafetería,Huancayo,Centro,Online,Rosa Ccori,GRA-01,Quinua blanca 1 kg,Granos andinos,Agroandina del Sur SAC,9,14.5,0,130.5,86.13,44.37,Pagado,Yape
P10701,2025-04-23,4,C033,Minimarket Primavera 033,Minimarket,Lima,Lima,Tienda,Luis Paredes,HAR-04,Harina preparada 1 kg,Harinas y pastas,Molinos Valle Verde SA,5,6.3,0,31.5,23.0,8.5,Pagado,Transferencia
P10701,2025-04-23,4,C033,Minimarket Primavera 033,Minimarket,Lima,Lima,Tienda,Luis Paredes,HAR-03,Fideo tallarín 1 kg,Harinas y pastas,Molinos Valle Verde SA,11,7.2,0.05,75.24,56.98,18.26,Pagado,Yape
P10710,2025-04-23,4,C045,Minimarket Inti 045,Minimarket,Lima,Lima,Tienda,Ana Quispe,BEB-05,Té helado 500 ml x 12,Bebidas,Bebidas Norte Pacífico SAC,3,29.0,0.05,82.65,53.07,29.58,Pagado,Efectivo
P10584,2025-04-24,4,C014,Minimarket San Pedro 014,Minimarket,Lima,Lima,Tienda,Ana Quispe,BEB-04,Bebida rehidratante 500 ml x 12,Bebidas,Bebidas Norte Pacífico SAC,7,33.0,0.03,224.07,145.53,78.54,Pagado,Transferencia
P10586,2025-04-24,4,C054,Bodega Nueva Era 054,Bodega,Lima,Lima,Online,Rodrigo Salas,HAR-02,Fideo spaghetti 500 g,Harinas y pastas,Molinos Valle Verde SA,4,3.9,0.153,13.21,11.08,2.13,Pagado,Yape
P10586,2025-04-24,4,C054,Bodega Nueva Era 054,Bodega,Lima,Lima,Online,Rodrigo Salas,CAF-02,Café en grano 1 kg,Café y cacao,Café Selva Central SAC,6,46.0,0.118,243.43,157.32,86.11,Pagado,Transferencia
P10611,2025-04-24,4,C010,Restaurante Los Andes 010,Restaurante,Lima,Lima,WhatsApp,Rodrigo Salas,HAR-01,Harina sin preparar 1 kg,Harinas y pastas,Molinos Valle Verde SA,8,5.4,0.133,37.45,32.0,5.45,Pagado,Yape
P10724,2025-04-24,4,C101,Bodega La Esperanza 101,Bodega,Tacna,Sur,Tienda,Jorge Huamán,LIM-01,Detergente 2 kg,Limpieza,Limpieza Total Perú SAC,10,19.5,0,195.0,134.5,60.5,Pagado,Plin
P10728,2025-04-24,4,C022,Empresa La Familia 022,Empresa,Lima,Lima,Tienda,Rodrigo Salas,SNA-05,Camote frito 120 g x 10,Snacks,Snacks Costa Azul EIRL,7,31.0,0.177,178.59,128.03,50.56,Pagado,Plin
P10575,2025-04-25,4,C031,Bodega El Ahorro 031,Bodega,Lima,Lima,Tienda,Rodrigo Salas,LIM-03,Lavavajilla 900 g,Limpieza,Limpieza Total Perú SAC,4,8.2,0.123,28.77,21.0,7.77,Pagado,Plin
P10575,2025-04-25,4,C031,Bodega El Ahorro 031,Bodega,Lima,Lima,Tienda,Rodrigo Salas,CAF-02,Café en grano 1 kg,Café y cacao,Café Selva Central SAC,3,46.0,0.15,117.3,78.66,38.64,Pagado,Plin
P10580,2025-04-25,4,C105,Restaurante El Ahorro 105,Restaurante,Arequipa,Sur,Tienda,Jorge Huamán,LIM-04,Desinfectante 1.8 L,Limpieza,Limpieza Total Perú SAC,11,11.9,0.03,126.97,82.5,44.47,Pagado,Tarjeta
P10598,2025-04-25,4,C078,Bodega Inti 078,Bodega,Piura,Norte,Tienda,María Torres,HAR-05,Sémola 500 g,Harinas y pastas,Molinos Valle Verde SA,11,4.1,0.03,43.75,31.57,12.18,Pagado,Tarjeta
P10602,2025-04-25,4,C043,Restaurante Mi Perú 043,Restaurante,Lima,Lima,Tienda,Luis Paredes,SNA-02,Chifles 150 g x 10,Snacks,Snacks Costa Azul EIRL,4,28.0,0.03,108.64,64.96,43.68,Pagado,Tarjeta
P10602,2025-04-25,4,C043,Restaurante Mi Perú 043,Restaurante,Lima,Lima,Tienda,Luis Paredes,CAF-05,Café instantáneo 200 g,Café y cacao,Café Selva Central SAC,12,21.0,0,252.0,158.76,93.24,Pagado,Plin
P10624,2025-04-25,4,C009,Minimarket La Esperanza 009,Minimarket,Lima,Lima,Tienda,Rodrigo Salas,SNA-04,Maní salado 200 g x 12,Snacks,Snacks Costa Azul EIRL,3,30.0,0.169,74.79,55.8,18.99,Pagado,Efectivo
P10648,2025-04-25,4,C091,Cafetería El Puerto 091,Cafetería,Chiclayo,Norte,Tienda,María Torres,SNA-02,Chifles 150 g x 10,Snacks,Snacks Costa Azul EIRL,4,28.0,0.03,108.64,64.96,43.68,Pagado,Yape
P10648,2025-04-25,4,C091,Cafetería El Puerto 091,Cafetería,Chiclayo,Norte,Tienda,María Torres,GRA-03,Maca en polvo 250 g,Granos andinos,Agroandina del Sur SAC,8,17.0,0.02,133.28,74.8,58.48,Pagado,Yape
P10660,2025-04-25,4,C070,Minimarket El Ahorro 070,Minimarket,Lima,Lima,Tienda,Rodrigo Salas,SNA-04,Maní salado 200 g x 12,Snacks,Snacks Costa Azul EIRL,12,30.0,0.114,318.96,223.2,95.76,Pagado,Yape
P10673,2025-04-25,4,C108,Bodega El Sol 108,Bodega,Tacna,Sur,Tienda,Jorge Huamán,HAR-05,Sémola 500 g,Harinas y pastas,Molinos Valle Verde SA,9,4.1,0.02,36.16,25.83,10.33,Pagado,Yape
P10673,2025-04-25,4,C108,Bodega El Sol 108,Bodega,Tacna,Sur,Tienda,Jorge Huamán,LIM-04,Desinfectante 1.8 L,Limpieza,Limpieza Total Perú SAC,10,11.9,0.03,115.43,75.0,40.43,Pagado,Transferencia
P10689,2025-04-25,4,C096,Cafetería La Familia 096,Cafetería,Piura,Norte,Tienda,María Torres,LIM-05,Jabón de tocador x 3,Limpieza,Limpieza Total Perú SAC,6,6.5,0.02,38.22,26.16,12.06,Vencido,Yape
P10705,2025-04-25,4,C058,Restaurante La Familia 058,Restaurante,Lima,Lima,Tienda,Ana Quispe,BEB-01,Agua mineral 625 ml x 15,Bebidas,Bebidas Norte Pacífico SAC,7,18.0,0.02,123.48,78.12,45.36,Pagado,Yape
P10705,2025-04-25,4,C058,Restaurante La Familia 058,Restaurante,Lima,Lima,Tienda,Ana Quispe,GRA-04,Chía 500 g,Granos andinos,Agroandina del Sur SAC,7,13.0,0,91.0,58.24,32.76,Pagado,Transferencia
P10705,2025-04-25,4,C058,Restaurante La Familia 058,Restaurante,Lima,Lima,Tienda,Ana Quispe,HAR-04,Harina preparada 1 kg,Harinas y pastas,Molinos Valle Verde SA,12,6.3,0,75.6,55.2,20.4,Pagado,Efectivo
P10722,2025-04-25,4,C087,Restaurante El Ahorro 087,Restaurante,Trujillo,Norte,Tienda,María Torres,BEB-03,Néctar de durazno 1 L x 6,Bebidas,Bebidas Norte Pacífico SAC,6,27.0,0.03,157.14,103.68,53.46,Pagado,Plin
P10722,2025-04-25,4,C087,Restaurante El Ahorro 087,Restaurante,Trujillo,Norte,Tienda,María Torres,HAR-02,Fideo spaghetti 500 g,Harinas y pastas,Molinos Valle Verde SA,9,3.9,0.03,34.05,24.93,9.12,Pagado,Transferencia
P10723,2025-04-25,4,C069,Restaurante Mi Perú 069,Restaurante,Lima,Lima,WhatsApp,Ana Quispe,BEB-01,Agua mineral 625 ml x 15,Bebidas,Bebidas Norte Pacífico SAC,5,18.0,0,90.0,55.8,34.2,Pagado,Transferencia
P10650,2025-04-26,4,C023,Bodega El Sol 023,Bodega,Lima,Lima,Tienda,Rodrigo Salas,SNA-02,Chifles 150 g x 10,Snacks,Snacks Costa Azul EIRL,4,28.0,0.132,97.22,64.96,32.26,Pagado,Tarjeta
P10650,2025-04-26,4,C023,Bodega El Sol 023,Bodega,Lima,Lima,Tienda,Rodrigo Salas,HAR-05,Sémola 500 g,Harinas y pastas,Molinos Valle Verde SA,7,4.1,0.142,24.62,20.09,4.53,Pagado,Plin
P10686,2025-04-26,4,C014,Minimarket San Pedro 014,Minimarket,Lima,Lima,Tienda,Rodrigo Salas,LIM-04,Desinfectante 1.8 L,Limpieza,Limpieza Total Perú SAC,2,11.9,0.132,20.66,15.0,5.66,Pagado,Yape
P10686,2025-04-26,4,C014,Minimarket San Pedro 014,Minimarket,Lima,Lima,Tienda,Rodrigo Salas,HAR-01,Harina sin preparar 1 kg,Harinas y pastas,Molinos Valle Verde SA,5,5.4,0.116,23.87,20.0,3.87,Pagado,Yape
P10569,2025-04-27,4,C074,Empresa Santa Rosa 074,Empresa,Piura,Norte,Tienda,María Torres,HAR-02,Fideo spaghetti 500 g,Harinas y pastas,Molinos Valle Verde SA,9,3.9,0,35.1,24.93,10.17,Vencido,Plin
P10610,2025-04-27,4,C101,Bodega La Esperanza 101,Bodega,Tacna,Sur,Tienda,Jorge Huamán,GRA-05,Avena con quinua 900 g,Granos andinos,Agroandina del Sur SAC,6,11.5,0.05,65.55,46.26,19.29,Pagado,Transferencia
P10610,2025-04-27,4,C101,Bodega La Esperanza 101,Bodega,Tacna,Sur,Tienda,Jorge Huamán,HAR-05,Sémola 500 g,Harinas y pastas,Molinos Valle Verde SA,4,4.1,0,16.4,11.48,4.92,Pagado,Yape
P10610,2025-04-27,4,C101,Bodega La Esperanza 101,Bodega,Tacna,Sur,Tienda,Jorge Huamán,SNA-04,Maní salado 200 g x 12,Snacks,Snacks Costa Azul EIRL,7,30.0,0,210.0,130.2,79.8,Pagado,Transferencia
P10643,2025-04-27,4,C131,Bodega Virgen de Fátima 131,Bodega,Huánuco,Centro,Tienda,Rosa Ccori,SNA-01,Papas nativas 120 g x 10,Snacks,Snacks Costa Azul EIRL,4,35.0,0.05,133.0,84.0,49.0,Vencido,Transferencia
P10651,2025-04-27,4,C108,Bodega El Sol 108,Bodega,Tacna,Sur,Tienda,Jorge Huamán,LIM-04,Desinfectante 1.8 L,Limpieza,Limpieza Total Perú SAC,6,11.9,0,71.4,45.0,26.4,Pagado,Transferencia
P10651,2025-04-27,4,C108,Bodega El Sol 108,Bodega,Tacna,Sur,Tienda,Jorge Huamán,SNA-03,Galletas de avena x 24,Snacks,Snacks Costa Azul EIRL,9,22.0,0.03,192.06,128.7,63.36,Pagado,Efectivo
P10547,2025-04-28,4,C139,Minimarket Virgen de Fátima 139,Minimarket,Huancayo,Centro,Tienda,Rosa Ccori,LIM-01,Detergente 2 kg,Limpieza,Limpieza Total Perú SAC,12,19.5,0,234.0,161.4,72.6,Pagado,Plin
P10547,2025-04-28,4,C139,Minimarket Virgen de Fátima 139,Minimarket,Huancayo,Centro,Tienda,Rosa Ccori,CAF-02,Café en grano 1 kg,Café y cacao,Café Selva Central SAC,9,46.0,0.05,393.3,235.98,157.32,Pagado,Transferencia
P10551,2025-04-28,4,C082,Bodega Mi Perú 082,Bodega,Piura,Norte,Tienda,María Torres,BEB-04,Bebida rehidratante 500 ml x 12,Bebidas,Bebidas Norte Pacífico SAC,12,33.0,0.02,388.08,249.48,138.6,Vencido,Tarjeta
P10551,2025-04-28,4,C082,Bodega Mi Perú 082,Bodega,Piura,Norte,Tienda,María Torres,CAF-05,Café instantáneo 200 g,Café y cacao,Café Selva Central SAC,12,21.0,0,252.0,158.76,93.24,Pagado,Transferencia
P10551,2025-04-28,4,C082,Bodega Mi Perú 082,Bodega,Piura,Norte,Tienda,María Torres,CAF-03,Cacao en polvo 250 g,Café y cacao,Café Selva Central SAC,9,12.5,0.03,109.12,67.5,41.62,Pagado,Tarjeta
P10562,2025-04-28,4,C036,Restaurante El Ahorro 036,Restaurante,Lima,Lima,Tienda,Ana Quispe,SNA-01,Papas nativas 120 g x 10,Snacks,Snacks Costa Azul EIRL,2,35.0,0.03,67.9,42.0,25.9,Pagado,Transferencia
P10589,2025-04-28,4,C083,Bodega Mi Perú 083,Bodega,Piura,Norte,Tienda,María Torres,LIM-04,Desinfectante 1.8 L,Limpieza,Limpieza Total Perú SAC,11,11.9,0.05,124.36,82.5,41.86,Pagado,Tarjeta
P10589,2025-04-28,4,C083,Bodega Mi Perú 083,Bodega,Piura,Norte,Tienda,María Torres,LIM-05,Jabón de tocador x 3,Limpieza,Limpieza Total Perú SAC,4,6.5,0.02,25.48,17.44,8.04,Pagado,Efectivo
P10708,2025-04-28,4,C081,Restaurante Las Flores 081,Restaurante,Chiclayo,Norte,Tienda,María Torres,HAR-04,Harina preparada 1 kg,Harinas y pastas,Molinos Valle Verde SA,2,6.3,0,12.6,9.2,3.4,Pagado,Tarjeta
P10708,2025-04-28,4,C081,Restaurante Las Flores 081,Restaurante,Chiclayo,Norte,Tienda,María Torres,SNA-05,Camote frito 120 g x 10,Snacks,Snacks Costa Azul EIRL,10,31.0,0,310.0,182.9,127.1,Pagado,Tarjeta
P10708,2025-04-28,4,C081,Restaurante Las Flores 081,Restaurante,Chiclayo,Norte,Tienda,María Torres,BEB-01,Agua mineral 625 ml x 15,Bebidas,Bebidas Norte Pacífico SAC,4,18.0,0,72.0,44.64,27.36,Pagado,Yape
P10719,2025-04-28,4,C135,Cafetería La Esperanza 135,Cafetería,Huancayo,Centro,WhatsApp,Rosa Ccori,HAR-02,Fideo spaghetti 500 g,Harinas y pastas,Molinos Valle Verde SA,11,3.9,0.02,42.04,30.47,11.57,Pagado,Yape
P10719,2025-04-28,4,C135,Cafetería La Esperanza 135,Cafetería,Huancayo,Centro,WhatsApp,Rosa Ccori,CAF-03,Cacao en polvo 250 g,Café y cacao,Café Selva Central SAC,8,12.5,0,100.0,60.0,40.0,Pagado,Tarjeta
P10798,2025-05-01,5,C010,Restaurante Los Andes 010,Restaurante,Lima,Lima,Tienda,Rodrigo Salas,LIM-03,Lavavajilla 900 g,Limpieza,Limpieza Total Perú SAC,8,8.2,0.103,58.84,42.0,16.84,Pagado,Transferencia
P10798,2025-05-01,5,C010,Restaurante Los Andes 010,Restaurante,Lima,Lima,Tienda,Rodrigo Salas,GRA-05,Avena con quinua 900 g,Granos andinos,Agroandina del Sur SAC,3,11.5,0.124,30.22,23.13,7.09,Pagado,Yape
P10798,2025-05-01,5,C010,Restaurante Los Andes 010,Restaurante,Lima,Lima,Tienda,Rodrigo Salas,CAF-01,Café tostado molido 500 g,Café y cacao,Café Selva Central SAC,12,24.0,0.159,242.21,167.04,75.17,Pagado,Transferencia
P10816,2025-05-01,5,C093,Empresa Pachamama 093,Empresa,Piura,Norte,WhatsApp,María Torres,LIM-03,Lavavajilla 900 g,Limpieza,Limpieza Total Perú SAC,12,8.2,0,98.4,63.0,35.4,Pagado,Tarjeta
P10740,2025-05-02,5,C137,Minimarket El Puerto 137,Minimarket,Huánuco,Centro,Tienda,Rosa Ccori,GRA-04,Chía 500 g,Granos andinos,Agroandina del Sur SAC,2,13.0,0.03,25.22,16.64,8.58,Pagado,Plin
P10740,2025-05-02,5,C137,Minimarket El Puerto 137,Minimarket,Huánuco,Centro,Tienda,Rosa Ccori,LIM-04,Desinfectante 1.8 L,Limpieza,Limpieza Total Perú SAC,12,11.9,0.05,135.66,90.0,45.66,Pagado,Efectivo
P10807,2025-05-02,5,C061,Empresa Inti 061,Empresa,Lima,Lima,WhatsApp,Rodrigo Salas,BEB-05,Té helado 500 ml x 12,Bebidas,Bebidas Norte Pacífico SAC,6,29.0,0.13,151.38,106.14,45.24,Pagado,Plin
P10824,2025-05-02,5,C074,Empresa Santa Rosa 074,Empresa,Piura,Norte,Tienda,María Torres,BEB-01,Agua mineral 625 ml x 15,Bebidas,Bebidas Norte Pacífico SAC,3,18.0,0,54.0,33.48,20.52,Pagado,Yape
P10832,2025-05-02,5,C097,Bodega El Puerto 097,Bodega,Trujillo,Norte,Tienda,María Torres,GRA-02,Kiwicha pop 300 g,Granos andinos,Agroandina del Sur SAC,10,8.9,0.02,87.22,54.3,32.92,Pagado,Plin
P10839,2025-05-02,5,C088,Empresa Pachamama 088,Empresa,Trujillo,Norte,Tienda,María Torres,CAF-04,Chocolate para taza 180 g,Café y cacao,Café Selva Central SAC,7,9.9,0.05,65.83,42.98,22.85,Vencido,Plin
P10839,2025-05-02,5,C088,Empresa Pachamama 088,Empresa,Trujillo,Norte,Tienda,María Torres,LIM-02,Lejía 4 L,Limpieza,Limpieza Total Perú SAC,5,9.8,0,49.0,32.35,16.65,Pagado,Plin
P10839,2025-05-02,5,C088,Empresa Pachamama 088,Empresa,Trujillo,Norte,Tienda,María Torres,GRA-02,Kiwicha pop 300 g,Granos andinos,Agroandina del Sur SAC,10,8.9,0.05,84.55,54.3,30.25,Pagado,Yape
P10873,2025-05-02,5,C049,Restaurante San Pedro 049,Restaurante,Lima,Lima,Tienda,Luis Paredes,BEB-02,Gaseosa 3 L x 4,Bebidas,Bebidas Norte Pacífico SAC,8,32.0,0.02,250.88,174.08,76.8,Pagado,Efectivo
P10873,2025-05-02,5,C049,Restaurante San Pedro 049,Restaurante,Lima,Lima,Tienda,Luis Paredes,CAF-02,Café en grano 1 kg,Café y cacao,Café Selva Central SAC,7,46.0,0,322.0,183.54,138.46,Pagado,Yape
P10873,2025-05-02,5,C049,Restaurante San Pedro 049,Restaurante,Lima,Lima,Tienda,Luis Paredes,BEB-02,Gaseosa 3 L x 4,Bebidas,Bebidas Norte Pacífico SAC,11,32.0,0,352.0,239.36,112.64,Pagado,Plin
P10875,2025-05-02,5,C055,Empresa Inti 055,Empresa,Lima,Lima,Online,Ana Quispe,BEB-05,Té helado 500 ml x 12,Bebidas,Bebidas Norte Pacífico SAC,8,29.0,0.05,220.4,141.52,78.88,Pagado,Transferencia
P10923,2025-05-02,5,C130,Restaurante San Pedro 130,Restaurante,Huancayo,Centro,WhatsApp,Rosa Ccori,BEB-05,Té helado 500 ml x 12,Bebidas,Bebidas Norte Pacífico SAC,12,29.0,0.02,341.04,212.28,128.76,Pagado,Efectivo
P10927,2025-05-02,5,C128,Empresa Primavera 128,Empresa,Huancayo,Centro,Tienda,Rosa Ccori,BEB-01,Agua mineral 625 ml x 15,Bebidas,Bebidas Norte Pacífico SAC,11,18.0,0,198.0,122.76,75.24,Pagado,Transferencia
P10927,2025-05-02,5,C128,Empresa Primavera 128,Empresa,Huancayo,Centro,Tienda,Rosa Ccori,GRA-03,Maca en polvo 250 g,Granos andinos,Agroandina del Sur SAC,8,17.0,0,136.0,74.8,61.2,Pagado,Tarjeta
P10927,2025-05-02,5,C128,Empresa Primavera 128,Empresa,Huancayo,Centro,Tienda,Rosa Ccori,CAF-03,Cacao en polvo 250 g,Café y cacao,Café Selva Central SAC,7,12.5,0,87.5,52.5,35.0,Pagado,Yape
P10830,2025-05-03,5,C137,Minimarket El Puerto 137,Minimarket,Huánuco,Centro,Tienda,Rosa Ccori,SNA-01,Papas nativas 120 g x 10,Snacks,Snacks Costa Azul EIRL,10,35.0,0.02,343.0,210.0,133.0,Pagado,Yape
P10830,2025-05-03,5,C137,Minimarket El Puerto 137,Minimarket,Huánuco,Centro,Tienda,Rosa Ccori,BEB-03,Néctar de durazno 1 L x 6,Bebidas,Bebidas Norte Pacífico SAC,5,27.0,0.03,130.95,86.4,44.55,Pagado,Transferencia
P10865,2025-05-03,5,C060,Bodega El Sol 060,Bodega,Lima,Lima,Tienda,Rodrigo Salas,BEB-04,Bebida rehidratante 500 ml x 12,Bebidas,Bebidas Norte Pacífico SAC,2,33.0,0.144,56.5,41.58,14.92,Pagado,Transferencia
P10865,2025-05-03,5,C060,Bodega El Sol 060,Bodega,Lima,Lima,Tienda,Rodrigo Salas,SNA-01,Papas nativas 120 g x 10,Snacks,Snacks Costa Azul EIRL,10,35.0,0.161,293.65,210.0,83.65,Pagado,Transferencia
P10731,2025-05-04,5,C056,Minimarket La Esperanza 056,Minimarket,Lima,Lima,Online,Rodrigo Salas,GRA-03,Maca en polvo 250 g,Granos andinos,Agroandina del Sur SAC,8,17.0,0.1,122.4,74.8,47.6,Pagado,Yape
P10748,2025-05-04,5,C033,Minimarket Primavera 033,Minimarket,Lima,Lima,Tienda,Luis Paredes,CAF-04,Chocolate para taza 180 g,Café y cacao,Café Selva Central SAC,9,9.9,0,89.1,55.26,33.84,Pagado,Plin
P10778,2025-05-04,5,C060,Bodega El Sol 060,Bodega,Lima,Lima,Tienda,Rodrigo Salas,CAF-03,Cacao en polvo 250 g,Café y cacao,Café Selva Central SAC,6,12.5,0.167,62.47,45.0,17.47,Pagado,Yape
P10778,2025-05-04,5,C060,Bodega El Sol 060,Bodega,Lima,Lima,Tienda,Rodrigo Salas,HAR-05,Sémola 500 g,Harinas y pastas,Molinos Valle Verde SA,2,4.1,0.129,7.14,5.74,1.4,Pagado,Plin
P10795,2025-05-04,5,C041,Bodega Santa Rosa 041,Bodega,Lima,Lima,Tienda,Luis Paredes,LIM-02,Lejía 4 L,Limpieza,Limpieza Total Perú SAC,12,9.8,0.02,115.25,77.64,37.61,Pagado,Transferencia
P10795,2025-05-04,5,C041,Bodega Santa Rosa 041,Bodega,Lima,Lima,Tienda,Luis Paredes,HAR-02,Fideo spaghetti 500 g,Harinas y pastas,Molinos Valle Verde SA,9,3.9,0,35.1,24.93,10.17,Pagado,Efectivo
P10800,2025-05-04,5,C031,Bodega El Ahorro 031,Bodega,Lima,Lima,Tienda,Luis Paredes,HAR-01,Harina sin preparar 1 kg,Harinas y pastas,Molinos Valle Verde SA,10,5.4,0.02,52.92,40.0,12.92,Pagado,Yape
P10800,2025-05-04,5,C031,Bodega El Ahorro 031,Bodega,Lima,Lima,Tienda,Luis Paredes,HAR-05,Sémola 500 g,Harinas y pastas,Molinos Valle Verde SA,10,4.1,0.05,38.95,28.7,10.25,Pagado,Yape
P10800,2025-05-04,5,C031,Bodega El Ahorro 031,Bodega,Lima,Lima,Tienda,Luis Paredes,CAF-03,Cacao en polvo 250 g,Café y cacao,Café Selva Central SAC,2,12.5,0.05,23.75,15.0,8.75,Pagado,Efectivo
P10836,2025-05-04,5,C048,Cafetería Inti 048,Cafetería,Lima,Lima,Tienda,Luis Paredes,LIM-01,Detergente 2 kg,Limpieza,Limpieza Total Perú SAC,2,19.5,0.02,38.22,26.9,11.32,Pagado,Yape
P10896,2025-05-04,5,C010,Restaurante Los Andes 010,Restaurante,Lima,Lima,Tienda,Luis Paredes,GRA-04,Chía 500 g,Granos andinos,Agroandina del Sur SAC,4,13.0,0,52.0,33.28,18.72,Pagado,Tarjeta
P10896,2025-05-04,5,C010,Restaurante Los Andes 010,Restaurante,Lima,Lima,Tienda,Luis Paredes,HAR-01,Harina sin preparar 1 kg,Harinas y pastas,Molinos Valle Verde SA,11,5.4,0,59.4,44.0,15.4,Pagado,Plin
P10930,2025-05-04,5,C006,Bodega Mi Perú 006,Bodega,Lima,Lima,Tienda,Luis Paredes,CAF-02,Café en grano 1 kg,Café y cacao,Café Selva Central SAC,10,46.0,0.05,437.0,262.2,174.8,Pagado,Transferencia
P10930,2025-05-04,5,C006,Bodega Mi Perú 006,Bodega,Lima,Lima,Tienda,Luis Paredes,HAR-04,Harina preparada 1 kg,Harinas y pastas,Molinos Valle Verde SA,2,6.3,0,12.6,9.2,3.4,Pagado,Yape
P10749,2025-05-05,5,C101,Bodega La Esperanza 101,Bodega,Tacna,Sur,Tienda,Jorge Huamán,CAF-03,Cacao en polvo 250 g,Café y cacao,Café Selva Central SAC,10,12.5,0.03,121.25,75.0,46.25,Pagado,Plin
P10749,2025-05-05,5,C101,Bodega La Esperanza 101,Bodega,Tacna,Sur,Tienda,Jorge Huamán,SNA-05,Camote frito 120 g x 10,Snacks,Snacks Costa Azul EIRL,11,31.0,0.05,323.95,201.19,122.76,Pagado,Transferencia
P10749,2025-05-05,5,C101,Bodega La Esperanza 101,Bodega,Tacna,Sur,Tienda,Jorge Huamán,HAR-05,Sémola 500 g,Harinas y pastas,Molinos Valle Verde SA,7,4.1,0.02,28.13,20.09,8.04,Pagado,Yape
P10761,2025-05-05,5,C100,Restaurante El Ahorro 100,Restaurante,Cusco,Sur,Tienda,Jorge Huamán,SNA-03,Galletas de avena x 24,Snacks,Snacks Costa Azul EIRL,9,22.0,0,198.0,128.7,69.3,Pagado,Transferencia
P10761,2025-05-05,5,C100,Restaurante El Ahorro 100,Restaurante,Cusco,Sur,Tienda,Jorge Huamán,SNA-04,Maní salado 200 g x 12,Snacks,Snacks Costa Azul EIRL,7,30.0,0,210.0,130.2,79.8,Pagado,Transferencia
P10784,2025-05-05,5,C037,Bodega El Trébol 037,Bodega,Lima,Lima,Tienda,Luis Paredes,GRA-03,Maca en polvo 250 g,Granos andinos,Agroandina del Sur SAC,12,17.0,0,204.0,112.2,91.8,Pagado,Transferencia
P10787,2025-05-05,5,C007,Restaurante El Puerto 007,Restaurante,Lima,Lima,Tienda,Luis Paredes,GRA-02,Kiwicha pop 300 g,Granos andinos,Agroandina del Sur SAC,7,8.9,0.03,60.43,38.01,22.42,Pagado,Transferencia
P10805,2025-05-05,5,C034,Minimarket San Martín 034,Minimarket,Lima,Lima,Tienda,Luis Paredes,CAF-04,Chocolate para taza 180 g,Café y cacao,Café Selva Central SAC,8,9.9,0.03,76.82,49.12,27.7,Pagado,Yape
P10805,2025-05-05,5,C034,Minimarket San Martín 034,Minimarket,Lima,Lima,Tienda,Luis Paredes,LIM-04,Desinfectante 1.8 L,Limpieza,Limpieza Total Perú SAC,6,11.9,0.03,69.26,45.0,24.26,Pagado,Tarjeta
P10805,2025-05-05,5,C034,Minimarket San Martín 034,Minimarket,Lima,Lima,Tienda,Luis Paredes,BEB-01,Agua mineral 625 ml x 15,Bebidas,Bebidas Norte Pacífico SAC,11,18.0,0.05,188.1,122.76,65.34,Pagado,Tarjeta
P10806,2025-05-05,5,C007,Restaurante El Puerto 007,Restaurante,Lima,Lima,Tienda,Rodrigo Salas,BEB-03,Néctar de durazno 1 L x 6,Bebidas,Bebidas Norte Pacífico SAC,11,27.0,0.112,263.74,190.08,73.66,Vencido,Transferencia
P10806,2025-05-05,5,C007,Restaurante El Puerto 007,Restaurante,Lima,Lima,Tienda,Rodrigo Salas,BEB-02,Gaseosa 3 L x 4,Bebidas,Bebidas Norte Pacífico SAC,10,32.0,0.119,281.92,217.6,64.32,Pagado,Transferencia
P10812,2025-05-05,5,C023,Bodega El Sol 023,Bodega,Lima,Lima,Tienda,Ana Quispe,HAR-02,Fideo spaghetti 500 g,Harinas y pastas,Molinos Valle Verde SA,2,3.9,0.05,7.41,5.54,1.87,Pagado,Yape
P10892,2025-05-05,5,C115,Empresa El Puerto 115,Empresa,Arequipa,Sur,Tienda,Jorge Huamán,CAF-04,Chocolate para taza 180 g,Café y cacao,Café Selva Central SAC,10,9.9,0,99.0,61.4,37.6,Pagado,Transferencia
P10892,2025-05-05,5,C115,Empresa El Puerto 115,Empresa,Arequipa,Sur,Tienda,Jorge Huamán,HAR-04,Harina preparada 1 kg,Harinas y pastas,Molinos Valle Verde SA,9,6.3,0.03,55.0,41.4,13.6,Pagado,Plin
P10893,2025-05-05,5,C096,Cafetería La Familia 096,Cafetería,Piura,Norte,Tienda,María Torres,HAR-03,Fideo tallarín 1 kg,Harinas y pastas,Molinos Valle Verde SA,9,7.2,0,64.8,46.62,18.18,Pagado,Yape
P10893,2025-05-05,5,C096,Cafetería La Familia 096,Cafetería,Piura,Norte,Tienda,María Torres,GRA-03,Maca en polvo 250 g,Granos andinos,Agroandina del Sur SAC,9,17.0,0,153.0,84.15,68.85,Vencido,Transferencia
P10907,2025-05-05,5,C044,Bodega Inti 044,Bodega,Lima,Lima,Tienda,Luis Paredes,LIM-03,Lavavajilla 900 g,Limpieza,Limpieza Total Perú SAC,6,8.2,0.03,47.72,31.5,16.22,Pagado,Yape
P10907,2025-05-05,5,C044,Bodega Inti 044,Bodega,Lima,Lima,Tienda,Luis Paredes,BEB-01,Agua mineral 625 ml x 15,Bebidas,Bebidas Norte Pacífico SAC,8,18.0,0,144.0,89.28,54.72,Pagado,Plin
P10746,2025-05-06,5,C015,Bodega Pachamama 015,Bodega,Lima,Lima,Tienda,Ana Quispe,GRA-03,Maca en polvo 250 g,Granos andinos,Agroandina del Sur SAC,3,17.0,0,51.0,28.05,22.95,Pagado,Transferencia
P10746,2025-05-06,5,C015,Bodega Pachamama 015,Bodega,Lima,Lima,Tienda,Ana Quispe,CAF-01,Café tostado molido 500 g,Café y cacao,Café Selva Central SAC,10,24.0,0.03,232.8,139.2,93.6,Pagado,Plin
P10746,2025-05-06,5,C015,Bodega Pachamama 015,Bodega,Lima,Lima,Tienda,Ana Quispe,BEB-01,Agua mineral 625 ml x 15,Bebidas,Bebidas Norte Pacífico SAC,6,18.0,0,108.0,66.96,41.04,Pagado,Yape
P10751,2025-05-06,5,C013,Empresa Nueva Era 013,Empresa,Lima,Lima,Tienda,Rodrigo Salas,HAR-03,Fideo tallarín 1 kg,Harinas y pastas,Molinos Valle Verde SA,2,7.2,0.148,12.27,10.36,1.91,Pagado,Transferencia
P10751,2025-05-06,5,C013,Empresa Nueva Era 013,Empresa,Lima,Lima,Tienda,Rodrigo Salas,LIM-04,Desinfectante 1.8 L,Limpieza,Limpieza Total Perú SAC,9,11.9,0.135,92.64,67.5,25.14,Pagado,Efectivo
P10813,2025-05-06,5,C048,Cafetería Inti 048,Cafetería,Lima,Lima,Tienda,Ana Quispe,LIM-01,Detergente 2 kg,Limpieza,Limpieza Total Perú SAC,11,19.5,0.02,210.21,147.95,62.26,Pagado,Plin
P10835,2025-05-06,5,C108,Bodega El Sol 108,Bodega,Tacna,Sur,WhatsApp,Jorge Huamán,BEB-03,Néctar de durazno 1 L x 6,Bebidas,Bebidas Norte Pacífico SAC,7,27.0,0.05,179.55,120.96,58.59,Pagado,Transferencia
P10835,2025-05-06,5,C108,Bodega El Sol 108,Bodega,Tacna,Sur,WhatsApp,Jorge Huamán,BEB-04,Bebida rehidratante 500 ml x 12,Bebidas,Bebidas Norte Pacífico SAC,10,33.0,0.03,320.1,207.9,112.2,Pagado,Efectivo
P10844,2025-05-06,5,C076,Bodega El Trébol 076,Bodega,Chiclayo,Norte,WhatsApp,María Torres,GRA-01,Quinua blanca 1 kg,Granos andinos,Agroandina del Sur SAC,10,14.5,0.05,137.75,95.7,42.05,Pagado,Tarjeta
P10844,2025-05-06,5,C076,Bodega El Trébol 076,Bodega,Chiclayo,Norte,WhatsApp,María Torres,SNA-04,Maní salado 200 g x 12,Snacks,Snacks Costa Azul EIRL,6,30.0,0.05,171.0,111.6,59.4,Pagado,Efectivo
P10856,2025-05-06,5,C119,Bodega El Sol 119,Bodega,Cusco,Sur,Tienda,Jorge Huamán,SNA-05,Camote frito 120 g x 10,Snacks,Snacks Costa Azul EIRL,4,31.0,0.02,121.52,73.16,48.36,Pagado,Plin
P10856,2025-05-06,5,C119,Bodega El Sol 119,Bodega,Cusco,Sur,Tienda,Jorge Huamán,SNA-02,Chifles 150 g x 10,Snacks,Snacks Costa Azul EIRL,3,28.0,0.03,81.48,48.72,32.76,Vencido,Plin
P10856,2025-05-06,5,C119,Bodega El Sol 119,Bodega,Cusco,Sur,Tienda,Jorge Huamán,GRA-03,Maca en polvo 250 g,Granos andinos,Agroandina del Sur SAC,12,17.0,0,204.0,112.2,91.8,Pagado,Yape
P10890,2025-05-06,5,C051,Empresa San Martín 051,Empresa,Lima,Lima,Tienda,Luis Paredes,SNA-03,Galletas de avena x 24,Snacks,Snacks Costa Azul EIRL,10,22.0,0,220.0,143.0,77.0,Pagado,Yape
P10890,2025-05-06,5,C051,Empresa San Martín 051,Empresa,Lima,Lima,Tienda,Luis Paredes,CAF-05,Café instantáneo 200 g,Café y cacao,Café Selva Central SAC,4,21.0,0.05,79.8,52.92,26.88,Pagado,Efectivo
P10890,2025-05-06,5,C051,Empresa San Martín 051,Empresa,Lima,Lima,Tienda,Luis Paredes,CAF-02,Café en grano 1 kg,Café y cacao,Café Selva Central SAC,5,46.0,0.02,225.4,131.1,94.3,Pagado,Tarjeta
P10753,2025-05-07,5,C033,Minimarket Primavera 033,Minimarket,Lima,Lima,Tienda,Luis Paredes,GRA-03,Maca en polvo 250 g,Granos andinos,Agroandina del Sur SAC,7,17.0,0,119.0,65.45,53.55,Pagado,Yape
P10808,2025-05-07,5,C116,Bodega Las Flores 116,Bodega,Tacna,Sur,Tienda,Jorge Huamán,HAR-05,Sémola 500 g,Harinas y pastas,Molinos Valle Verde SA,10,4.1,0.02,40.18,28.7,11.48,Vencido,Plin
P10851,2025-05-07,5,C099,Restaurante Los Andes 099,Restaurante,Cusco,Sur,WhatsApp,Jorge Huamán,BEB-02,Gaseosa 3 L x 4,Bebidas,Bebidas Norte Pacífico SAC,8,32.0,0,256.0,174.08,81.92,Pagado,Tarjeta
P10851,2025-05-07,5,C099,Restaurante Los Andes 099,Restaurante,Cusco,Sur,WhatsApp,Jorge Huamán,CAF-04,Chocolate para taza 180 g,Café y cacao,Café Selva Central SAC,11,9.9,0.02,106.72,67.54,39.18,Pagado,Yape
P10877,2025-05-07,5,C089,Minimarket Nueva Era 089,Minimarket,Chiclayo,Norte,Tienda,María Torres,CAF-01,Café tostado molido 500 g,Café y cacao,Café Selva Central SAC,5,24.0,0.02,117.6,69.6,48.0,Pagado,Plin
P10877,2025-05-07,5,C089,Minimarket Nueva Era 089,Minimarket,Chiclayo,Norte,Tienda,María Torres,GRA-02,Kiwicha pop 300 g,Granos andinos,Agroandina del Sur SAC,9,8.9,0.02,78.5,48.87,29.63,Pagado,Tarjeta
P10883,2025-05-07,5,C075,Mayorista Santa Rosa 075,Mayorista,Trujillo,Norte,Mayorista,María Torres,BEB-04,Bebida rehidratante 500 ml x 12,Bebidas,Bebidas Norte Pacífico SAC,48,33.0,0.08,1457.28,997.92,459.36,Pagado,Transferencia
P10821,2025-05-08,5,C015,Bodega Pachamama 015,Bodega,Lima,Lima,Tienda,Ana Quispe,BEB-03,Néctar de durazno 1 L x 6,Bebidas,Bebidas Norte Pacífico SAC,8,27.0,0,216.0,138.24,77.76,Pagado,Tarjeta
P10821,2025-05-08,5,C015,Bodega Pachamama 015,Bodega,Lima,Lima,Tienda,Ana Quispe,HAR-02,Fideo spaghetti 500 g,Harinas y pastas,Molinos Valle Verde SA,4,3.9,0,15.6,11.08,4.52,Pagado,Transferencia
P10857,2025-05-08,5,C053,Minimarket Don Lucho 053,Minimarket,Lima,Lima,Tienda,Luis Paredes,GRA-02,Kiwicha pop 300 g,Granos andinos,Agroandina del Sur SAC,12,8.9,0.05,101.46,65.16,36.3,Pagado,Yape
P10857,2025-05-08,5,C053,Minimarket Don Lucho 053,Minimarket,Lima,Lima,Tienda,Luis Paredes,BEB-01,Agua mineral 625 ml x 15,Bebidas,Bebidas Norte Pacífico SAC,2,18.0,0,36.0,22.32,13.68,Pagado,Tarjeta
P10874,2025-05-08,5,C013,Empresa Nueva Era 013,Empresa,Lima,Lima,Tienda,Ana Quispe,CAF-01,Café tostado molido 500 g,Café y cacao,Café Selva Central SAC,10,24.0,0,240.0,139.2,100.8,Pagado,Yape
P10874,2025-05-08,5,C013,Empresa Nueva Era 013,Empresa,Lima,Lima,Tienda,Ana Quispe,GRA-05,Avena con quinua 900 g,Granos andinos,Agroandina del Sur SAC,5,11.5,0.05,54.62,38.55,16.07,Pagado,Tarjeta
P10886,2025-05-08,5,C060,Bodega El Sol 060,Bodega,Lima,Lima,Tienda,Ana Quispe,BEB-05,Té helado 500 ml x 12,Bebidas,Bebidas Norte Pacífico SAC,5,29.0,0.03,140.65,88.45,52.2,Vencido,Plin
P10886,2025-05-08,5,C060,Bodega El Sol 060,Bodega,Lima,Lima,Tienda,Ana Quispe,LIM-04,Desinfectante 1.8 L,Limpieza,Limpieza Total Perú SAC,12,11.9,0.03,138.52,90.0,48.52,Pagado,Efectivo
P10886,2025-05-08,5,C060,Bodega El Sol 060,Bodega,Lima,Lima,Tienda,Ana Quispe,LIM-02,Lejía 4 L,Limpieza,Limpieza Total Perú SAC,12,9.8,0.02,115.25,77.64,37.61,Pagado,Tarjeta
P10910,2025-05-08,5,C079,Restaurante El Ahorro 079,Restaurante,Trujillo,Norte,Tienda,María Torres,GRA-02,Kiwicha pop 300 g,Granos andinos,Agroandina del Sur SAC,4,8.9,0.03,34.53,21.72,12.81,Pagado,Efectivo
P10910,2025-05-08,5,C079,Restaurante El Ahorro 079,Restaurante,Trujillo,Norte,Tienda,María Torres,HAR-03,Fideo tallarín 1 kg,Harinas y pastas,Molinos Valle Verde SA,9,7.2,0,64.8,46.62,18.18,Pagado,Yape
P10924,2025-05-08,5,C085,Minimarket Virgen de Fátima 085,Minimarket,Chiclayo,Norte,Tienda,María Torres,GRA-04,Chía 500 g,Granos andinos,Agroandina del Sur SAC,7,13.0,0.05,86.45,58.24,28.21,Pagado,Yape
P10924,2025-05-08,5,C085,Minimarket Virgen de Fátima 085,Minimarket,Chiclayo,Norte,Tienda,María Torres,BEB-05,Té helado 500 ml x 12,Bebidas,Bebidas Norte Pacífico SAC,10,29.0,0.05,275.5,176.9,98.6,Pagado,Yape
P10743,2025-05-09,5,C027,Mayorista El Ahorro 027,Mayorista,Lima,Lima,Mayorista,Ana Quispe,CAF-03,Cacao en polvo 250 g,Café y cacao,Café Selva Central SAC,48,12.5,0.08,552.0,360.0,192.0,Pagado,Transferencia
P10755,2025-05-09,5,C133,Empresa Las Flores 133,Empresa,Huánuco,Centro,Tienda,Rosa Ccori,HAR-02,Fideo spaghetti 500 g,Harinas y pastas,Molinos Valle Verde SA,4,3.9,0.05,14.82,11.08,3.74,Pagado,Yape
P10755,2025-05-09,5,C133,Empresa Las Flores 133,Empresa,Huánuco,Centro,Tienda,Rosa Ccori,GRA-03,Maca en polvo 250 g,Granos andinos,Agroandina del Sur SAC,7,17.0,0.02,116.62,65.45,51.17,Pagado,Efectivo
P10764,2025-05-09,5,C100,Restaurante El Ahorro 100,Restaurante,Cusco,Sur,Tienda,Jorge Huamán,HAR-01,Harina sin preparar 1 kg,Harinas y pastas,Molinos Valle Verde SA,6,5.4,0,32.4,24.0,8.4,Pagado,Transferencia
P10804,2025-05-09,5,C045,Minimarket Inti 045,Minimarket,Lima,Lima,Tienda,Luis Paredes,GRA-03,Maca en polvo 250 g,Granos andinos,Agroandina del Sur SAC,10,17.0,0.02,166.6,93.5,73.1,Pagado,Yape
P10804,2025-05-09,5,C045,Minimarket Inti 045,Minimarket,Lima,Lima,Tienda,Luis Paredes,CAF-04,Chocolate para taza 180 g,Café y cacao,Café Selva Central SAC,8,9.9,0.02,77.62,49.12,28.5,Pagado,Transferencia
P10804,2025-05-09,5,C045,Minimarket Inti 045,Minimarket,Lima,Lima,Tienda,Luis Paredes,BEB-04,Bebida rehidratante 500 ml x 12,Bebidas,Bebidas Norte Pacífico SAC,7,33.0,0,231.0,145.53,85.47,Pagado,Yape
P10829,2025-05-09,5,C019,Bodega Don Lucho 019,Bodega,Lima,Lima,Tienda,Rodrigo Salas,HAR-01,Harina sin preparar 1 kg,Harinas y pastas,Molinos Valle Verde SA,6,5.4,0.176,26.7,24.0,2.7,Pagado,Efectivo
P10834,2025-05-09,5,C105,Restaurante El Ahorro 105,Restaurante,Arequipa,Sur,Tienda,Jorge Huamán,SNA-01,Papas nativas 120 g x 10,Snacks,Snacks Costa Azul EIRL,4,35.0,0.05,133.0,84.0,49.0,Vencido,Tarjeta
P10843,2025-05-09,5,C013,Empresa Nueva Era 013,Empresa,Lima,Lima,Tienda,Luis Paredes,SNA-03,Galletas de avena x 24,Snacks,Snacks Costa Azul EIRL,4,22.0,0.03,85.36,57.2,28.16,Vencido,Yape
P10843,2025-05-09,5,C013,Empresa Nueva Era 013,Empresa,Lima,Lima,Tienda,Luis Paredes,LIM-04,Desinfectante 1.8 L,Limpieza,Limpieza Total Perú SAC,7,11.9,0.05,79.13,52.5,26.63,Pagado,Yape
P10850,2025-05-09,5,C095,Bodega La Familia 095,Bodega,Piura,Norte,Tienda,María Torres,HAR-01,Harina sin preparar 1 kg,Harinas y pastas,Molinos Valle Verde SA,3,5.4,0.05,15.39,12.0,3.39,Pagado,Efectivo
P10850,2025-05-09,5,C095,Bodega La Familia 095,Bodega,Piura,Norte,Tienda,María Torres,SNA-02,Chifles 150 g x 10,Snacks,Snacks Costa Azul EIRL,3,28.0,0.03,81.48,48.72,32.76,Vencido,Transferencia
P10869,2025-05-09,5,C068,Minimarket San Pedro 068,Minimarket,Lima,Lima,Tienda,Rodrigo Salas,LIM-04,Desinfectante 1.8 L,Limpieza,Limpieza Total Perú SAC,12,11.9,0.152,121.09,90.0,31.09,Vencido,Transferencia
P10881,2025-05-09,5,C038,Bodega El Ahorro 038,Bodega,Lima,Lima,WhatsApp,Rodrigo Salas,GRA-03,Maca en polvo 250 g,Granos andinos,Agroandina del Sur SAC,8,17.0,0.123,119.27,74.8,44.47,Pagado,Transferencia
P10881,2025-05-09,5,C038,Bodega El Ahorro 038,Bodega,Lima,Lima,WhatsApp,Rodrigo Salas,SNA-02,Chifles 150 g x 10,Snacks,Snacks Costa Azul EIRL,7,28.0,0.116,173.26,113.68,59.58,Pagado,Transferencia
P10736,2025-05-10,5,C002,Bodega Pachamama 002,Bodega,Lima,Lima,Tienda,Luis Paredes,SNA-05,Camote frito 120 g x 10,Snacks,Snacks Costa Azul EIRL,3,31.0,0,93.0,54.87,38.13,Vencido,Transferencia
P10736,2025-05-10,5,C002,Bodega Pachamama 002,Bodega,Lima,Lima,Tienda,Luis Paredes,LIM-03,Lavavajilla 900 g,Limpieza,Limpieza Total Perú SAC,5,8.2,0,41.0,26.25,14.75,Pagado,Tarjeta
P10736,2025-05-10,5,C002,Bodega Pachamama 002,Bodega,Lima,Lima,Tienda,Luis Paredes,SNA-04,Maní salado 200 g x 12,Snacks,Snacks Costa Azul EIRL,9,30.0,0,270.0,167.4,102.6,Pagado,Transferencia
P10776,2025-05-10,5,C008,Minimarket El Trébol 008,Minimarket,Lima,Lima,Tienda,Rodrigo Salas,HAR-03,Fideo tallarín 1 kg,Harinas y pastas,Molinos Valle Verde SA,4,7.2,0.115,25.49,20.72,4.77,Pagado,Plin
P10780,2025-05-10,5,C086,Restaurante Los Andes 086,Restaurante,Piura,Norte,Tienda,María Torres,LIM-01,Detergente 2 kg,Limpieza,Limpieza Total Perú SAC,10,19.5,0,195.0,134.5,60.5,Pagado,Transferencia
P10780,2025-05-10,5,C086,Restaurante Los Andes 086,Restaurante,Piura,Norte,Tienda,María Torres,HAR-01,Harina sin preparar 1 kg,Harinas y pastas,Molinos Valle Verde SA,9,5.4,0.03,47.14,36.0,11.14,Pagado,Yape
P10790,2025-05-10,5,C030,Cafetería San Martín 030,Cafetería,Lima,Lima,Tienda,Ana Quispe,LIM-01,Detergente 2 kg,Limpieza,Limpieza Total Perú SAC,10,19.5,0.03,189.15,134.5,54.65,Pagado,Transferencia
P10790,2025-05-10,5,C030,Cafetería San Martín 030,Cafetería,Lima,Lima,Tienda,Ana Quispe,BEB-03,Néctar de durazno 1 L x 6,Bebidas,Bebidas Norte Pacífico SAC,11,27.0,0.02,291.06,190.08,100.98,Pagado,Tarjeta
P10796,2025-05-10,5,C105,Restaurante El Ahorro 105,Restaurante,Arequipa,Sur,Tienda,Jorge Huamán,HAR-01,Harina sin preparar 1 kg,Harinas y pastas,Molinos Valle Verde SA,9,5.4,0.05,46.17,36.0,10.17,Pagado,Efectivo
P10811,2025-05-10,5,C095,Bodega La Familia 095,Bodega,Piura,Norte,Tienda,María Torres,SNA-04,Maní salado 200 g x 12,Snacks,Snacks Costa Azul EIRL,12,30.0,0,360.0,223.2,136.8,Pagado,Transferencia
P10811,2025-05-10,5,C095,Bodega La Familia 095,Bodega,Piura,Norte,Tienda,María Torres,HAR-04,Harina preparada 1 kg,Harinas y pastas,Molinos Valle Verde SA,6,6.3,0.05,35.91,27.6,8.31,Vencido,Tarjeta
P10820,2025-05-10,5,C065,Bodega Virgen de Fátima 065,Bodega,Lima,Lima,Tienda,Luis Paredes,BEB-05,Té helado 500 ml x 12,Bebidas,Bebidas Norte Pacífico SAC,5,29.0,0.02,142.1,88.45,53.65,Pagado,Transferencia
P10820,2025-05-10,5,C065,Bodega Virgen de Fátima 065,Bodega,Lima,Lima,Tienda,Luis Paredes,HAR-04,Harina preparada 1 kg,Harinas y pastas,Molinos Valle Verde SA,9,6.3,0.03,55.0,41.4,13.6,Pagado,Transferencia
P10838,2025-05-10,5,C138,Restaurante Las Flores 138,Restaurante,Huánuco,Centro,Tienda,Rosa Ccori,GRA-04,Chía 500 g,Granos andinos,Agroandina del Sur SAC,4,13.0,0,52.0,33.28,18.72,Pagado,Efectivo
P10838,2025-05-10,5,C138,Restaurante Las Flores 138,Restaurante,Huánuco,Centro,Tienda,Rosa Ccori,HAR-03,Fideo tallarín 1 kg,Harinas y pastas,Molinos Valle Verde SA,4,7.2,0.05,27.36,20.72,6.64,Pagado,Efectivo
P10860,2025-05-10,5,C069,Restaurante Mi Perú 069,Restaurante,Lima,Lima,Tienda,Ana Quispe,GRA-02,Kiwicha pop 300 g,Granos andinos,Agroandina del Sur SAC,8,8.9,0,71.2,43.44,27.76,Pagado,Transferencia
P10879,2025-05-10,5,C005,Minimarket Inti 005,Minimarket,Lima,Lima,Tienda,Luis Paredes,CAF-05,Café instantáneo 200 g,Café y cacao,Café Selva Central SAC,8,21.0,0.05,159.6,105.84,53.76,Pagado,Efectivo
P10888,2025-05-10,5,C039,Cafetería El Progreso 039,Cafetería,Lima,Lima,Tienda,Rodrigo Salas,SNA-01,Papas nativas 120 g x 10,Snacks,Snacks Costa Azul EIRL,12,35.0,0.15,357.0,252.0,105.0,Pagado,Yape
P10765,2025-05-11,5,C076,Bodega El Trébol 076,Bodega,Chiclayo,Norte,Tienda,María Torres,HAR-03,Fideo tallarín 1 kg,Harinas y pastas,Molinos Valle Verde SA,8,7.2,0.02,56.45,41.44,15.01,Pagado,Tarjeta
P10867,2025-05-11,5,C090,Minimarket La Esperanza 090,Minimarket,Piura,Norte,Tienda,María Torres,LIM-05,Jabón de tocador x 3,Limpieza,Limpieza Total Perú SAC,11,6.5,0,71.5,47.96,23.54,Pagado,Yape
P10882,2025-05-11,5,C113,Mayorista El Sol 113,Mayorista,Cusco,Sur,Mayorista,Jorge Huamán,GRA-04,Chía 500 g,Granos andinos,Agroandina del Sur SAC,16,13.0,0.08,191.36,133.12,58.24,Pagado,Transferencia
P10913,2025-05-11,5,C116,Bodega Las Flores 116,Bodega,Tacna,Sur,Tienda,Jorge Huamán,GRA-03,Maca en polvo 250 g,Granos andinos,Agroandina del Sur SAC,3,17.0,0.05,48.45,28.05,20.4,Pagado,Yape
P10840,2025-05-12,5,C042,Bodega La Familia 042,Bodega,Lima,Lima,Tienda,Rodrigo Salas,LIM-03,Lavavajilla 900 g,Limpieza,Limpieza Total Perú SAC,5,8.2,0.161,34.4,26.25,8.15,Pagado,Plin
P10840,2025-05-12,5,C042,Bodega La Familia 042,Bodega,Lima,Lima,Tienda,Rodrigo Salas,BEB-04,Bebida rehidratante 500 ml x 12,Bebidas,Bebidas Norte Pacífico SAC,5,33.0,0.173,136.45,103.95,32.5,Pagado,Efectivo
P10859,2025-05-12,5,C073,Minimarket Don Lucho 073,Minimarket,Trujillo,Norte,WhatsApp,María Torres,BEB-03,Néctar de durazno 1 L x 6,Bebidas,Bebidas Norte Pacífico SAC,8,27.0,0,216.0,138.24,77.76,Pagado,Transferencia
P10735,2025-05-13,5,C046,Restaurante Don Lucho 046,Restaurante,Lima,Lima,Tienda,Ana Quispe,LIM-05,Jabón de tocador x 3,Limpieza,Limpieza Total Perú SAC,6,6.5,0.02,38.22,26.16,12.06,Pagado,Tarjeta
P10735,2025-05-13,5,C046,Restaurante Don Lucho 046,Restaurante,Lima,Lima,Tienda,Ana Quispe,CAF-03,Cacao en polvo 250 g,Café y cacao,Café Selva Central SAC,8,12.5,0.02,98.0,60.0,38.0,Pagado,Efectivo
P10763,2025-05-13,5,C079,Restaurante El Ahorro 079,Restaurante,Trujillo,Norte,Tienda,María Torres,SNA-01,Papas nativas 120 g x 10,Snacks,Snacks Costa Azul EIRL,8,35.0,0.05,266.0,168.0,98.0,Pagado,Transferencia
P10763,2025-05-13,5,C079,Restaurante El Ahorro 079,Restaurante,Trujillo,Norte,Tienda,María Torres,GRA-05,Avena con quinua 900 g,Granos andinos,Agroandina del Sur SAC,11,11.5,0.05,120.17,84.81,35.36,Pagado,Plin
P10846,2025-05-13,5,C090,Minimarket La Esperanza 090,Minimarket,Piura,Norte,Tienda,María Torres,HAR-01,Harina sin preparar 1 kg,Harinas y pastas,Molinos Valle Verde SA,3,5.4,0.03,15.71,12.0,3.71,Pagado,Yape
P10846,2025-05-13,5,C090,Minimarket La Esperanza 090,Minimarket,Piura,Norte,Tienda,María Torres,HAR-04,Harina preparada 1 kg,Harinas y pastas,Molinos Valle Verde SA,2,6.3,0,12.6,9.2,3.4,Pagado,Plin
P10846,2025-05-13,5,C090,Minimarket La Esperanza 090,Minimarket,Piura,Norte,Tienda,María Torres,LIM-05,Jabón de tocador x 3,Limpieza,Limpieza Total Perú SAC,4,6.5,0.02,25.48,17.44,8.04,Pagado,Efectivo
P10858,2025-05-13,5,C042,Bodega La Familia 042,Bodega,Lima,Lima,Tienda,Luis Paredes,LIM-05,Jabón de tocador x 3,Limpieza,Limpieza Total Perú SAC,12,6.5,0.02,76.44,52.32,24.12,Pagado,Transferencia
P10863,2025-05-13,5,C096,Cafetería La Familia 096,Cafetería,Piura,Norte,Tienda,María Torres,GRA-03,Maca en polvo 250 g,Granos andinos,Agroandina del Sur SAC,7,17.0,0.03,115.43,65.45,49.98,Pagado,Tarjeta
P10863,2025-05-13,5,C096,Cafetería La Familia 096,Cafetería,Piura,Norte,Tienda,María Torres,SNA-04,Maní salado 200 g x 12,Snacks,Snacks Costa Azul EIRL,11,30.0,0.02,323.4,204.6,118.8,Pagado,Tarjeta
P10863,2025-05-13,5,C096,Cafetería La Familia 096,Cafetería,Piura,Norte,Tienda,María Torres,BEB-03,Néctar de durazno 1 L x 6,Bebidas,Bebidas Norte Pacífico SAC,2,27.0,0.03,52.38,34.56,17.82,Pagado,Efectivo
P10870,2025-05-13,5,C055,Empresa Inti 055,Empresa,Lima,Lima,Tienda,Luis Paredes,LIM-04,Desinfectante 1.8 L,Limpieza,Limpieza Total Perú SAC,12,11.9,0.02,139.94,90.0,49.94,Pagado,Yape
P10870,2025-05-13,5,C055,Empresa Inti 055,Empresa,Lima,Lima,Tienda,Luis Paredes,LIM-03,Lavavajilla 900 g,Limpieza,Limpieza Total Perú SAC,2,8.2,0,16.4,10.5,5.9,Pagado,Plin
P10759,2025-05-14,5,C110,Bodega La Esperanza 110,Bodega,Arequipa,Sur,Tienda,Jorge Huamán,CAF-05,Café instantáneo 200 g,Café y cacao,Café Selva Central SAC,3,21.0,0.02,61.74,39.69,22.05,Pagado,Efectivo
P10759,2025-05-14,5,C110,Bodega La Esperanza 110,Bodega,Arequipa,Sur,Tienda,Jorge Huamán,CAF-03,Cacao en polvo 250 g,Café y cacao,Café Selva Central SAC,11,12.5,0,137.5,82.5,55.0,Pagado,Efectivo
P10801,2025-05-14,5,C014,Minimarket San Pedro 014,Minimarket,Lima,Lima,Tienda,Ana Quispe,BEB-03,Néctar de durazno 1 L x 6,Bebidas,Bebidas Norte Pacífico SAC,2,27.0,0.02,52.92,34.56,18.36,Pagado,Tarjeta
P10801,2025-05-14,5,C014,Minimarket San Pedro 014,Minimarket,Lima,Lima,Tienda,Ana Quispe,GRA-04,Chía 500 g,Granos andinos,Agroandina del Sur SAC,3,13.0,0.02,38.22,24.96,13.26,Pagado,Plin
P10818,2025-05-14,5,C129,Mayorista La Esperanza 129,Mayorista,Huánuco,Centro,Mayorista,Rosa Ccori,SNA-05,Camote frito 120 g x 10,Snacks,Snacks Costa Azul EIRL,24,31.0,0.08,684.48,438.96,245.52,Pagado,Transferencia
P10909,2025-05-14,5,C036,Restaurante El Ahorro 036,Restaurante,Lima,Lima,Tienda,Luis Paredes,LIM-05,Jabón de tocador x 3,Limpieza,Limpieza Total Perú SAC,12,6.5,0.05,74.1,52.32,21.78,Pagado,Transferencia
P10909,2025-05-14,5,C036,Restaurante El Ahorro 036,Restaurante,Lima,Lima,Tienda,Luis Paredes,GRA-02,Kiwicha pop 300 g,Granos andinos,Agroandina del Sur SAC,10,8.9,0,89.0,54.3,34.7,Pagado,Tarjeta
P10915,2025-05-14,5,C043,Restaurante Mi Perú 043,Restaurante,Lima,Lima,Tienda,Rodrigo Salas,GRA-04,Chía 500 g,Granos andinos,Agroandina del Sur SAC,11,13.0,0.122,125.55,91.52,34.03,Pagado,Efectivo
P10922,2025-05-14,5,C027,Mayorista El Ahorro 027,Mayorista,Lima,Lima,Mayorista,Ana Quispe,LIM-05,Jabón de tocador x 3,Limpieza,Limpieza Total Perú SAC,40,6.5,0.08,239.2,174.4,64.8,Pagado,Transferencia
P10928,2025-05-14,5,C120,Restaurante Virgen de Fátima 120,Restaurante,Cusco,Sur,Tienda,Jorge Huamán,CAF-05,Café instantáneo 200 g,Café y cacao,Café Selva Central SAC,5,21.0,0.03,101.85,66.15,35.7,Pagado,Yape
P10747,2025-05-15,5,C086,Restaurante Los Andes 086,Restaurante,Piura,Norte,Tienda,María Torres,LIM-02,Lejía 4 L,Limpieza,Limpieza Total Perú SAC,10,9.8,0.03,95.06,64.7,30.36,Pagado,Transferencia
P10747,2025-05-15,5,C086,Restaurante Los Andes 086,Restaurante,Piura,Norte,Tienda,María Torres,HAR-04,Harina preparada 1 kg,Harinas y pastas,Molinos Valle Verde SA,4,6.3,0.03,24.44,18.4,6.04,Vencido,Efectivo
P10754,2025-05-15,5,C089,Minimarket Nueva Era 089,Minimarket,Chiclayo,Norte,Tienda,María Torres,LIM-04,Desinfectante 1.8 L,Limpieza,Limpieza Total Perú SAC,5,11.9,0,59.5,37.5,22.0,Pagado,Yape
P10754,2025-05-15,5,C089,Minimarket Nueva Era 089,Minimarket,Chiclayo,Norte,Tienda,María Torres,GRA-04,Chía 500 g,Granos andinos,Agroandina del Sur SAC,10,13.0,0.02,127.4,83.2,44.2,Pagado,Efectivo
P10754,2025-05-15,5,C089,Minimarket Nueva Era 089,Minimarket,Chiclayo,Norte,Tienda,María Torres,LIM-03,Lavavajilla 900 g,Limpieza,Limpieza Total Perú SAC,2,8.2,0.02,16.07,10.5,5.57,Pagado,Yape
P10756,2025-05-15,5,C026,Bodega Mi Perú 026,Bodega,Lima,Lima,Tienda,Rodrigo Salas,LIM-02,Lejía 4 L,Limpieza,Limpieza Total Perú SAC,9,9.8,0.136,76.2,58.23,17.97,Pagado,Transferencia
P10786,2025-05-15,5,C046,Restaurante Don Lucho 046,Restaurante,Lima,Lima,Tienda,Rodrigo Salas,GRA-01,Quinua blanca 1 kg,Granos andinos,Agroandina del Sur SAC,6,14.5,0.126,76.04,57.42,18.62,Pagado,Transferencia
P10786,2025-05-15,5,C046,Restaurante Don Lucho 046,Restaurante,Lima,Lima,Tienda,Rodrigo Salas,CAF-03,Cacao en polvo 250 g,Café y cacao,Café Selva Central SAC,10,12.5,0.123,109.62,75.0,34.62,Pagado,Transferencia
P10786,2025-05-15,5,C046,Restaurante Don Lucho 046,Restaurante,Lima,Lima,Tienda,Rodrigo Salas,BEB-03,Néctar de durazno 1 L x 6,Bebidas,Bebidas Norte Pacífico SAC,10,27.0,0.148,230.04,172.8,57.24,Pagado,Yape
P10792,2025-05-15,5,C109,Bodega Los Andes 109,Bodega,Tacna,Sur,Tienda,Jorge Huamán,LIM-05,Jabón de tocador x 3,Limpieza,Limpieza Total Perú SAC,5,6.5,0.03,31.52,21.8,9.72,Pagado,Yape
P10792,2025-05-15,5,C109,Bodega Los Andes 109,Bodega,Tacna,Sur,Tienda,Jorge Huamán,LIM-01,Detergente 2 kg,Limpieza,Limpieza Total Perú SAC,9,19.5,0,175.5,121.05,54.45,Pagado,Yape
P10853,2025-05-15,5,C029,Minimarket Las Flores 029,Minimarket,Lima,Lima,WhatsApp,Ana Quispe,SNA-02,Chifles 150 g x 10,Snacks,Snacks Costa Azul EIRL,6,28.0,0.02,164.64,97.44,67.2,Pagado,Transferencia
P10861,2025-05-15,5,C060,Bodega El Sol 060,Bodega,Lima,Lima,Tienda,Ana Quispe,BEB-02,Gaseosa 3 L x 4,Bebidas,Bebidas Norte Pacífico SAC,2,32.0,0.03,62.08,43.52,18.56,Pagado,Efectivo
P10914,2025-05-15,5,C078,Bodega Inti 078,Bodega,Piura,Norte,Tienda,María Torres,BEB-04,Bebida rehidratante 500 ml x 12,Bebidas,Bebidas Norte Pacífico SAC,12,33.0,0.02,388.08,249.48,138.6,Pagado,Plin
P10917,2025-05-15,5,C035,Bodega El Trébol 035,Bodega,Lima,Lima,Tienda,Rodrigo Salas,SNA-04,Maní salado 200 g x 12,Snacks,Snacks Costa Azul EIRL,6,30.0,0.17,149.4,111.6,37.8,Pagado,Yape
P10919,2025-05-15,5,C024,Bodega Los Andes 024,Bodega,Lima,Lima,Tienda,Luis Paredes,CAF-02,Café en grano 1 kg,Café y cacao,Café Selva Central SAC,2,46.0,0.02,90.16,52.44,37.72,Pagado,Tarjeta
P10733,2025-05-16,5,C089,Minimarket Nueva Era 089,Minimarket,Chiclayo,Norte,Tienda,María Torres,HAR-05,Sémola 500 g,Harinas y pastas,Molinos Valle Verde SA,5,4.1,0.03,19.88,14.35,5.53,Pagado,Transferencia
P10733,2025-05-16,5,C089,Minimarket Nueva Era 089,Minimarket,Chiclayo,Norte,Tienda,María Torres,CAF-02,Café en grano 1 kg,Café y cacao,Café Selva Central SAC,9,46.0,0,414.0,235.98,178.02,Pagado,Transferencia
P10742,2025-05-16,5,C023,Bodega El Sol 023,Bodega,Lima,Lima,Tienda,Ana Quispe,LIM-05,Jabón de tocador x 3,Limpieza,Limpieza Total Perú SAC,2,6.5,0,13.0,8.72,4.28,Pagado,Efectivo
P10742,2025-05-16,5,C023,Bodega El Sol 023,Bodega,Lima,Lima,Tienda,Ana Quispe,HAR-02,Fideo spaghetti 500 g,Harinas y pastas,Molinos Valle Verde SA,6,3.9,0.03,22.7,16.62,6.08,Pagado,Yape
P10757,2025-05-16,5,C070,Minimarket El Ahorro 070,Minimarket,Lima,Lima,Tienda,Luis Paredes,HAR-03,Fideo tallarín 1 kg,Harinas y pastas,Molinos Valle Verde SA,2,7.2,0,14.4,10.36,4.04,Pagado,Plin
P10757,2025-05-16,5,C070,Minimarket El Ahorro 070,Minimarket,Lima,Lima,Tienda,Luis Paredes,LIM-02,Lejía 4 L,Limpieza,Limpieza Total Perú SAC,3,9.8,0,29.4,19.41,9.99,Pagado,Yape
P10757,2025-05-16,5,C070,Minimarket El Ahorro 070,Minimarket,Lima,Lima,Tienda,Luis Paredes,CAF-01,Café tostado molido 500 g,Café y cacao,Café Selva Central SAC,12,24.0,0.05,273.6,167.04,106.56,Pagado,Yape
P10766,2025-05-16,5,C056,Minimarket La Esperanza 056,Minimarket,Lima,Lima,Tienda,Rodrigo Salas,LIM-01,Detergente 2 kg,Limpieza,Limpieza Total Perú SAC,6,19.5,0.112,103.9,80.7,23.2,Pagado,Transferencia
P10766,2025-05-16,5,C056,Minimarket La Esperanza 056,Minimarket,Lima,Lima,Tienda,Rodrigo Salas,GRA-02,Kiwicha pop 300 g,Granos andinos,Agroandina del Sur SAC,2,8.9,0.164,14.88,10.86,4.02,Pagado,Transferencia
P10772,2025-05-16,5,C037,Bodega El Trébol 037,Bodega,Lima,Lima,Tienda,Luis Paredes,GRA-01,Quinua blanca 1 kg,Granos andinos,Agroandina del Sur SAC,7,14.5,0,101.5,66.99,34.51,Pagado,Yape
P10772,2025-05-16,5,C037,Bodega El Trébol 037,Bodega,Lima,Lima,Tienda,Luis Paredes,GRA-01,Quinua blanca 1 kg,Granos andinos,Agroandina del Sur SAC,2,14.5,0,29.0,19.14,9.86,Pagado,Transferencia
P10831,2025-05-16,5,C030,Cafetería San Martín 030,Cafetería,Lima,Lima,Tienda,Luis Paredes,HAR-01,Harina sin preparar 1 kg,Harinas y pastas,Molinos Valle Verde SA,11,5.4,0,59.4,44.0,15.4,Vencido,Efectivo
P10831,2025-05-16,5,C030,Cafetería San Martín 030,Cafetería,Lima,Lima,Tienda,Luis Paredes,CAF-04,Chocolate para taza 180 g,Café y cacao,Café Selva Central SAC,7,9.9,0.02,67.91,42.98,24.93,Pagado,Yape
P10831,2025-05-16,5,C030,Cafetería San Martín 030,Cafetería,Lima,Lima,Tienda,Luis Paredes,SNA-02,Chifles 150 g x 10,Snacks,Snacks Costa Azul EIRL,9,28.0,0.03,244.44,146.16,98.28,Vencido,Efectivo
P10737,2025-05-17,5,C031,Bodega El Ahorro 031,Bodega,Lima,Lima,Tienda,Rodrigo Salas,HAR-01,Harina sin preparar 1 kg,Harinas y pastas,Molinos Valle Verde SA,9,5.4,0.119,42.82,36.0,6.82,Pagado,Yape
P10737,2025-05-17,5,C031,Bodega El Ahorro 031,Bodega,Lima,Lima,Tienda,Rodrigo Salas,CAF-04,Chocolate para taza 180 g,Café y cacao,Café Selva Central SAC,12,9.9,0.17,98.6,73.68,24.92,Pagado,Transferencia
P10737,2025-05-17,5,C031,Bodega El Ahorro 031,Bodega,Lima,Lima,Tienda,Rodrigo Salas,CAF-03,Cacao en polvo 250 g,Café y cacao,Café Selva Central SAC,9,12.5,0.118,99.22,67.5,31.72,Pagado,Yape
P10760,2025-05-17,5,C032,Restaurante Santa Rosa 032,Restaurante,Lima,Lima,Tienda,Ana Quispe,HAR-01,Harina sin preparar 1 kg,Harinas y pastas,Molinos Valle Verde SA,7,5.4,0,37.8,28.0,9.8,Pagado,Transferencia
P10771,2025-05-17,5,C031,Bodega El Ahorro 031,Bodega,Lima,Lima,Tienda,Ana Quispe,BEB-03,Néctar de durazno 1 L x 6,Bebidas,Bebidas Norte Pacífico SAC,5,27.0,0,135.0,86.4,48.6,Pagado,Yape
P10771,2025-05-17,5,C031,Bodega El Ahorro 031,Bodega,Lima,Lima,Tienda,Ana Quispe,SNA-02,Chifles 150 g x 10,Snacks,Snacks Costa Azul EIRL,6,28.0,0,168.0,97.44,70.56,Pagado,Transferencia
P10774,2025-05-17,5,C068,Minimarket San Pedro 068,Minimarket,Lima,Lima,Tienda,Luis Paredes,SNA-04,Maní salado 200 g x 12,Snacks,Snacks Costa Azul EIRL,10,30.0,0,300.0,186.0,114.0,Pagado,Plin
P10781,2025-05-17,5,C060,Bodega El Sol 060,Bodega,Lima,Lima,Tienda,Rodrigo Salas,SNA-01,Papas nativas 120 g x 10,Snacks,Snacks Costa Azul EIRL,6,35.0,0.147,179.13,126.0,53.13,Pagado,Plin
P10781,2025-05-17,5,C060,Bodega El Sol 060,Bodega,Lima,Lima,Tienda,Rodrigo Salas,HAR-02,Fideo spaghetti 500 g,Harinas y pastas,Molinos Valle Verde SA,5,3.9,0.107,17.41,13.85,3.56,Pagado,Efectivo
P10817,2025-05-17,5,C137,Minimarket El Puerto 137,Minimarket,Huánuco,Centro,Tienda,Rosa Ccori,CAF-01,Café tostado molido 500 g,Café y cacao,Café Selva Central SAC,6,24.0,0,144.0,83.52,60.48,Pagado,Plin
P10817,2025-05-17,5,C137,Minimarket El Puerto 137,Minimarket,Huánuco,Centro,Tienda,Rosa Ccori,SNA-05,Camote frito 120 g x 10,Snacks,Snacks Costa Azul EIRL,12,31.0,0,372.0,219.48,152.52,Pagado,Tarjeta
P10825,2025-05-17,5,C102,Mayorista El Progreso 102,Mayorista,Tacna,Sur,Mayorista,Jorge Huamán,BEB-05,Té helado 500 ml x 12,Bebidas,Bebidas Norte Pacífico SAC,16,29.0,0.08,426.88,283.04,143.84,Vencido,Transferencia
P10866,2025-05-17,5,C027,Mayorista El Ahorro 027,Mayorista,Lima,Lima,Mayorista,Luis Paredes,HAR-02,Fideo spaghetti 500 g,Harinas y pastas,Molinos Valle Verde SA,28,3.9,0.08,100.46,77.56,22.9,Pagado,Transferencia
P10866,2025-05-17,5,C027,Mayorista El Ahorro 027,Mayorista,Lima,Lima,Mayorista,Luis Paredes,LIM-03,Lavavajilla 900 g,Limpieza,Limpieza Total Perú SAC,16,8.2,0.08,120.7,84.0,36.7,Pagado,Transferencia
P10866,2025-05-17,5,C027,Mayorista El Ahorro 027,Mayorista,Lima,Lima,Mayorista,Luis Paredes,LIM-04,Desinfectante 1.8 L,Limpieza,Limpieza Total Perú SAC,12,11.9,0.08,131.38,90.0,41.38,Pagado,Transferencia
P10876,2025-05-17,5,C111,Cafetería Virgen de Fátima 111,Cafetería,Tacna,Sur,Tienda,Jorge Huamán,SNA-04,Maní salado 200 g x 12,Snacks,Snacks Costa Azul EIRL,6,30.0,0,180.0,111.6,68.4,Pagado,Transferencia
P10884,2025-05-17,5,C091,Cafetería El Puerto 091,Cafetería,Chiclayo,Norte,Tienda,María Torres,GRA-02,Kiwicha pop 300 g,Granos andinos,Agroandina del Sur SAC,10,8.9,0.05,84.55,54.3,30.25,Pagado,Tarjeta
P10903,2025-05-17,5,C009,Minimarket La Esperanza 009,Minimarket,Lima,Lima,Tienda,Rodrigo Salas,LIM-01,Detergente 2 kg,Limpieza,Limpieza Total Perú SAC,8,19.5,0.163,130.57,107.6,22.97,Pagado,Tarjeta
P10903,2025-05-17,5,C009,Minimarket La Esperanza 009,Minimarket,Lima,Lima,Tienda,Rodrigo Salas,CAF-05,Café instantáneo 200 g,Café y cacao,Café Selva Central SAC,4,21.0,0.156,70.9,52.92,17.98,Pagado,Transferencia
P10903,2025-05-17,5,C009,Minimarket La Esperanza 009,Minimarket,Lima,Lima,Tienda,Rodrigo Salas,GRA-05,Avena con quinua 900 g,Granos andinos,Agroandina del Sur SAC,12,11.5,0.16,115.92,92.52,23.4,Pagado,Transferencia
P10791,2025-05-18,5,C002,Bodega Pachamama 002,Bodega,Lima,Lima,Tienda,Luis Paredes,GRA-03,Maca en polvo 250 g,Granos andinos,Agroandina del Sur SAC,8,17.0,0,136.0,74.8,61.2,Pagado,Tarjeta
P10864,2025-05-18,5,C097,Bodega El Puerto 097,Bodega,Trujillo,Norte,Tienda,María Torres,CAF-05,Café instantáneo 200 g,Café y cacao,Café Selva Central SAC,8,21.0,0.05,159.6,105.84,53.76,Pagado,Tarjeta
P10921,2025-05-18,5,C071,Minimarket Santa Rosa 071,Minimarket,Chiclayo,Norte,Tienda,María Torres,BEB-01,Agua mineral 625 ml x 15,Bebidas,Bebidas Norte Pacífico SAC,6,18.0,0,108.0,66.96,41.04,Pagado,Transferencia
P10921,2025-05-18,5,C071,Minimarket Santa Rosa 071,Minimarket,Chiclayo,Norte,Tienda,María Torres,GRA-03,Maca en polvo 250 g,Granos andinos,Agroandina del Sur SAC,11,17.0,0,187.0,102.85,84.15,Pagado,Transferencia
P10921,2025-05-18,5,C071,Minimarket Santa Rosa 071,Minimarket,Chiclayo,Norte,Tienda,María Torres,GRA-05,Avena con quinua 900 g,Granos andinos,Agroandina del Sur SAC,11,11.5,0.03,122.7,84.81,37.89,Pagado,Transferencia
P10794,2025-05-19,5,C119,Bodega El Sol 119,Bodega,Cusco,Sur,Tienda,Jorge Huamán,HAR-04,Harina preparada 1 kg,Harinas y pastas,Molinos Valle Verde SA,8,6.3,0.05,47.88,36.8,11.08,Pagado,Efectivo
P10794,2025-05-19,5,C119,Bodega El Sol 119,Bodega,Cusco,Sur,Tienda,Jorge Huamán,BEB-04,Bebida rehidratante 500 ml x 12,Bebidas,Bebidas Norte Pacífico SAC,12,33.0,0,396.0,249.48,146.52,Pagado,Tarjeta
P10823,2025-05-19,5,C060,Bodega El Sol 060,Bodega,Lima,Lima,Tienda,Luis Paredes,GRA-05,Avena con quinua 900 g,Granos andinos,Agroandina del Sur SAC,2,11.5,0,23.0,15.42,7.58,Pagado,Yape
P10849,2025-05-19,5,C043,Restaurante Mi Perú 043,Restaurante,Lima,Lima,Tienda,Luis Paredes,HAR-01,Harina sin preparar 1 kg,Harinas y pastas,Molinos Valle Verde SA,7,5.4,0.02,37.04,28.0,9.04,Pagado,Yape
P10849,2025-05-19,5,C043,Restaurante Mi Perú 043,Restaurante,Lima,Lima,Tienda,Luis Paredes,HAR-03,Fideo tallarín 1 kg,Harinas y pastas,Molinos Valle Verde SA,9,7.2,0.03,62.86,46.62,16.24,Pagado,Plin
P10855,2025-05-19,5,C074,Empresa Santa Rosa 074,Empresa,Piura,Norte,Tienda,María Torres,LIM-02,Lejía 4 L,Limpieza,Limpieza Total Perú SAC,8,9.8,0,78.4,51.76,26.64,Pagado,Yape
P10855,2025-05-19,5,C074,Empresa Santa Rosa 074,Empresa,Piura,Norte,Tienda,María Torres,LIM-02,Lejía 4 L,Limpieza,Limpieza Total Perú SAC,4,9.8,0.03,38.02,25.88,12.14,Pagado,Yape
P10898,2025-05-19,5,C092,Cafetería El Progreso 092,Cafetería,Chiclayo,Norte,Tienda,María Torres,GRA-01,Quinua blanca 1 kg,Granos andinos,Agroandina del Sur SAC,11,14.5,0.03,154.72,105.27,49.45,Pagado,Tarjeta
P10898,2025-05-19,5,C092,Cafetería El Progreso 092,Cafetería,Chiclayo,Norte,Tienda,María Torres,SNA-02,Chifles 150 g x 10,Snacks,Snacks Costa Azul EIRL,4,28.0,0.03,108.64,64.96,43.68,Pagado,Yape
P10911,2025-05-19,5,C106,Cafetería El Progreso 106,Cafetería,Cusco,Sur,Tienda,Jorge Huamán,CAF-05,Café instantáneo 200 g,Café y cacao,Café Selva Central SAC,6,21.0,0.05,119.7,79.38,40.32,Pagado,Plin
P10920,2025-05-19,5,C002,Bodega Pachamama 002,Bodega,Lima,Lima,Tienda,Rodrigo Salas,SNA-03,Galletas de avena x 24,Snacks,Snacks Costa Azul EIRL,2,22.0,0.11,39.16,28.6,10.56,Pagado,Plin
P10920,2025-05-19,5,C002,Bodega Pachamama 002,Bodega,Lima,Lima,Tienda,Rodrigo Salas,LIM-04,Desinfectante 1.8 L,Limpieza,Limpieza Total Perú SAC,6,11.9,0.13,62.12,45.0,17.12,Pagado,Yape
P10758,2025-05-20,5,C083,Bodega Mi Perú 083,Bodega,Piura,Norte,Tienda,María Torres,SNA-01,Papas nativas 120 g x 10,Snacks,Snacks Costa Azul EIRL,6,35.0,0.02,205.8,126.0,79.8,Pagado,Yape
P10758,2025-05-20,5,C083,Bodega Mi Perú 083,Bodega,Piura,Norte,Tienda,María Torres,HAR-02,Fideo spaghetti 500 g,Harinas y pastas,Molinos Valle Verde SA,6,3.9,0,23.4,16.62,6.78,Pagado,Efectivo
P10837,2025-05-20,5,C117,Empresa Mi Perú 117,Empresa,Arequipa,Sur,Tienda,Jorge Huamán,GRA-03,Maca en polvo 250 g,Granos andinos,Agroandina del Sur SAC,12,17.0,0.03,197.88,112.2,85.68,Pagado,Tarjeta
P10852,2025-05-20,5,C069,Restaurante Mi Perú 069,Restaurante,Lima,Lima,Tienda,Ana Quispe,GRA-02,Kiwicha pop 300 g,Granos andinos,Agroandina del Sur SAC,4,8.9,0.05,33.82,21.72,12.1,Pagado,Transferencia
P10868,2025-05-20,5,C081,Restaurante Las Flores 081,Restaurante,Chiclayo,Norte,WhatsApp,María Torres,BEB-01,Agua mineral 625 ml x 15,Bebidas,Bebidas Norte Pacífico SAC,9,18.0,0,162.0,100.44,61.56,Pagado,Yape
P10868,2025-05-20,5,C081,Restaurante Las Flores 081,Restaurante,Chiclayo,Norte,WhatsApp,María Torres,LIM-04,Desinfectante 1.8 L,Limpieza,Limpieza Total Perú SAC,6,11.9,0,71.4,45.0,26.4,Pagado,Yape
P10868,2025-05-20,5,C081,Restaurante Las Flores 081,Restaurante,Chiclayo,Norte,WhatsApp,María Torres,GRA-04,Chía 500 g,Granos andinos,Agroandina del Sur SAC,8,13.0,0.03,100.88,66.56,34.32,Pagado,Efectivo
P10872,2025-05-20,5,C066,Empresa La Esperanza 066,Empresa,Lima,Lima,Tienda,Rodrigo Salas,LIM-05,Jabón de tocador x 3,Limpieza,Limpieza Total Perú SAC,10,6.5,0.14,55.9,43.6,12.3,Pagado,Yape
P10872,2025-05-20,5,C066,Empresa La Esperanza 066,Empresa,Lima,Lima,Tienda,Rodrigo Salas,CAF-04,Chocolate para taza 180 g,Café y cacao,Café Selva Central SAC,8,9.9,0.108,70.65,49.12,21.53,Pagado,Transferencia
P10872,2025-05-20,5,C066,Empresa La Esperanza 066,Empresa,Lima,Lima,Tienda,Rodrigo Salas,BEB-03,Néctar de durazno 1 L x 6,Bebidas,Bebidas Norte Pacífico SAC,12,27.0,0.168,269.57,207.36,62.21,Pagado,Efectivo
P10880,2025-05-20,5,C090,Minimarket La Esperanza 090,Minimarket,Piura,Norte,Tienda,María Torres,BEB-02,Gaseosa 3 L x 4,Bebidas,Bebidas Norte Pacífico SAC,10,32.0,0.03,310.4,217.6,92.8,Pagado,Tarjeta
P10880,2025-05-20,5,C090,Minimarket La Esperanza 090,Minimarket,Piura,Norte,Tienda,María Torres,HAR-01,Harina sin preparar 1 kg,Harinas y pastas,Molinos Valle Verde SA,6,5.4,0,32.4,24.0,8.4,Pagado,Tarjeta
P10880,2025-05-20,5,C090,Minimarket La Esperanza 090,Minimarket,Piura,Norte,Tienda,María Torres,GRA-01,Quinua blanca 1 kg,Granos andinos,Agroandina del Sur SAC,9,14.5,0.03,126.58,86.13,40.45,Pagado,Transferencia
P10904,2025-05-20,5,C075,Mayorista Santa Rosa 075,Mayorista,Trujillo,Norte,Mayorista,María Torres,SNA-04,Maní salado 200 g x 12,Snacks,Snacks Costa Azul EIRL,40,30.0,0.08,1104.0,744.0,360.0,Pagado,Transferencia
P10912,2025-05-20,5,C095,Bodega La Familia 095,Bodega,Piura,Norte,Tienda,María Torres,HAR-02,Fideo spaghetti 500 g,Harinas y pastas,Molinos Valle Verde SA,7,3.9,0,27.3,19.39,7.91,Pagado,Yape
P10734,2025-05-21,5,C136,Bodega El Ahorro 136,Bodega,Huánuco,Centro,Online,Rosa Ccori,GRA-05,Avena con quinua 900 g,Granos andinos,Agroandina del Sur SAC,10,11.5,0.03,111.55,77.1,34.45,Vencido,Tarjeta
P10734,2025-05-21,5,C136,Bodega El Ahorro 136,Bodega,Huánuco,Centro,Online,Rosa Ccori,GRA-01,Quinua blanca 1 kg,Granos andinos,Agroandina del Sur SAC,10,14.5,0.03,140.65,95.7,44.95,Pagado,Efectivo
P10738,2025-05-21,5,C140,Minimarket San Pedro 140,Minimarket,Huancayo,Centro,Tienda,Rosa Ccori,SNA-01,Papas nativas 120 g x 10,Snacks,Snacks Costa Azul EIRL,2,35.0,0.05,66.5,42.0,24.5,Pagado,Yape
P10738,2025-05-21,5,C140,Minimarket San Pedro 140,Minimarket,Huancayo,Centro,Tienda,Rosa Ccori,HAR-03,Fideo tallarín 1 kg,Harinas y pastas,Molinos Valle Verde SA,11,7.2,0,79.2,56.98,22.22,Pagado,Yape
P10762,2025-05-21,5,C065,Bodega Virgen de Fátima 065,Bodega,Lima,Lima,Tienda,Ana Quispe,LIM-03,Lavavajilla 900 g,Limpieza,Limpieza Total Perú SAC,12,8.2,0,98.4,63.0,35.4,Pagado,Transferencia
P10762,2025-05-21,5,C065,Bodega Virgen de Fátima 065,Bodega,Lima,Lima,Tienda,Ana Quispe,SNA-01,Papas nativas 120 g x 10,Snacks,Snacks Costa Azul EIRL,2,35.0,0.05,66.5,42.0,24.5,Pagado,Tarjeta
P10768,2025-05-21,5,C065,Bodega Virgen de Fátima 065,Bodega,Lima,Lima,Tienda,Ana Quispe,BEB-02,Gaseosa 3 L x 4,Bebidas,Bebidas Norte Pacífico SAC,12,32.0,0.03,372.48,261.12,111.36,Pagado,Yape
P10768,2025-05-21,5,C065,Bodega Virgen de Fátima 065,Bodega,Lima,Lima,Tienda,Ana Quispe,HAR-04,Harina preparada 1 kg,Harinas y pastas,Molinos Valle Verde SA,12,6.3,0.03,73.33,55.2,18.13,Pagado,Plin
P10777,2025-05-21,5,C132,Restaurante Nueva Era 132,Restaurante,Huánuco,Centro,Online,Rosa Ccori,LIM-04,Desinfectante 1.8 L,Limpieza,Limpieza Total Perú SAC,2,11.9,0,23.8,15.0,8.8,Pagado,Transferencia
P10793,2025-05-21,5,C050,Mayorista El Sol 050,Mayorista,Lima,Lima,Mayorista,Rodrigo Salas,CAF-01,Café tostado molido 500 g,Café y cacao,Café Selva Central SAC,12,24.0,0.115,254.88,167.04,87.84,Pagado,Transferencia
P10793,2025-05-21,5,C050,Mayorista El Sol 050,Mayorista,Lima,Lima,Mayorista,Rodrigo Salas,HAR-01,Harina sin preparar 1 kg,Harinas y pastas,Molinos Valle Verde SA,24,5.4,0.155,109.51,96.0,13.51,Pagado,Transferencia
P10802,2025-05-21,5,C014,Minimarket San Pedro 014,Minimarket,Lima,Lima,Online,Ana Quispe,CAF-02,Café en grano 1 kg,Café y cacao,Café Selva Central SAC,11,46.0,0,506.0,288.42,217.58,Pagado,Transferencia
P10802,2025-05-21,5,C014,Minimarket San Pedro 014,Minimarket,Lima,Lima,Online,Ana Quispe,SNA-02,Chifles 150 g x 10,Snacks,Snacks Costa Azul EIRL,10,28.0,0,280.0,162.4,117.6,Pagado,Tarjeta
P10878,2025-05-21,5,C069,Restaurante Mi Perú 069,Restaurante,Lima,Lima,Tienda,Ana Quispe,SNA-02,Chifles 150 g x 10,Snacks,Snacks Costa Azul EIRL,12,28.0,0.03,325.92,194.88,131.04,Pagado,Transferencia
P10885,2025-05-21,5,C029,Minimarket Las Flores 029,Minimarket,Lima,Lima,Tienda,Luis Paredes,HAR-04,Harina preparada 1 kg,Harinas y pastas,Molinos Valle Verde SA,11,6.3,0.02,67.91,50.6,17.31,Pagado,Transferencia
P10885,2025-05-21,5,C029,Minimarket Las Flores 029,Minimarket,Lima,Lima,Tienda,Luis Paredes,CAF-01,Café tostado molido 500 g,Café y cacao,Café Selva Central SAC,7,24.0,0.03,162.96,97.44,65.52,Pagado,Yape
P10902,2025-05-21,5,C005,Minimarket Inti 005,Minimarket,Lima,Lima,Tienda,Ana Quispe,CAF-04,Chocolate para taza 180 g,Café y cacao,Café Selva Central SAC,8,9.9,0,79.2,49.12,30.08,Pagado,Efectivo
P10902,2025-05-21,5,C005,Minimarket Inti 005,Minimarket,Lima,Lima,Tienda,Ana Quispe,LIM-05,Jabón de tocador x 3,Limpieza,Limpieza Total Perú SAC,5,6.5,0.03,31.52,21.8,9.72,Pagado,Plin
P10902,2025-05-21,5,C005,Minimarket Inti 005,Minimarket,Lima,Lima,Tienda,Ana Quispe,CAF-01,Café tostado molido 500 g,Café y cacao,Café Selva Central SAC,4,24.0,0,96.0,55.68,40.32,Pagado,Yape
P10750,2025-05-22,5,C100,Restaurante El Ahorro 100,Restaurante,Cusco,Sur,Tienda,Jorge Huamán,HAR-01,Harina sin preparar 1 kg,Harinas y pastas,Molinos Valle Verde SA,4,5.4,0,21.6,16.0,5.6,Pagado,Transferencia
P10750,2025-05-22,5,C100,Restaurante El Ahorro 100,Restaurante,Cusco,Sur,Tienda,Jorge Huamán,GRA-03,Maca en polvo 250 g,Granos andinos,Agroandina del Sur SAC,12,17.0,0,204.0,112.2,91.8,Pagado,Yape
P10752,2025-05-22,5,C110,Bodega La Esperanza 110,Bodega,Arequipa,Sur,Tienda,Jorge Huamán,CAF-04,Chocolate para taza 180 g,Café y cacao,Café Selva Central SAC,7,9.9,0.03,67.22,42.98,24.24,Pagado,Yape
P10752,2025-05-22,5,C110,Bodega La Esperanza 110,Bodega,Arequipa,Sur,Tienda,Jorge Huamán,CAF-05,Café instantáneo 200 g,Café y cacao,Café Selva Central SAC,11,21.0,0,231.0,145.53,85.47,Pagado,Transferencia
P10752,2025-05-22,5,C110,Bodega La Esperanza 110,Bodega,Arequipa,Sur,Tienda,Jorge Huamán,CAF-02,Café en grano 1 kg,Café y cacao,Café Selva Central SAC,4,46.0,0.05,174.8,104.88,69.92,Pagado,Transferencia
P10775,2025-05-22,5,C127,Minimarket El Progreso 127,Minimarket,Huánuco,Centro,Tienda,Rosa Ccori,HAR-03,Fideo tallarín 1 kg,Harinas y pastas,Molinos Valle Verde SA,10,7.2,0.02,70.56,51.8,18.76,Pagado,Transferencia
P10775,2025-05-22,5,C127,Minimarket El Progreso 127,Minimarket,Huánuco,Centro,Tienda,Rosa Ccori,SNA-03,Galletas de avena x 24,Snacks,Snacks Costa Azul EIRL,7,22.0,0,154.0,100.1,53.9,Pagado,Transferencia
P10785,2025-05-22,5,C069,Restaurante Mi Perú 069,Restaurante,Lima,Lima,Tienda,Luis Paredes,BEB-05,Té helado 500 ml x 12,Bebidas,Bebidas Norte Pacífico SAC,9,29.0,0.05,247.95,159.21,88.74,Pagado,Transferencia
P10785,2025-05-22,5,C069,Restaurante Mi Perú 069,Restaurante,Lima,Lima,Tienda,Luis Paredes,SNA-01,Papas nativas 120 g x 10,Snacks,Snacks Costa Azul EIRL,2,35.0,0.02,68.6,42.0,26.6,Pagado,Yape
P10785,2025-05-22,5,C069,Restaurante Mi Perú 069,Restaurante,Lima,Lima,Tienda,Luis Paredes,SNA-03,Galletas de avena x 24,Snacks,Snacks Costa Azul EIRL,10,22.0,0.03,213.4,143.0,70.4,Pagado,Yape
P10815,2025-05-22,5,C125,Bodega El Ahorro 125,Bodega,Cusco,Sur,Tienda,Jorge Huamán,BEB-03,Néctar de durazno 1 L x 6,Bebidas,Bebidas Norte Pacífico SAC,6,27.0,0,162.0,103.68,58.32,Pagado,Yape
P10815,2025-05-22,5,C125,Bodega El Ahorro 125,Bodega,Cusco,Sur,Tienda,Jorge Huamán,CAF-01,Café tostado molido 500 g,Café y cacao,Café Selva Central SAC,7,24.0,0,168.0,97.44,70.56,Pagado,Transferencia
P10895,2025-05-22,5,C087,Restaurante El Ahorro 087,Restaurante,Trujillo,Norte,Tienda,María Torres,CAF-01,Café tostado molido 500 g,Café y cacao,Café Selva Central SAC,11,24.0,0.03,256.08,153.12,102.96,Pagado,Yape
P10895,2025-05-22,5,C087,Restaurante El Ahorro 087,Restaurante,Trujillo,Norte,Tienda,María Torres,LIM-05,Jabón de tocador x 3,Limpieza,Limpieza Total Perú SAC,9,6.5,0.03,56.74,39.24,17.5,Pagado,Tarjeta
P10895,2025-05-22,5,C087,Restaurante El Ahorro 087,Restaurante,Trujillo,Norte,Tienda,María Torres,BEB-03,Néctar de durazno 1 L x 6,Bebidas,Bebidas Norte Pacífico SAC,12,27.0,0.05,307.8,207.36,100.44,Pagado,Plin
P10905,2025-05-22,5,C104,Empresa La Esperanza 104,Empresa,Tacna,Sur,Tienda,Jorge Huamán,LIM-04,Desinfectante 1.8 L,Limpieza,Limpieza Total Perú SAC,2,11.9,0.03,23.09,15.0,8.09,Pagado,Yape
P10906,2025-05-22,5,C024,Bodega Los Andes 024,Bodega,Lima,Lima,Tienda,Luis Paredes,GRA-04,Chía 500 g,Granos andinos,Agroandina del Sur SAC,4,13.0,0.05,49.4,33.28,16.12,Pagado,Transferencia
P10906,2025-05-22,5,C024,Bodega Los Andes 024,Bodega,Lima,Lima,Tienda,Luis Paredes,GRA-01,Quinua blanca 1 kg,Granos andinos,Agroandina del Sur SAC,9,14.5,0,130.5,86.13,44.37,Pagado,Transferencia
P10918,2025-05-22,5,C037,Bodega El Trébol 037,Bodega,Lima,Lima,Tienda,Ana Quispe,BEB-02,Gaseosa 3 L x 4,Bebidas,Bebidas Norte Pacífico SAC,3,32.0,0.03,93.12,65.28,27.84,Pagado,Yape
P10918,2025-05-22,5,C037,Bodega El Trébol 037,Bodega,Lima,Lima,Tienda,Ana Quispe,LIM-04,Desinfectante 1.8 L,Limpieza,Limpieza Total Perú SAC,7,11.9,0.05,79.13,52.5,26.63,Pagado,Yape
P10918,2025-05-22,5,C037,Bodega El Trébol 037,Bodega,Lima,Lima,Tienda,Ana Quispe,GRA-01,Quinua blanca 1 kg,Granos andinos,Agroandina del Sur SAC,8,14.5,0.05,110.2,76.56,33.64,Pagado,Yape
P10842,2025-05-23,5,C029,Minimarket Las Flores 029,Minimarket,Lima,Lima,Tienda,Ana Quispe,CAF-02,Café en grano 1 kg,Café y cacao,Café Selva Central SAC,7,46.0,0,322.0,183.54,138.46,Pagado,Transferencia
P10842,2025-05-23,5,C029,Minimarket Las Flores 029,Minimarket,Lima,Lima,Tienda,Ana Quispe,HAR-02,Fideo spaghetti 500 g,Harinas y pastas,Molinos Valle Verde SA,7,3.9,0,27.3,19.39,7.91,Pagado,Yape
P10847,2025-05-23,5,C042,Bodega La Familia 042,Bodega,Lima,Lima,Tienda,Rodrigo Salas,HAR-03,Fideo tallarín 1 kg,Harinas y pastas,Molinos Valle Verde SA,9,7.2,0.155,54.76,46.62,8.14,Pagado,Plin
P10847,2025-05-23,5,C042,Bodega La Familia 042,Bodega,Lima,Lima,Tienda,Rodrigo Salas,GRA-02,Kiwicha pop 300 g,Granos andinos,Agroandina del Sur SAC,6,8.9,0.127,46.62,32.58,14.04,Pagado,Yape
P10897,2025-05-23,5,C031,Bodega El Ahorro 031,Bodega,Lima,Lima,Tienda,Luis Paredes,CAF-05,Café instantáneo 200 g,Café y cacao,Café Selva Central SAC,3,21.0,0.03,61.11,39.69,21.42,Pagado,Plin
P10833,2025-05-24,5,C069,Restaurante Mi Perú 069,Restaurante,Lima,Lima,Tienda,Luis Paredes,CAF-05,Café instantáneo 200 g,Café y cacao,Café Selva Central SAC,4,21.0,0.02,82.32,52.92,29.4,Pagado,Efectivo
P10862,2025-05-24,5,C131,Bodega Virgen de Fátima 131,Bodega,Huánuco,Centro,Online,Rosa Ccori,BEB-02,Gaseosa 3 L x 4,Bebidas,Bebidas Norte Pacífico SAC,9,32.0,0.02,282.24,195.84,86.4,Pagado,Tarjeta
P10929,2025-05-24,5,C019,Bodega Don Lucho 019,Bodega,Lima,Lima,Tienda,Rodrigo Salas,HAR-04,Harina preparada 1 kg,Harinas y pastas,Molinos Valle Verde SA,11,6.3,0.164,57.93,50.6,7.33,Pagado,Transferencia
P10929,2025-05-24,5,C019,Bodega Don Lucho 019,Bodega,Lima,Lima,Tienda,Rodrigo Salas,GRA-05,Avena con quinua 900 g,Granos andinos,Agroandina del Sur SAC,5,11.5,0.139,49.51,38.55,10.96,Pagado,Transferencia
P10732,2025-05-25,5,C067,Bodega Las Flores 067,Bodega,Lima,Lima,Tienda,Rodrigo Salas,CAF-02,Café en grano 1 kg,Café y cacao,Café Selva Central SAC,5,46.0,0.159,193.43,131.1,62.33,Pagado,Efectivo
P10732,2025-05-25,5,C067,Bodega Las Flores 067,Bodega,Lima,Lima,Tienda,Rodrigo Salas,CAF-02,Café en grano 1 kg,Café y cacao,Café Selva Central SAC,8,46.0,0.115,325.68,209.76,115.92,Pagado,Yape
P10744,2025-05-25,5,C066,Empresa La Esperanza 066,Empresa,Lima,Lima,Tienda,Luis Paredes,CAF-01,Café tostado molido 500 g,Café y cacao,Café Selva Central SAC,8,24.0,0.05,182.4,111.36,71.04,Pagado,Tarjeta
P10744,2025-05-25,5,C066,Empresa La Esperanza 066,Empresa,Lima,Lima,Tienda,Luis Paredes,BEB-05,Té helado 500 ml x 12,Bebidas,Bebidas Norte Pacífico SAC,3,29.0,0,87.0,53.07,33.93,Pagado,Transferencia
P10745,2025-05-25,5,C122,Bodega El Ahorro 122,Bodega,Tacna,Sur,Online,Jorge Huamán,CAF-03,Cacao en polvo 250 g,Café y cacao,Café Selva Central SAC,10,12.5,0.02,122.5,75.0,47.5,Pagado,Transferencia
P10769,2025-05-25,5,C102,Mayorista El Progreso 102,Mayorista,Tacna,Sur,Mayorista,Jorge Huamán,LIM-05,Jabón de tocador x 3,Limpieza,Limpieza Total Perú SAC,8,6.5,0.08,47.84,34.88,12.96,Pagado,Transferencia
P10770,2025-05-25,5,C072,Empresa Santa Rosa 072,Empresa,Trujillo,Norte,Tienda,María Torres,HAR-03,Fideo tallarín 1 kg,Harinas y pastas,Molinos Valle Verde SA,10,7.2,0,72.0,51.8,20.2,Pagado,Plin
P10783,2025-05-25,5,C060,Bodega El Sol 060,Bodega,Lima,Lima,Tienda,Rodrigo Salas,BEB-01,Agua mineral 625 ml x 15,Bebidas,Bebidas Norte Pacífico SAC,11,18.0,0.129,172.46,122.76,49.7,Pagado,Yape
P10826,2025-05-25,5,C066,Empresa La Esperanza 066,Empresa,Lima,Lima,Tienda,Ana Quispe,GRA-04,Chía 500 g,Granos andinos,Agroandina del Sur SAC,11,13.0,0.03,138.71,91.52,47.19,Pagado,Efectivo
P10826,2025-05-25,5,C066,Empresa La Esperanza 066,Empresa,Lima,Lima,Tienda,Ana Quispe,SNA-01,Papas nativas 120 g x 10,Snacks,Snacks Costa Azul EIRL,4,35.0,0,140.0,84.0,56.0,Pagado,Transferencia
P10827,2025-05-25,5,C058,Restaurante La Familia 058,Restaurante,Lima,Lima,Tienda,Ana Quispe,BEB-02,Gaseosa 3 L x 4,Bebidas,Bebidas Norte Pacífico SAC,5,32.0,0,160.0,108.8,51.2,Pagado,Transferencia
P10854,2025-05-25,5,C030,Cafetería San Martín 030,Cafetería,Lima,Lima,Tienda,Luis Paredes,CAF-04,Chocolate para taza 180 g,Café y cacao,Café Selva Central SAC,8,9.9,0,79.2,49.12,30.08,Pagado,Transferencia
P10889,2025-05-25,5,C023,Bodega El Sol 023,Bodega,Lima,Lima,Tienda,Luis Paredes,BEB-04,Bebida rehidratante 500 ml x 12,Bebidas,Bebidas Norte Pacífico SAC,9,33.0,0.05,282.15,187.11,95.04,Pagado,Transferencia
P10908,2025-05-25,5,C028,Restaurante El Ahorro 028,Restaurante,Lima,Lima,Tienda,Ana Quispe,HAR-05,Sémola 500 g,Harinas y pastas,Molinos Valle Verde SA,4,4.1,0.02,16.07,11.48,4.59,Pagado,Tarjeta
P10908,2025-05-25,5,C028,Restaurante El Ahorro 028,Restaurante,Lima,Lima,Tienda,Ana Quispe,SNA-04,Maní salado 200 g x 12,Snacks,Snacks Costa Azul EIRL,12,30.0,0,360.0,223.2,136.8,Pagado,Tarjeta
P10739,2025-05-26,5,C067,Bodega Las Flores 067,Bodega,Lima,Lima,Tienda,Luis Paredes,CAF-02,Café en grano 1 kg,Café y cacao,Café Selva Central SAC,5,46.0,0,230.0,131.1,98.9,Pagado,Transferencia
P10739,2025-05-26,5,C067,Bodega Las Flores 067,Bodega,Lima,Lima,Tienda,Luis Paredes,LIM-05,Jabón de tocador x 3,Limpieza,Limpieza Total Perú SAC,2,6.5,0.02,12.74,8.72,4.02,Pagado,Transferencia
P10789,2025-05-26,5,C092,Cafetería El Progreso 092,Cafetería,Chiclayo,Norte,Tienda,María Torres,SNA-04,Maní salado 200 g x 12,Snacks,Snacks Costa Azul EIRL,10,30.0,0.05,285.0,186.0,99.0,Pagado,Efectivo
P10789,2025-05-26,5,C092,Cafetería El Progreso 092,Cafetería,Chiclayo,Norte,Tienda,María Torres,HAR-04,Harina preparada 1 kg,Harinas y pastas,Molinos Valle Verde SA,8,6.3,0.05,47.88,36.8,11.08,Pagado,Transferencia
P10797,2025-05-26,5,C020,Bodega Santa Rosa 020,Bodega,Lima,Lima,Tienda,Ana Quispe,BEB-03,Néctar de durazno 1 L x 6,Bebidas,Bebidas Norte Pacífico SAC,11,27.0,0,297.0,190.08,106.92,Pagado,Yape
P10797,2025-05-26,5,C020,Bodega Santa Rosa 020,Bodega,Lima,Lima,Tienda,Ana Quispe,BEB-05,Té helado 500 ml x 12,Bebidas,Bebidas Norte Pacífico SAC,2,29.0,0.02,56.84,35.38,21.46,Pagado,Tarjeta
P10803,2025-05-26,5,C092,Cafetería El Progreso 092,Cafetería,Chiclayo,Norte,Tienda,María Torres,BEB-01,Agua mineral 625 ml x 15,Bebidas,Bebidas Norte Pacífico SAC,9,18.0,0.03,157.14,100.44,56.7,Pagado,Transferencia
P10819,2025-05-26,5,C033,Minimarket Primavera 033,Minimarket,Lima,Lima,Tienda,Ana Quispe,HAR-04,Harina preparada 1 kg,Harinas y pastas,Molinos Valle Verde SA,6,6.3,0,37.8,27.6,10.2,Pagado,Transferencia
P10845,2025-05-26,5,C136,Bodega El Ahorro 136,Bodega,Huánuco,Centro,Tienda,Rosa Ccori,GRA-04,Chía 500 g,Granos andinos,Agroandina del Sur SAC,7,13.0,0.03,88.27,58.24,30.03,Pagado,Transferencia
P10845,2025-05-26,5,C136,Bodega El Ahorro 136,Bodega,Huánuco,Centro,Tienda,Rosa Ccori,HAR-01,Harina sin preparar 1 kg,Harinas y pastas,Molinos Valle Verde SA,8,5.4,0,43.2,32.0,11.2,Pagado,Tarjeta
P10845,2025-05-26,5,C136,Bodega El Ahorro 136,Bodega,Huánuco,Centro,Tienda,Rosa Ccori,SNA-02,Chifles 150 g x 10,Snacks,Snacks Costa Azul EIRL,12,28.0,0.05,319.2,194.88,124.32,Pagado,Yape
P10894,2025-05-26,5,C118,Bodega El Sol 118,Bodega,Cusco,Sur,Tienda,Jorge Huamán,CAF-01,Café tostado molido 500 g,Café y cacao,Café Selva Central SAC,2,24.0,0,48.0,27.84,20.16,Pagado,Plin
P10899,2025-05-26,5,C048,Cafetería Inti 048,Cafetería,Lima,Lima,Tienda,Luis Paredes,CAF-02,Café en grano 1 kg,Café y cacao,Café Selva Central SAC,9,46.0,0.02,405.72,235.98,169.74,Pagado,Transferencia
P10899,2025-05-26,5,C048,Cafetería Inti 048,Cafetería,Lima,Lima,Tienda,Luis Paredes,GRA-04,Chía 500 g,Granos andinos,Agroandina del Sur SAC,10,13.0,0,130.0,83.2,46.8,Pagado,Efectivo
P10899,2025-05-26,5,C048,Cafetería Inti 048,Cafetería,Lima,Lima,Tienda,Luis Paredes,CAF-05,Café instantáneo 200 g,Café y cacao,Café Selva Central SAC,10,21.0,0.03,203.7,132.3,71.4,Pagado,Transferencia
P10900,2025-05-26,5,C064,Restaurante La Victoria 064,Restaurante,Lima,Lima,Tienda,Rodrigo Salas,HAR-05,Sémola 500 g,Harinas y pastas,Molinos Valle Verde SA,4,4.1,0.123,14.38,11.48,2.9,Pagado,Tarjeta
P10900,2025-05-26,5,C064,Restaurante La Victoria 064,Restaurante,Lima,Lima,Tienda,Rodrigo Salas,GRA-05,Avena con quinua 900 g,Granos andinos,Agroandina del Sur SAC,12,11.5,0.151,117.16,92.52,24.64,Pagado,Yape
P10900,2025-05-26,5,C064,Restaurante La Victoria 064,Restaurante,Lima,Lima,Tienda,Rodrigo Salas,GRA-03,Maca en polvo 250 g,Granos andinos,Agroandina del Sur SAC,7,17.0,0.16,99.96,65.45,34.51,Pagado,Plin
P10901,2025-05-26,5,C089,Minimarket Nueva Era 089,Minimarket,Chiclayo,Norte,Tienda,María Torres,GRA-03,Maca en polvo 250 g,Granos andinos,Agroandina del Sur SAC,12,17.0,0.02,199.92,112.2,87.72,Pagado,Tarjeta
P10925,2025-05-26,5,C065,Bodega Virgen de Fátima 065,Bodega,Lima,Lima,Tienda,Ana Quispe,LIM-05,Jabón de tocador x 3,Limpieza,Limpieza Total Perú SAC,4,6.5,0.05,24.7,17.44,7.26,Pagado,Tarjeta
P10926,2025-05-26,5,C039,Cafetería El Progreso 039,Cafetería,Lima,Lima,Online,Luis Paredes,CAF-04,Chocolate para taza 180 g,Café y cacao,Café Selva Central SAC,9,9.9,0.02,87.32,55.26,32.06,Pagado,Yape
P10926,2025-05-26,5,C039,Cafetería El Progreso 039,Cafetería,Lima,Lima,Online,Luis Paredes,BEB-02,Gaseosa 3 L x 4,Bebidas,Bebidas Norte Pacífico SAC,2,32.0,0.05,60.8,43.52,17.28,Pagado,Efectivo
P10788,2025-05-27,5,C107,Minimarket Mi Perú 107,Minimarket,Cusco,Sur,Tienda,Jorge Huamán,CAF-02,Café en grano 1 kg,Café y cacao,Café Selva Central SAC,10,46.0,0.05,437.0,262.2,174.8,Pagado,Plin
P10788,2025-05-27,5,C107,Minimarket Mi Perú 107,Minimarket,Cusco,Sur,Tienda,Jorge Huamán,BEB-05,Té helado 500 ml x 12,Bebidas,Bebidas Norte Pacífico SAC,11,29.0,0,319.0,194.59,124.41,Pagado,Efectivo
P10809,2025-05-27,5,C064,Restaurante La Victoria 064,Restaurante,Lima,Lima,Tienda,Ana Quispe,BEB-04,Bebida rehidratante 500 ml x 12,Bebidas,Bebidas Norte Pacífico SAC,6,33.0,0.05,188.1,124.74,63.36,Pagado,Transferencia
P10809,2025-05-27,5,C064,Restaurante La Victoria 064,Restaurante,Lima,Lima,Tienda,Ana Quispe,GRA-01,Quinua blanca 1 kg,Granos andinos,Agroandina del Sur SAC,4,14.5,0.05,55.1,38.28,16.82,Pagado,Tarjeta
P10809,2025-05-27,5,C064,Restaurante La Victoria 064,Restaurante,Lima,Lima,Tienda,Ana Quispe,SNA-01,Papas nativas 120 g x 10,Snacks,Snacks Costa Azul EIRL,11,35.0,0,385.0,231.0,154.0,Pagado,Yape
P10814,2025-05-27,5,C031,Bodega El Ahorro 031,Bodega,Lima,Lima,Tienda,Luis Paredes,HAR-05,Sémola 500 g,Harinas y pastas,Molinos Valle Verde SA,8,4.1,0.05,31.16,22.96,8.2,Pagado,Transferencia
P10814,2025-05-27,5,C031,Bodega El Ahorro 031,Bodega,Lima,Lima,Tienda,Luis Paredes,SNA-01,Papas nativas 120 g x 10,Snacks,Snacks Costa Azul EIRL,3,35.0,0.05,99.75,63.0,36.75,Pagado,Yape
P10822,2025-05-27,5,C073,Minimarket Don Lucho 073,Minimarket,Trujillo,Norte,Tienda,María Torres,SNA-05,Camote frito 120 g x 10,Snacks,Snacks Costa Azul EIRL,5,31.0,0.05,147.25,91.45,55.8,Pagado,Transferencia
P10841,2025-05-27,5,C002,Bodega Pachamama 002,Bodega,Lima,Lima,Tienda,Rodrigo Salas,GRA-04,Chía 500 g,Granos andinos,Agroandina del Sur SAC,8,13.0,0.107,92.87,66.56,26.31,Pagado,Transferencia
P10841,2025-05-27,5,C002,Bodega Pachamama 002,Bodega,Lima,Lima,Tienda,Rodrigo Salas,SNA-02,Chifles 150 g x 10,Snacks,Snacks Costa Azul EIRL,5,28.0,0.131,121.66,81.2,40.46,Pagado,Transferencia
P10871,2025-05-27,5,C075,Mayorista Santa Rosa 075,Mayorista,Trujillo,Norte,Mayorista,María Torres,CAF-01,Café tostado molido 500 g,Café y cacao,Café Selva Central SAC,44,24.0,0.08,971.52,612.48,359.04,Vencido,Transferencia
P10871,2025-05-27,5,C075,Mayorista Santa Rosa 075,Mayorista,Trujillo,Norte,Mayorista,María Torres,LIM-01,Detergente 2 kg,Limpieza,Limpieza Total Perú SAC,24,19.5,0.08,430.56,322.8,107.76,Pagado,Transferencia
P10871,2025-05-27,5,C075,Mayorista Santa Rosa 075,Mayorista,Trujillo,Norte,Mayorista,María Torres,BEB-02,Gaseosa 3 L x 4,Bebidas,Bebidas Norte Pacífico SAC,32,32.0,0.08,942.08,696.32,245.76,Pagado,Transferencia
P10891,2025-05-27,5,C138,Restaurante Las Flores 138,Restaurante,Huánuco,Centro,Tienda,Rosa Ccori,HAR-03,Fideo tallarín 1 kg,Harinas y pastas,Molinos Valle Verde SA,12,7.2,0.03,83.81,62.16,21.65,Pagado,Yape
P10891,2025-05-27,5,C138,Restaurante Las Flores 138,Restaurante,Huánuco,Centro,Tienda,Rosa Ccori,LIM-04,Desinfectante 1.8 L,Limpieza,Limpieza Total Perú SAC,3,11.9,0.02,34.99,22.5,12.49,Pagado,Yape
P10916,2025-05-27,5,C096,Cafetería La Familia 096,Cafetería,Piura,Norte,Tienda,María Torres,GRA-01,Quinua blanca 1 kg,Granos andinos,Agroandina del Sur SAC,7,14.5,0.05,96.42,66.99,29.43,Pagado,Yape
P10741,2025-05-28,5,C058,Restaurante La Familia 058,Restaurante,Lima,Lima,Tienda,Rodrigo Salas,GRA-01,Quinua blanca 1 kg,Granos andinos,Agroandina del Sur SAC,10,14.5,0.16,121.8,95.7,26.1,Pagado,Efectivo
P10741,2025-05-28,5,C058,Restaurante La Familia 058,Restaurante,Lima,Lima,Tienda,Rodrigo Salas,LIM-04,Desinfectante 1.8 L,Limpieza,Limpieza Total Perú SAC,4,11.9,0.159,40.03,30.0,10.03,Pagado,Yape
P10767,2025-05-28,5,C051,Empresa San Martín 051,Empresa,Lima,Lima,Tienda,Luis Paredes,CAF-03,Cacao en polvo 250 g,Café y cacao,Café Selva Central SAC,12,12.5,0.05,142.5,90.0,52.5,Pagado,Yape
P10767,2025-05-28,5,C051,Empresa San Martín 051,Empresa,Lima,Lima,Tienda,Luis Paredes,CAF-01,Café tostado molido 500 g,Café y cacao,Café Selva Central SAC,9,24.0,0,216.0,125.28,90.72,Pagado,Efectivo
P10773,2025-05-28,5,C129,Mayorista La Esperanza 129,Mayorista,Huánuco,Centro,Mayorista,Rosa Ccori,HAR-03,Fideo tallarín 1 kg,Harinas y pastas,Molinos Valle Verde SA,12,7.2,0.08,79.49,62.16,17.33,Pagado,Transferencia
P10773,2025-05-28,5,C129,Mayorista La Esperanza 129,Mayorista,Huánuco,Centro,Mayorista,Rosa Ccori,GRA-02,Kiwicha pop 300 g,Granos andinos,Agroandina del Sur SAC,32,8.9,0.08,262.02,173.76,88.26,Pagado,Transferencia
P10779,2025-05-28,5,C084,Bodega El Progreso 084,Bodega,Piura,Norte,Tienda,María Torres,LIM-03,Lavavajilla 900 g,Limpieza,Limpieza Total Perú SAC,2,8.2,0,16.4,10.5,5.9,Pagado,Efectivo
P10779,2025-05-28,5,C084,Bodega El Progreso 084,Bodega,Piura,Norte,Tienda,María Torres,BEB-02,Gaseosa 3 L x 4,Bebidas,Bebidas Norte Pacífico SAC,2,32.0,0,64.0,43.52,20.48,Pagado,Transferencia
P10779,2025-05-28,5,C084,Bodega El Progreso 084,Bodega,Piura,Norte,Tienda,María Torres,CAF-02,Café en grano 1 kg,Café y cacao,Café Selva Central SAC,6,46.0,0.02,270.48,157.32,113.16,Pagado,Transferencia
P10782,2025-05-28,5,C129,Mayorista La Esperanza 129,Mayorista,Huánuco,Centro,Mayorista,Rosa Ccori,CAF-04,Chocolate para taza 180 g,Café y cacao,Café Selva Central SAC,40,9.9,0.08,364.32,245.6,118.72,Pagado,Transferencia
P10782,2025-05-28,5,C129,Mayorista La Esperanza 129,Mayorista,Huánuco,Centro,Mayorista,Rosa Ccori,SNA-03,Galletas de avena x 24,Snacks,Snacks Costa Azul EIRL,16,22.0,0.08,323.84,228.8,95.04,Pagado,Transferencia
P10782,2025-05-28,5,C129,Mayorista La Esperanza 129,Mayorista,Huánuco,Centro,Mayorista,Rosa Ccori,SNA-01,Papas nativas 120 g x 10,Snacks,Snacks Costa Azul EIRL,44,35.0,0.08,1416.8,924.0,492.8,Pagado,Transferencia
P10799,2025-05-28,5,C128,Empresa Primavera 128,Empresa,Huancayo,Centro,Tienda,Rosa Ccori,HAR-03,Fideo tallarín 1 kg,Harinas y pastas,Molinos Valle Verde SA,4,7.2,0,28.8,20.72,8.08,Pagado,Transferencia
P10799,2025-05-28,5,C128,Empresa Primavera 128,Empresa,Huancayo,Centro,Tienda,Rosa Ccori,SNA-05,Camote frito 120 g x 10,Snacks,Snacks Costa Azul EIRL,12,31.0,0.05,353.4,219.48,133.92,Pagado,Plin
P10799,2025-05-28,5,C128,Empresa Primavera 128,Empresa,Huancayo,Centro,Tienda,Rosa Ccori,GRA-01,Quinua blanca 1 kg,Granos andinos,Agroandina del Sur SAC,4,14.5,0.02,56.84,38.28,18.56,Pagado,Plin
P10810,2025-05-28,5,C077,Mayorista Inti 077,Mayorista,Trujillo,Norte,Mayorista,María Torres,SNA-05,Camote frito 120 g x 10,Snacks,Snacks Costa Azul EIRL,36,31.0,0.08,1026.72,658.44,368.28,Pagado,Transferencia
P10828,2025-05-28,5,C139,Minimarket Virgen de Fátima 139,Minimarket,Huancayo,Centro,Tienda,Rosa Ccori,BEB-02,Gaseosa 3 L x 4,Bebidas,Bebidas Norte Pacífico SAC,7,32.0,0.02,219.52,152.32,67.2,Pagado,Plin
P10848,2025-05-28,5,C030,Cafetería San Martín 030,Cafetería,Lima,Lima,Tienda,Ana Quispe,GRA-03,Maca en polvo 250 g,Granos andinos,Agroandina del Sur SAC,11,17.0,0,187.0,102.85,84.15,Pagado,Yape
P10848,2025-05-28,5,C030,Cafetería San Martín 030,Cafetería,Lima,Lima,Tienda,Ana Quispe,GRA-05,Avena con quinua 900 g,Granos andinos,Agroandina del Sur SAC,5,11.5,0,57.5,38.55,18.95,Pagado,Transferencia
P10887,2025-05-28,5,C010,Restaurante Los Andes 010,Restaurante,Lima,Lima,Tienda,Rodrigo Salas,HAR-03,Fideo tallarín 1 kg,Harinas y pastas,Molinos Valle Verde SA,2,7.2,0.16,12.1,10.36,1.74,Pagado,Transferencia
P10887,2025-05-28,5,C010,Restaurante Los Andes 010,Restaurante,Lima,Lima,Tienda,Rodrigo Salas,BEB-04,Bebida rehidratante 500 ml x 12,Bebidas,Bebidas Norte Pacífico SAC,11,33.0,0.14,312.18,228.69,83.49,Pagado,Tarjeta
P10936,2025-06-01,6,C095,Bodega La Familia 095,Bodega,Piura,Norte,Tienda,María Torres,CAF-03,Cacao en polvo 250 g,Café y cacao,Café Selva Central SAC,10,12.5,0.02,122.5,75.0,47.5,Pagado,Efectivo
P10936,2025-06-01,6,C095,Bodega La Familia 095,Bodega,Piura,Norte,Tienda,María Torres,HAR-02,Fideo spaghetti 500 g,Harinas y pastas,Molinos Valle Verde SA,5,3.9,0,19.5,13.85,5.65,Pagado,Yape
P10936,2025-06-01,6,C095,Bodega La Familia 095,Bodega,Piura,Norte,Tienda,María Torres,GRA-03,Maca en polvo 250 g,Granos andinos,Agroandina del Sur SAC,12,17.0,0,204.0,112.2,91.8,Pagado,Efectivo
P10951,2025-06-01,6,C003,Bodega La Esperanza 003,Bodega,Lima,Lima,Tienda,Rodrigo Salas,LIM-01,Detergente 2 kg,Limpieza,Limpieza Total Perú SAC,11,19.5,0.108,191.33,147.95,43.38,Pagado,Tarjeta
P10951,2025-06-01,6,C003,Bodega La Esperanza 003,Bodega,Lima,Lima,Tienda,Rodrigo Salas,GRA-04,Chía 500 g,Granos andinos,Agroandina del Sur SAC,4,13.0,0.138,44.82,33.28,11.54,Pagado,Tarjeta
P10979,2025-06-01,6,C086,Restaurante Los Andes 086,Restaurante,Piura,Norte,WhatsApp,María Torres,SNA-03,Galletas de avena x 24,Snacks,Snacks Costa Azul EIRL,8,22.0,0.03,170.72,114.4,56.32,Pagado,Transferencia
P10979,2025-06-01,6,C086,Restaurante Los Andes 086,Restaurante,Piura,Norte,WhatsApp,María Torres,BEB-02,Gaseosa 3 L x 4,Bebidas,Bebidas Norte Pacífico SAC,12,32.0,0.05,364.8,261.12,103.68,Pagado,Efectivo
P10988,2025-06-01,6,C038,Bodega El Ahorro 038,Bodega,Lima,Lima,Online,Ana Quispe,CAF-05,Café instantáneo 200 g,Café y cacao,Café Selva Central SAC,11,21.0,0.03,224.07,145.53,78.54,Pagado,Plin
P10988,2025-06-01,6,C038,Bodega El Ahorro 038,Bodega,Lima,Lima,Online,Ana Quispe,CAF-04,Chocolate para taza 180 g,Café y cacao,Café Selva Central SAC,5,9.9,0.03,48.02,30.7,17.32,Pagado,Transferencia
P11006,2025-06-01,6,C127,Minimarket El Progreso 127,Minimarket,Huánuco,Centro,Tienda,Rosa Ccori,GRA-04,Chía 500 g,Granos andinos,Agroandina del Sur SAC,2,13.0,0,26.0,16.64,9.36,Pagado,Efectivo
P11010,2025-06-01,6,C140,Minimarket San Pedro 140,Minimarket,Huancayo,Centro,Tienda,Rosa Ccori,SNA-01,Papas nativas 120 g x 10,Snacks,Snacks Costa Azul EIRL,6,35.0,0.02,205.8,126.0,79.8,Pagado,Plin
P11010,2025-06-01,6,C140,Minimarket San Pedro 140,Minimarket,Huancayo,Centro,Tienda,Rosa Ccori,LIM-05,Jabón de tocador x 3,Limpieza,Limpieza Total Perú SAC,9,6.5,0.03,56.74,39.24,17.5,Pagado,Tarjeta
P11039,2025-06-01,6,C094,Bodega Santa Rosa 094,Bodega,Trujillo,Norte,Tienda,María Torres,LIM-05,Jabón de tocador x 3,Limpieza,Limpieza Total Perú SAC,4,6.5,0.02,25.48,17.44,8.04,Pagado,Yape
P11039,2025-06-01,6,C094,Bodega Santa Rosa 094,Bodega,Trujillo,Norte,Tienda,María Torres,SNA-04,Maní salado 200 g x 12,Snacks,Snacks Costa Azul EIRL,4,30.0,0.02,117.6,74.4,43.2,Pagado,Yape
P11039,2025-06-01,6,C094,Bodega Santa Rosa 094,Bodega,Trujillo,Norte,Tienda,María Torres,BEB-01,Agua mineral 625 ml x 15,Bebidas,Bebidas Norte Pacífico SAC,4,18.0,0,72.0,44.64,27.36,Pagado,Plin
P11046,2025-06-01,6,C003,Bodega La Esperanza 003,Bodega,Lima,Lima,Tienda,Rodrigo Salas,GRA-04,Chía 500 g,Granos andinos,Agroandina del Sur SAC,6,13.0,0.121,68.56,49.92,18.64,Pagado,Plin
P11046,2025-06-01,6,C003,Bodega La Esperanza 003,Bodega,Lima,Lima,Tienda,Rodrigo Salas,SNA-04,Maní salado 200 g x 12,Snacks,Snacks Costa Azul EIRL,3,30.0,0.148,76.68,55.8,20.88,Pagado,Tarjeta
P11065,2025-06-01,6,C128,Empresa Primavera 128,Empresa,Huancayo,Centro,Tienda,Rosa Ccori,SNA-04,Maní salado 200 g x 12,Snacks,Snacks Costa Azul EIRL,6,30.0,0.05,171.0,111.6,59.4,Pagado,Yape
P11065,2025-06-01,6,C128,Empresa Primavera 128,Empresa,Huancayo,Centro,Tienda,Rosa Ccori,GRA-01,Quinua blanca 1 kg,Granos andinos,Agroandina del Sur SAC,11,14.5,0,159.5,105.27,54.23,Pagado,Transferencia
P11069,2025-06-01,6,C002,Bodega Pachamama 002,Bodega,Lima,Lima,Online,Rodrigo Salas,SNA-01,Papas nativas 120 g x 10,Snacks,Snacks Costa Azul EIRL,7,35.0,0.154,207.27,147.0,60.27,Pagado,Plin
P11069,2025-06-01,6,C002,Bodega Pachamama 002,Bodega,Lima,Lima,Online,Rodrigo Salas,GRA-03,Maca en polvo 250 g,Granos andinos,Agroandina del Sur SAC,2,17.0,0.14,29.24,18.7,10.54,Pagado,Yape
P11092,2025-06-01,6,C070,Minimarket El Ahorro 070,Minimarket,Lima,Lima,Tienda,Rodrigo Salas,LIM-02,Lejía 4 L,Limpieza,Limpieza Total Perú SAC,9,9.8,0.116,77.97,58.23,19.74,Pagado,Yape
P11094,2025-06-01,6,C049,Restaurante San Pedro 049,Restaurante,Lima,Lima,Tienda,Ana Quispe,SNA-05,Camote frito 120 g x 10,Snacks,Snacks Costa Azul EIRL,8,31.0,0,248.0,146.32,101.68,Vencido,Efectivo
P11095,2025-06-01,6,C089,Minimarket Nueva Era 089,Minimarket,Chiclayo,Norte,Tienda,María Torres,HAR-03,Fideo tallarín 1 kg,Harinas y pastas,Molinos Valle Verde SA,9,7.2,0.03,62.86,46.62,16.24,Vencido,Tarjeta
P11095,2025-06-01,6,C089,Minimarket Nueva Era 089,Minimarket,Chiclayo,Norte,Tienda,María Torres,CAF-01,Café tostado molido 500 g,Café y cacao,Café Selva Central SAC,6,24.0,0.05,136.8,83.52,53.28,Pagado,Yape
P11111,2025-06-01,6,C009,Minimarket La Esperanza 009,Minimarket,Lima,Lima,Tienda,Luis Paredes,BEB-03,Néctar de durazno 1 L x 6,Bebidas,Bebidas Norte Pacífico SAC,5,27.0,0,135.0,86.4,48.6,Pagado,Tarjeta
P11111,2025-06-01,6,C009,Minimarket La Esperanza 009,Minimarket,Lima,Lima,Tienda,Luis Paredes,HAR-02,Fideo spaghetti 500 g,Harinas y pastas,Molinos Valle Verde SA,10,3.9,0.05,37.05,27.7,9.35,Pagado,Yape
P11111,2025-06-01,6,C009,Minimarket La Esperanza 009,Minimarket,Lima,Lima,Tienda,Luis Paredes,CAF-01,Café tostado molido 500 g,Café y cacao,Café Selva Central SAC,8,24.0,0.03,186.24,111.36,74.88,Pagado,Plin
P10932,2025-06-02,6,C070,Minimarket El Ahorro 070,Minimarket,Lima,Lima,Tienda,Luis Paredes,SNA-02,Chifles 150 g x 10,Snacks,Snacks Costa Azul EIRL,12,28.0,0,336.0,194.88,141.12,Pagado,Yape
P10932,2025-06-02,6,C070,Minimarket El Ahorro 070,Minimarket,Lima,Lima,Tienda,Luis Paredes,HAR-05,Sémola 500 g,Harinas y pastas,Molinos Valle Verde SA,11,4.1,0,45.1,31.57,13.53,Pagado,Tarjeta
P10932,2025-06-02,6,C070,Minimarket El Ahorro 070,Minimarket,Lima,Lima,Tienda,Luis Paredes,HAR-04,Harina preparada 1 kg,Harinas y pastas,Molinos Valle Verde SA,9,6.3,0.05,53.86,41.4,12.46,Pagado,Transferencia
P10941,2025-06-02,6,C039,Cafetería El Progreso 039,Cafetería,Lima,Lima,Tienda,Luis Paredes,HAR-05,Sémola 500 g,Harinas y pastas,Molinos Valle Verde SA,5,4.1,0,20.5,14.35,6.15,Pagado,Transferencia
P10949,2025-06-02,6,C017,Minimarket El Progreso 017,Minimarket,Lima,Lima,Tienda,Rodrigo Salas,BEB-01,Agua mineral 625 ml x 15,Bebidas,Bebidas Norte Pacífico SAC,11,18.0,0.177,162.95,122.76,40.19,Pagado,Efectivo
P10994,2025-06-02,6,C037,Bodega El Trébol 037,Bodega,Lima,Lima,WhatsApp,Luis Paredes,GRA-01,Quinua blanca 1 kg,Granos andinos,Agroandina del Sur SAC,2,14.5,0,29.0,19.14,9.86,Pagado,Plin
P11061,2025-06-02,6,C022,Empresa La Familia 022,Empresa,Lima,Lima,Tienda,Ana Quispe,HAR-05,Sémola 500 g,Harinas y pastas,Molinos Valle Verde SA,5,4.1,0,20.5,14.35,6.15,Pagado,Tarjeta
P11082,2025-06-02,6,C080,Restaurante El Ahorro 080,Restaurante,Trujillo,Norte,Online,María Torres,LIM-02,Lejía 4 L,Limpieza,Limpieza Total Perú SAC,11,9.8,0.05,102.41,71.17,31.24,Pagado,Transferencia
P10944,2025-06-03,6,C040,Minimarket La Esperanza 040,Minimarket,Lima,Lima,Tienda,Luis Paredes,BEB-01,Agua mineral 625 ml x 15,Bebidas,Bebidas Norte Pacífico SAC,7,18.0,0,126.0,78.12,47.88,Vencido,Transferencia
P10974,2025-06-03,6,C064,Restaurante La Victoria 064,Restaurante,Lima,Lima,Tienda,Rodrigo Salas,HAR-02,Fideo spaghetti 500 g,Harinas y pastas,Molinos Valle Verde SA,7,3.9,0.109,24.32,19.39,4.93,Pagado,Transferencia
P11043,2025-06-03,6,C028,Restaurante El Ahorro 028,Restaurante,Lima,Lima,Tienda,Rodrigo Salas,BEB-03,Néctar de durazno 1 L x 6,Bebidas,Bebidas Norte Pacífico SAC,2,27.0,0.101,48.55,34.56,13.99,Pagado,Plin
P11043,2025-06-03,6,C028,Restaurante El Ahorro 028,Restaurante,Lima,Lima,Tienda,Rodrigo Salas,GRA-04,Chía 500 g,Granos andinos,Agroandina del Sur SAC,7,13.0,0.118,80.26,58.24,22.02,Pagado,Yape
P11047,2025-06-03,6,C121,Bodega Don Lucho 121,Bodega,Arequipa,Sur,Tienda,Jorge Huamán,CAF-04,Chocolate para taza 180 g,Café y cacao,Café Selva Central SAC,9,9.9,0,89.1,55.26,33.84,Pagado,Transferencia
P11066,2025-06-03,6,C062,Restaurante Los Andes 062,Restaurante,Lima,Lima,Tienda,Luis Paredes,SNA-02,Chifles 150 g x 10,Snacks,Snacks Costa Azul EIRL,11,28.0,0.03,298.76,178.64,120.12,Pagado,Transferencia
P11070,2025-06-03,6,C067,Bodega Las Flores 067,Bodega,Lima,Lima,Tienda,Rodrigo Salas,BEB-03,Néctar de durazno 1 L x 6,Bebidas,Bebidas Norte Pacífico SAC,9,27.0,0.109,216.51,155.52,60.99,Pagado,Plin
P11070,2025-06-03,6,C067,Bodega Las Flores 067,Bodega,Lima,Lima,Tienda,Rodrigo Salas,LIM-01,Detergente 2 kg,Limpieza,Limpieza Total Perú SAC,8,19.5,0.151,132.44,107.6,24.84,Pagado,Transferencia
P10934,2025-06-04,6,C105,Restaurante El Ahorro 105,Restaurante,Arequipa,Sur,Tienda,Jorge Huamán,SNA-02,Chifles 150 g x 10,Snacks,Snacks Costa Azul EIRL,12,28.0,0.05,319.2,194.88,124.32,Pagado,Yape
P10934,2025-06-04,6,C105,Restaurante El Ahorro 105,Restaurante,Arequipa,Sur,Tienda,Jorge Huamán,HAR-05,Sémola 500 g,Harinas y pastas,Molinos Valle Verde SA,10,4.1,0.03,39.77,28.7,11.07,Pagado,Yape
P10934,2025-06-04,6,C105,Restaurante El Ahorro 105,Restaurante,Arequipa,Sur,Tienda,Jorge Huamán,CAF-04,Chocolate para taza 180 g,Café y cacao,Café Selva Central SAC,9,9.9,0,89.1,55.26,33.84,Pagado,Tarjeta
P10977,2025-06-04,6,C037,Bodega El Trébol 037,Bodega,Lima,Lima,Tienda,Ana Quispe,HAR-05,Sémola 500 g,Harinas y pastas,Molinos Valle Verde SA,7,4.1,0.05,27.26,20.09,7.17,Pagado,Efectivo
P10995,2025-06-04,6,C080,Restaurante El Ahorro 080,Restaurante,Trujillo,Norte,Online,María Torres,BEB-03,Néctar de durazno 1 L x 6,Bebidas,Bebidas Norte Pacífico SAC,8,27.0,0,216.0,138.24,77.76,Pagado,Yape
P11008,2025-06-04,6,C093,Empresa Pachamama 093,Empresa,Piura,Norte,Online,María Torres,SNA-04,Maní salado 200 g x 12,Snacks,Snacks Costa Azul EIRL,8,30.0,0.05,228.0,148.8,79.2,Vencido,Plin
P11008,2025-06-04,6,C093,Empresa Pachamama 093,Empresa,Piura,Norte,Online,María Torres,GRA-01,Quinua blanca 1 kg,Granos andinos,Agroandina del Sur SAC,12,14.5,0.05,165.3,114.84,50.46,Pagado,Plin
P11012,2025-06-04,6,C132,Restaurante Nueva Era 132,Restaurante,Huánuco,Centro,Tienda,Rosa Ccori,HAR-03,Fideo tallarín 1 kg,Harinas y pastas,Molinos Valle Verde SA,11,7.2,0,79.2,56.98,22.22,Pagado,Transferencia
P11107,2025-06-04,6,C048,Cafetería Inti 048,Cafetería,Lima,Lima,Online,Rodrigo Salas,BEB-02,Gaseosa 3 L x 4,Bebidas,Bebidas Norte Pacífico SAC,5,32.0,0.178,131.52,108.8,22.72,Pagado,Efectivo
P11107,2025-06-04,6,C048,Cafetería Inti 048,Cafetería,Lima,Lima,Online,Rodrigo Salas,HAR-02,Fideo spaghetti 500 g,Harinas y pastas,Molinos Valle Verde SA,4,3.9,0.152,13.23,11.08,2.15,Pagado,Tarjeta
P11107,2025-06-04,6,C048,Cafetería Inti 048,Cafetería,Lima,Lima,Online,Rodrigo Salas,CAF-05,Café instantáneo 200 g,Café y cacao,Café Selva Central SAC,5,21.0,0.175,86.62,66.15,20.47,Pagado,Yape
P11120,2025-06-04,6,C005,Minimarket Inti 005,Minimarket,Lima,Lima,Tienda,Rodrigo Salas,BEB-04,Bebida rehidratante 500 ml x 12,Bebidas,Bebidas Norte Pacífico SAC,7,33.0,0.129,201.2,145.53,55.67,Pagado,Transferencia
P11120,2025-06-04,6,C005,Minimarket Inti 005,Minimarket,Lima,Lima,Tienda,Rodrigo Salas,HAR-03,Fideo tallarín 1 kg,Harinas y pastas,Molinos Valle Verde SA,8,7.2,0.178,47.35,41.44,5.91,Pagado,Transferencia
P11120,2025-06-04,6,C005,Minimarket Inti 005,Minimarket,Lima,Lima,Tienda,Rodrigo Salas,GRA-02,Kiwicha pop 300 g,Granos andinos,Agroandina del Sur SAC,5,8.9,0.114,39.43,27.15,12.28,Pagado,Plin
P10966,2025-06-05,6,C020,Bodega Santa Rosa 020,Bodega,Lima,Lima,Tienda,Ana Quispe,HAR-04,Harina preparada 1 kg,Harinas y pastas,Molinos Valle Verde SA,2,6.3,0.03,12.22,9.2,3.02,Pagado,Yape
P10966,2025-06-05,6,C020,Bodega Santa Rosa 020,Bodega,Lima,Lima,Tienda,Ana Quispe,BEB-01,Agua mineral 625 ml x 15,Bebidas,Bebidas Norte Pacífico SAC,2,18.0,0,36.0,22.32,13.68,Pagado,Yape
P10966,2025-06-05,6,C020,Bodega Santa Rosa 020,Bodega,Lima,Lima,Tienda,Ana Quispe,BEB-01,Agua mineral 625 ml x 15,Bebidas,Bebidas Norte Pacífico SAC,5,18.0,0.03,87.3,55.8,31.5,Pagado,Efectivo
P10987,2025-06-05,6,C015,Bodega Pachamama 015,Bodega,Lima,Lima,Tienda,Rodrigo Salas,GRA-01,Quinua blanca 1 kg,Granos andinos,Agroandina del Sur SAC,11,14.5,0.173,131.91,105.27,26.64,Pagado,Yape
P10987,2025-06-05,6,C015,Bodega Pachamama 015,Bodega,Lima,Lima,Tienda,Rodrigo Salas,BEB-03,Néctar de durazno 1 L x 6,Bebidas,Bebidas Norte Pacífico SAC,8,27.0,0.152,183.17,138.24,44.93,Pagado,Yape
P10987,2025-06-05,6,C015,Bodega Pachamama 015,Bodega,Lima,Lima,Tienda,Rodrigo Salas,CAF-03,Cacao en polvo 250 g,Café y cacao,Café Selva Central SAC,8,12.5,0.11,89.0,60.0,29.0,Pagado,Transferencia
P11054,2025-06-05,6,C120,Restaurante Virgen de Fátima 120,Restaurante,Cusco,Sur,WhatsApp,Jorge Huamán,BEB-03,Néctar de durazno 1 L x 6,Bebidas,Bebidas Norte Pacífico SAC,4,27.0,0,108.0,69.12,38.88,Pagado,Yape
P11055,2025-06-05,6,C020,Bodega Santa Rosa 020,Bodega,Lima,Lima,WhatsApp,Luis Paredes,GRA-04,Chía 500 g,Granos andinos,Agroandina del Sur SAC,12,13.0,0.02,152.88,99.84,53.04,Pagado,Plin
P11055,2025-06-05,6,C020,Bodega Santa Rosa 020,Bodega,Lima,Lima,WhatsApp,Luis Paredes,LIM-03,Lavavajilla 900 g,Limpieza,Limpieza Total Perú SAC,7,8.2,0,57.4,36.75,20.65,Pagado,Transferencia
P11075,2025-06-05,6,C109,Bodega Los Andes 109,Bodega,Tacna,Sur,Tienda,Jorge Huamán,BEB-02,Gaseosa 3 L x 4,Bebidas,Bebidas Norte Pacífico SAC,8,32.0,0.05,243.2,174.08,69.12,Pagado,Efectivo
P11075,2025-06-05,6,C109,Bodega Los Andes 109,Bodega,Tacna,Sur,Tienda,Jorge Huamán,SNA-04,Maní salado 200 g x 12,Snacks,Snacks Costa Azul EIRL,10,30.0,0.05,285.0,186.0,99.0,Pagado,Plin
P11075,2025-06-05,6,C109,Bodega Los Andes 109,Bodega,Tacna,Sur,Tienda,Jorge Huamán,LIM-01,Detergente 2 kg,Limpieza,Limpieza Total Perú SAC,3,19.5,0.02,57.33,40.35,16.98,Pagado,Transferencia
P11126,2025-06-05,6,C106,Cafetería El Progreso 106,Cafetería,Cusco,Sur,Tienda,Jorge Huamán,LIM-03,Lavavajilla 900 g,Limpieza,Limpieza Total Perú SAC,2,8.2,0,16.4,10.5,5.9,Pagado,Efectivo
P10954,2025-06-06,6,C053,Minimarket Don Lucho 053,Minimarket,Lima,Lima,Tienda,Luis Paredes,LIM-03,Lavavajilla 900 g,Limpieza,Limpieza Total Perú SAC,10,8.2,0.05,77.9,52.5,25.4,Pagado,Yape
P10956,2025-06-06,6,C103,Mayorista Nueva Era 103,Mayorista,Tacna,Sur,Mayorista,Jorge Huamán,CAF-05,Café instantáneo 200 g,Café y cacao,Café Selva Central SAC,16,21.0,0.08,309.12,211.68,97.44,Pagado,Transferencia
P10956,2025-06-06,6,C103,Mayorista Nueva Era 103,Mayorista,Tacna,Sur,Mayorista,Jorge Huamán,BEB-02,Gaseosa 3 L x 4,Bebidas,Bebidas Norte Pacífico SAC,40,32.0,0.08,1177.6,870.4,307.2,Pagado,Transferencia
P10959,2025-06-06,6,C094,Bodega Santa Rosa 094,Bodega,Trujillo,Norte,Tienda,María Torres,GRA-04,Chía 500 g,Granos andinos,Agroandina del Sur SAC,9,13.0,0,117.0,74.88,42.12,Pagado,Yape
P10959,2025-06-06,6,C094,Bodega Santa Rosa 094,Bodega,Trujillo,Norte,Tienda,María Torres,LIM-02,Lejía 4 L,Limpieza,Limpieza Total Perú SAC,10,9.8,0.02,96.04,64.7,31.34,Pagado,Transferencia
P10965,2025-06-06,6,C096,Cafetería La Familia 096,Cafetería,Piura,Norte,WhatsApp,María Torres,CAF-05,Café instantáneo 200 g,Café y cacao,Café Selva Central SAC,9,21.0,0,189.0,119.07,69.93,Pagado,Efectivo
P10967,2025-06-06,6,C032,Restaurante Santa Rosa 032,Restaurante,Lima,Lima,Tienda,Ana Quispe,SNA-03,Galletas de avena x 24,Snacks,Snacks Costa Azul EIRL,10,22.0,0.02,215.6,143.0,72.6,Pagado,Transferencia
P10981,2025-06-06,6,C070,Minimarket El Ahorro 070,Minimarket,Lima,Lima,WhatsApp,Ana Quispe,CAF-01,Café tostado molido 500 g,Café y cacao,Café Selva Central SAC,7,24.0,0,168.0,97.44,70.56,Pagado,Yape
P10998,2025-06-06,6,C033,Minimarket Primavera 033,Minimarket,Lima,Lima,Online,Ana Quispe,CAF-02,Café en grano 1 kg,Café y cacao,Café Selva Central SAC,3,46.0,0.03,133.86,78.66,55.2,Pagado,Plin
P10998,2025-06-06,6,C033,Minimarket Primavera 033,Minimarket,Lima,Lima,Online,Ana Quispe,GRA-03,Maca en polvo 250 g,Granos andinos,Agroandina del Sur SAC,10,17.0,0.02,166.6,93.5,73.1,Pagado,Transferencia
P10998,2025-06-06,6,C033,Minimarket Primavera 033,Minimarket,Lima,Lima,Online,Ana Quispe,GRA-04,Chía 500 g,Granos andinos,Agroandina del Sur SAC,2,13.0,0,26.0,16.64,9.36,Pagado,Transferencia
P11023,2025-06-06,6,C103,Mayorista Nueva Era 103,Mayorista,Tacna,Sur,Mayorista,Jorge Huamán,CAF-01,Café tostado molido 500 g,Café y cacao,Café Selva Central SAC,44,24.0,0.08,971.52,612.48,359.04,Pagado,Transferencia
P11023,2025-06-06,6,C103,Mayorista Nueva Era 103,Mayorista,Tacna,Sur,Mayorista,Jorge Huamán,BEB-05,Té helado 500 ml x 12,Bebidas,Bebidas Norte Pacífico SAC,28,29.0,0.08,747.04,495.32,251.72,Vencido,Transferencia
P11109,2025-06-06,6,C135,Cafetería La Esperanza 135,Cafetería,Huancayo,Centro,Tienda,Rosa Ccori,GRA-02,Kiwicha pop 300 g,Granos andinos,Agroandina del Sur SAC,6,8.9,0.03,51.8,32.58,19.22,Pagado,Tarjeta
P11109,2025-06-06,6,C135,Cafetería La Esperanza 135,Cafetería,Huancayo,Centro,Tienda,Rosa Ccori,SNA-03,Galletas de avena x 24,Snacks,Snacks Costa Azul EIRL,4,22.0,0,88.0,57.2,30.8,Vencido,Transferencia
P11115,2025-06-06,6,C030,Cafetería San Martín 030,Cafetería,Lima,Lima,WhatsApp,Ana Quispe,HAR-03,Fideo tallarín 1 kg,Harinas y pastas,Molinos Valle Verde SA,6,7.2,0.03,41.9,31.08,10.82,Pagado,Yape
P11117,2025-06-06,6,C140,Minimarket San Pedro 140,Minimarket,Huancayo,Centro,Tienda,Rosa Ccori,SNA-05,Camote frito 120 g x 10,Snacks,Snacks Costa Azul EIRL,3,31.0,0.03,90.21,54.87,35.34,Pagado,Transferencia
P11117,2025-06-06,6,C140,Minimarket San Pedro 140,Minimarket,Huancayo,Centro,Tienda,Rosa Ccori,LIM-05,Jabón de tocador x 3,Limpieza,Limpieza Total Perú SAC,5,6.5,0.03,31.52,21.8,9.72,Pagado,Efectivo
P11117,2025-06-06,6,C140,Minimarket San Pedro 140,Minimarket,Huancayo,Centro,Tienda,Rosa Ccori,GRA-04,Chía 500 g,Granos andinos,Agroandina del Sur SAC,5,13.0,0,65.0,41.6,23.4,Pagado,Tarjeta
P11127,2025-06-06,6,C083,Bodega Mi Perú 083,Bodega,Piura,Norte,Tienda,María Torres,HAR-01,Harina sin preparar 1 kg,Harinas y pastas,Molinos Valle Verde SA,5,5.4,0.05,25.65,20.0,5.65,Pagado,Plin
P11019,2025-06-07,6,C032,Restaurante Santa Rosa 032,Restaurante,Lima,Lima,Tienda,Luis Paredes,LIM-02,Lejía 4 L,Limpieza,Limpieza Total Perú SAC,7,9.8,0,68.6,45.29,23.31,Pagado,Plin
P11045,2025-06-07,6,C106,Cafetería El Progreso 106,Cafetería,Cusco,Sur,Tienda,Jorge Huamán,BEB-02,Gaseosa 3 L x 4,Bebidas,Bebidas Norte Pacífico SAC,4,32.0,0,128.0,87.04,40.96,Pagado,Tarjeta
P11045,2025-06-07,6,C106,Cafetería El Progreso 106,Cafetería,Cusco,Sur,Tienda,Jorge Huamán,SNA-01,Papas nativas 120 g x 10,Snacks,Snacks Costa Azul EIRL,7,35.0,0,245.0,147.0,98.0,Pagado,Transferencia
P11048,2025-06-07,6,C128,Empresa Primavera 128,Empresa,Huancayo,Centro,Tienda,Rosa Ccori,BEB-03,Néctar de durazno 1 L x 6,Bebidas,Bebidas Norte Pacífico SAC,3,27.0,0,81.0,51.84,29.16,Pagado,Tarjeta
P11072,2025-06-07,6,C087,Restaurante El Ahorro 087,Restaurante,Trujillo,Norte,WhatsApp,María Torres,CAF-05,Café instantáneo 200 g,Café y cacao,Café Selva Central SAC,3,21.0,0.02,61.74,39.69,22.05,Pagado,Transferencia
P11072,2025-06-07,6,C087,Restaurante El Ahorro 087,Restaurante,Trujillo,Norte,WhatsApp,María Torres,GRA-01,Quinua blanca 1 kg,Granos andinos,Agroandina del Sur SAC,4,14.5,0.03,56.26,38.28,17.98,Pagado,Efectivo
P11072,2025-06-07,6,C087,Restaurante El Ahorro 087,Restaurante,Trujillo,Norte,WhatsApp,María Torres,SNA-04,Maní salado 200 g x 12,Snacks,Snacks Costa Azul EIRL,4,30.0,0,120.0,74.4,45.6,Pagado,Transferencia
P11078,2025-06-07,6,C014,Minimarket San Pedro 014,Minimarket,Lima,Lima,Tienda,Luis Paredes,HAR-04,Harina preparada 1 kg,Harinas y pastas,Molinos Valle Verde SA,9,6.3,0.05,53.86,41.4,12.46,Pagado,Transferencia
P11078,2025-06-07,6,C014,Minimarket San Pedro 014,Minimarket,Lima,Lima,Tienda,Luis Paredes,SNA-03,Galletas de avena x 24,Snacks,Snacks Costa Azul EIRL,8,22.0,0.03,170.72,114.4,56.32,Pagado,Transferencia
P11116,2025-06-07,6,C023,Bodega El Sol 023,Bodega,Lima,Lima,WhatsApp,Rodrigo Salas,BEB-02,Gaseosa 3 L x 4,Bebidas,Bebidas Norte Pacífico SAC,3,32.0,0.128,83.71,65.28,18.43,Pagado,Yape
P10931,2025-06-08,6,C083,Bodega Mi Perú 083,Bodega,Piura,Norte,Tienda,María Torres,SNA-04,Maní salado 200 g x 12,Snacks,Snacks Costa Azul EIRL,6,30.0,0.03,174.6,111.6,63.0,Pagado,Yape
P10958,2025-06-08,6,C019,Bodega Don Lucho 019,Bodega,Lima,Lima,Tienda,Ana Quispe,SNA-01,Papas nativas 120 g x 10,Snacks,Snacks Costa Azul EIRL,5,35.0,0.03,169.75,105.0,64.75,Pagado,Transferencia
P10958,2025-06-08,6,C019,Bodega Don Lucho 019,Bodega,Lima,Lima,Tienda,Ana Quispe,LIM-04,Desinfectante 1.8 L,Limpieza,Limpieza Total Perú SAC,9,11.9,0.02,104.96,67.5,37.46,Pagado,Tarjeta
P10958,2025-06-08,6,C019,Bodega Don Lucho 019,Bodega,Lima,Lima,Tienda,Ana Quispe,GRA-03,Maca en polvo 250 g,Granos andinos,Agroandina del Sur SAC,5,17.0,0.05,80.75,46.75,34.0,Pagado,Yape
P10976,2025-06-08,6,C056,Minimarket La Esperanza 056,Minimarket,Lima,Lima,Tienda,Luis Paredes,LIM-03,Lavavajilla 900 g,Limpieza,Limpieza Total Perú SAC,4,8.2,0.02,32.14,21.0,11.14,Pagado,Transferencia
P11029,2025-06-08,6,C118,Bodega El Sol 118,Bodega,Cusco,Sur,Tienda,Jorge Huamán,SNA-01,Papas nativas 120 g x 10,Snacks,Snacks Costa Azul EIRL,7,35.0,0,245.0,147.0,98.0,Pagado,Yape
P11063,2025-06-08,6,C061,Empresa Inti 061,Empresa,Lima,Lima,Online,Rodrigo Salas,BEB-04,Bebida rehidratante 500 ml x 12,Bebidas,Bebidas Norte Pacífico SAC,2,33.0,0.179,54.19,41.58,12.61,Pagado,Transferencia
P11090,2025-06-08,6,C128,Empresa Primavera 128,Empresa,Huancayo,Centro,Tienda,Rosa Ccori,HAR-02,Fideo spaghetti 500 g,Harinas y pastas,Molinos Valle Verde SA,8,3.9,0,31.2,22.16,9.04,Pagado,Yape
P11090,2025-06-08,6,C128,Empresa Primavera 128,Empresa,Huancayo,Centro,Tienda,Rosa Ccori,GRA-02,Kiwicha pop 300 g,Granos andinos,Agroandina del Sur SAC,7,8.9,0.05,59.19,38.01,21.18,Pagado,Efectivo
P11090,2025-06-08,6,C128,Empresa Primavera 128,Empresa,Huancayo,Centro,Tienda,Rosa Ccori,GRA-03,Maca en polvo 250 g,Granos andinos,Agroandina del Sur SAC,12,17.0,0.05,193.8,112.2,81.6,Pagado,Yape
P11100,2025-06-08,6,C082,Bodega Mi Perú 082,Bodega,Piura,Norte,Tienda,María Torres,LIM-03,Lavavajilla 900 g,Limpieza,Limpieza Total Perú SAC,9,8.2,0.02,72.32,47.25,25.07,Pagado,Yape
P11100,2025-06-08,6,C082,Bodega Mi Perú 082,Bodega,Piura,Norte,Tienda,María Torres,BEB-01,Agua mineral 625 ml x 15,Bebidas,Bebidas Norte Pacífico SAC,5,18.0,0,90.0,55.8,34.2,Pagado,Plin
P11131,2025-06-08,6,C105,Restaurante El Ahorro 105,Restaurante,Arequipa,Sur,Tienda,Jorge Huamán,HAR-03,Fideo tallarín 1 kg,Harinas y pastas,Molinos Valle Verde SA,10,7.2,0,72.0,51.8,20.2,Pagado,Plin
P11131,2025-06-08,6,C105,Restaurante El Ahorro 105,Restaurante,Arequipa,Sur,Tienda,Jorge Huamán,CAF-05,Café instantáneo 200 g,Café y cacao,Café Selva Central SAC,9,21.0,0.05,179.55,119.07,60.48,Pagado,Transferencia
P10942,2025-06-09,6,C107,Minimarket Mi Perú 107,Minimarket,Cusco,Sur,Tienda,Jorge Huamán,LIM-05,Jabón de tocador x 3,Limpieza,Limpieza Total Perú SAC,3,6.5,0,19.5,13.08,6.42,Pagado,Yape
P10952,2025-06-09,6,C096,Cafetería La Familia 096,Cafetería,Piura,Norte,Tienda,María Torres,SNA-04,Maní salado 200 g x 12,Snacks,Snacks Costa Azul EIRL,8,30.0,0,240.0,148.8,91.2,Pagado,Transferencia
P11041,2025-06-09,6,C128,Empresa Primavera 128,Empresa,Huancayo,Centro,Tienda,Rosa Ccori,GRA-01,Quinua blanca 1 kg,Granos andinos,Agroandina del Sur SAC,4,14.5,0.05,55.1,38.28,16.82,Pagado,Efectivo
P11050,2025-06-09,6,C140,Minimarket San Pedro 140,Minimarket,Huancayo,Centro,Tienda,Rosa Ccori,GRA-05,Avena con quinua 900 g,Granos andinos,Agroandina del Sur SAC,11,11.5,0,126.5,84.81,41.69,Pagado,Tarjeta
P11050,2025-06-09,6,C140,Minimarket San Pedro 140,Minimarket,Huancayo,Centro,Tienda,Rosa Ccori,BEB-04,Bebida rehidratante 500 ml x 12,Bebidas,Bebidas Norte Pacífico SAC,11,33.0,0,363.0,228.69,134.31,Pagado,Tarjeta
P11050,2025-06-09,6,C140,Minimarket San Pedro 140,Minimarket,Huancayo,Centro,Tienda,Rosa Ccori,SNA-04,Maní salado 200 g x 12,Snacks,Snacks Costa Azul EIRL,11,30.0,0.03,320.1,204.6,115.5,Pagado,Yape
P11071,2025-06-09,6,C051,Empresa San Martín 051,Empresa,Lima,Lima,Tienda,Ana Quispe,LIM-01,Detergente 2 kg,Limpieza,Limpieza Total Perú SAC,6,19.5,0.05,111.15,80.7,30.45,Pagado,Efectivo
P11079,2025-06-09,6,C102,Mayorista El Progreso 102,Mayorista,Tacna,Sur,Mayorista,Jorge Huamán,HAR-01,Harina sin preparar 1 kg,Harinas y pastas,Molinos Valle Verde SA,40,5.4,0.08,198.72,160.0,38.72,Pagado,Transferencia
P11083,2025-06-09,6,C140,Minimarket San Pedro 140,Minimarket,Huancayo,Centro,Online,Rosa Ccori,HAR-05,Sémola 500 g,Harinas y pastas,Molinos Valle Verde SA,2,4.1,0.05,7.79,5.74,2.05,Pagado,Yape
P11084,2025-06-09,6,C098,Empresa Pachamama 098,Empresa,Trujillo,Norte,Tienda,María Torres,SNA-02,Chifles 150 g x 10,Snacks,Snacks Costa Azul EIRL,9,28.0,0.05,239.4,146.16,93.24,Pagado,Plin
P10948,2025-06-10,6,C095,Bodega La Familia 095,Bodega,Piura,Norte,Tienda,María Torres,LIM-05,Jabón de tocador x 3,Limpieza,Limpieza Total Perú SAC,7,6.5,0.05,43.23,30.52,12.71,Pagado,Efectivo
P10948,2025-06-10,6,C095,Bodega La Familia 095,Bodega,Piura,Norte,Tienda,María Torres,BEB-01,Agua mineral 625 ml x 15,Bebidas,Bebidas Norte Pacífico SAC,8,18.0,0.03,139.68,89.28,50.4,Pagado,Yape
P10948,2025-06-10,6,C095,Bodega La Familia 095,Bodega,Piura,Norte,Tienda,María Torres,SNA-03,Galletas de avena x 24,Snacks,Snacks Costa Azul EIRL,5,22.0,0,110.0,71.5,38.5,Pagado,Efectivo
P10957,2025-06-10,6,C103,Mayorista Nueva Era 103,Mayorista,Tacna,Sur,Mayorista,Jorge Huamán,CAF-04,Chocolate para taza 180 g,Café y cacao,Café Selva Central SAC,20,9.9,0.08,182.16,122.8,59.36,Pagado,Transferencia
P11011,2025-06-10,6,C095,Bodega La Familia 095,Bodega,Piura,Norte,Tienda,María Torres,GRA-02,Kiwicha pop 300 g,Granos andinos,Agroandina del Sur SAC,3,8.9,0.03,25.9,16.29,9.61,Pagado,Transferencia
P11016,2025-06-10,6,C094,Bodega Santa Rosa 094,Bodega,Trujillo,Norte,Tienda,María Torres,SNA-03,Galletas de avena x 24,Snacks,Snacks Costa Azul EIRL,12,22.0,0,264.0,171.6,92.4,Pagado,Yape
P11030,2025-06-10,6,C108,Bodega El Sol 108,Bodega,Tacna,Sur,Tienda,Jorge Huamán,CAF-04,Chocolate para taza 180 g,Café y cacao,Café Selva Central SAC,12,9.9,0.05,112.86,73.68,39.18,Pagado,Plin
P11030,2025-06-10,6,C108,Bodega El Sol 108,Bodega,Tacna,Sur,Tienda,Jorge Huamán,HAR-03,Fideo tallarín 1 kg,Harinas y pastas,Molinos Valle Verde SA,7,7.2,0,50.4,36.26,14.14,Pagado,Yape
P11058,2025-06-10,6,C130,Restaurante San Pedro 130,Restaurante,Huancayo,Centro,Tienda,Rosa Ccori,BEB-03,Néctar de durazno 1 L x 6,Bebidas,Bebidas Norte Pacífico SAC,12,27.0,0,324.0,207.36,116.64,Pagado,Plin
P11058,2025-06-10,6,C130,Restaurante San Pedro 130,Restaurante,Huancayo,Centro,Tienda,Rosa Ccori,GRA-02,Kiwicha pop 300 g,Granos andinos,Agroandina del Sur SAC,9,8.9,0.03,77.7,48.87,28.83,Vencido,Plin
P11098,2025-06-10,6,C082,Bodega Mi Perú 082,Bodega,Piura,Norte,Tienda,María Torres,GRA-02,Kiwicha pop 300 g,Granos andinos,Agroandina del Sur SAC,2,8.9,0.02,17.44,10.86,6.58,Pagado,Yape
P11098,2025-06-10,6,C082,Bodega Mi Perú 082,Bodega,Piura,Norte,Tienda,María Torres,LIM-05,Jabón de tocador x 3,Limpieza,Limpieza Total Perú SAC,8,6.5,0,52.0,34.88,17.12,Pagado,Tarjeta
P11134,2025-06-10,6,C094,Bodega Santa Rosa 094,Bodega,Trujillo,Norte,Tienda,María Torres,HAR-03,Fideo tallarín 1 kg,Harinas y pastas,Molinos Valle Verde SA,12,7.2,0.02,84.67,62.16,22.51,Pagado,Tarjeta
P11134,2025-06-10,6,C094,Bodega Santa Rosa 094,Bodega,Trujillo,Norte,Tienda,María Torres,LIM-04,Desinfectante 1.8 L,Limpieza,Limpieza Total Perú SAC,9,11.9,0,107.1,67.5,39.6,Pagado,Plin
P10933,2025-06-11,6,C047,Restaurante Primavera 047,Restaurante,Lima,Lima,Tienda,Luis Paredes,GRA-05,Avena con quinua 900 g,Granos andinos,Agroandina del Sur SAC,4,11.5,0.05,43.7,30.84,12.86,Pagado,Efectivo
P10933,2025-06-11,6,C047,Restaurante Primavera 047,Restaurante,Lima,Lima,Tienda,Luis Paredes,BEB-05,Té helado 500 ml x 12,Bebidas,Bebidas Norte Pacífico SAC,5,29.0,0.02,142.1,88.45,53.65,Pagado,Transferencia
P10990,2025-06-11,6,C025,Minimarket Don Lucho 025,Minimarket,Lima,Lima,Tienda,Ana Quispe,HAR-05,Sémola 500 g,Harinas y pastas,Molinos Valle Verde SA,9,4.1,0.05,35.05,25.83,9.22,Pagado,Transferencia
P10990,2025-06-11,6,C025,Minimarket Don Lucho 025,Minimarket,Lima,Lima,Tienda,Ana Quispe,HAR-04,Harina preparada 1 kg,Harinas y pastas,Molinos Valle Verde SA,8,6.3,0,50.4,36.8,13.6,Vencido,Tarjeta
P11099,2025-06-11,6,C140,Minimarket San Pedro 140,Minimarket,Huancayo,Centro,WhatsApp,Rosa Ccori,BEB-01,Agua mineral 625 ml x 15,Bebidas,Bebidas Norte Pacífico SAC,5,18.0,0,90.0,55.8,34.2,Pagado,Yape
P11103,2025-06-11,6,C014,Minimarket San Pedro 014,Minimarket,Lima,Lima,Tienda,Ana Quispe,HAR-05,Sémola 500 g,Harinas y pastas,Molinos Valle Verde SA,11,4.1,0.02,44.2,31.57,12.63,Pagado,Transferencia
P11103,2025-06-11,6,C014,Minimarket San Pedro 014,Minimarket,Lima,Lima,Tienda,Ana Quispe,LIM-03,Lavavajilla 900 g,Limpieza,Limpieza Total Perú SAC,5,8.2,0.03,39.77,26.25,13.52,Pagado,Yape
P11108,2025-06-11,6,C042,Bodega La Familia 042,Bodega,Lima,Lima,WhatsApp,Rodrigo Salas,LIM-01,Detergente 2 kg,Limpieza,Limpieza Total Perú SAC,9,19.5,0.142,150.58,121.05,29.53,Pagado,Efectivo
P11108,2025-06-11,6,C042,Bodega La Familia 042,Bodega,Lima,Lima,WhatsApp,Rodrigo Salas,BEB-04,Bebida rehidratante 500 ml x 12,Bebidas,Bebidas Norte Pacífico SAC,11,33.0,0.102,325.97,228.69,97.28,Pagado,Yape
P11108,2025-06-11,6,C042,Bodega La Familia 042,Bodega,Lima,Lima,WhatsApp,Rodrigo Salas,GRA-03,Maca en polvo 250 g,Granos andinos,Agroandina del Sur SAC,11,17.0,0.158,157.45,102.85,54.6,Pagado,Transferencia
P10993,2025-06-12,6,C082,Bodega Mi Perú 082,Bodega,Piura,Norte,Tienda,María Torres,BEB-04,Bebida rehidratante 500 ml x 12,Bebidas,Bebidas Norte Pacífico SAC,9,33.0,0,297.0,187.11,109.89,Pagado,Efectivo
P10996,2025-06-12,6,C080,Restaurante El Ahorro 080,Restaurante,Trujillo,Norte,Tienda,María Torres,BEB-05,Té helado 500 ml x 12,Bebidas,Bebidas Norte Pacífico SAC,8,29.0,0,232.0,141.52,90.48,Pagado,Yape
P10997,2025-06-12,6,C130,Restaurante San Pedro 130,Restaurante,Huancayo,Centro,Tienda,Rosa Ccori,SNA-01,Papas nativas 120 g x 10,Snacks,Snacks Costa Azul EIRL,3,35.0,0.02,102.9,63.0,39.9,Vencido,Tarjeta
P10997,2025-06-12,6,C130,Restaurante San Pedro 130,Restaurante,Huancayo,Centro,Tienda,Rosa Ccori,GRA-02,Kiwicha pop 300 g,Granos andinos,Agroandina del Sur SAC,9,8.9,0,80.1,48.87,31.23,Pagado,Tarjeta
P11101,2025-06-12,6,C017,Minimarket El Progreso 017,Minimarket,Lima,Lima,Tienda,Luis Paredes,BEB-01,Agua mineral 625 ml x 15,Bebidas,Bebidas Norte Pacífico SAC,9,18.0,0.05,153.9,100.44,53.46,Pagado,Transferencia
P11105,2025-06-12,6,C065,Bodega Virgen de Fátima 065,Bodega,Lima,Lima,Tienda,Rodrigo Salas,BEB-03,Néctar de durazno 1 L x 6,Bebidas,Bebidas Norte Pacífico SAC,10,27.0,0.116,238.68,172.8,65.88,Pagado,Yape
P11105,2025-06-12,6,C065,Bodega Virgen de Fátima 065,Bodega,Lima,Lima,Tienda,Rodrigo Salas,HAR-05,Sémola 500 g,Harinas y pastas,Molinos Valle Verde SA,3,4.1,0.162,10.31,8.61,1.7,Pagado,Efectivo
P10973,2025-06-13,6,C114,Restaurante San Martín 114,Restaurante,Tacna,Sur,Tienda,Jorge Huamán,LIM-01,Detergente 2 kg,Limpieza,Limpieza Total Perú SAC,10,19.5,0,195.0,134.5,60.5,Pagado,Efectivo
P10973,2025-06-13,6,C114,Restaurante San Martín 114,Restaurante,Tacna,Sur,Tienda,Jorge Huamán,GRA-05,Avena con quinua 900 g,Granos andinos,Agroandina del Sur SAC,9,11.5,0.02,101.43,69.39,32.04,Pagado,Tarjeta
P10973,2025-06-13,6,C114,Restaurante San Martín 114,Restaurante,Tacna,Sur,Tienda,Jorge Huamán,SNA-04,Maní salado 200 g x 12,Snacks,Snacks Costa Azul EIRL,12,30.0,0,360.0,223.2,136.8,Pagado,Efectivo
P10991,2025-06-13,6,C095,Bodega La Familia 095,Bodega,Piura,Norte,Tienda,María Torres,LIM-04,Desinfectante 1.8 L,Limpieza,Limpieza Total Perú SAC,2,11.9,0.05,22.61,15.0,7.61,Pagado,Yape
P10991,2025-06-13,6,C095,Bodega La Familia 095,Bodega,Piura,Norte,Tienda,María Torres,BEB-04,Bebida rehidratante 500 ml x 12,Bebidas,Bebidas Norte Pacífico SAC,11,33.0,0.02,355.74,228.69,127.05,Pagado,Efectivo
P11038,2025-06-13,6,C014,Minimarket San Pedro 014,Minimarket,Lima,Lima,Tienda,Ana Quispe,BEB-03,Néctar de durazno 1 L x 6,Bebidas,Bebidas Norte Pacífico SAC,7,27.0,0,189.0,120.96,68.04,Pagado,Efectivo
P11038,2025-06-13,6,C014,Minimarket San Pedro 014,Minimarket,Lima,Lima,Tienda,Ana Quispe,CAF-03,Cacao en polvo 250 g,Café y cacao,Café Selva Central SAC,10,12.5,0,125.0,75.0,50.0,Pagado,Yape
P11038,2025-06-13,6,C014,Minimarket San Pedro 014,Minimarket,Lima,Lima,Tienda,Ana Quispe,BEB-03,Néctar de durazno 1 L x 6,Bebidas,Bebidas Norte Pacífico SAC,12,27.0,0.03,314.28,207.36,106.92,Pagado,Tarjeta
P11077,2025-06-13,6,C094,Bodega Santa Rosa 094,Bodega,Trujillo,Norte,Tienda,María Torres,SNA-01,Papas nativas 120 g x 10,Snacks,Snacks Costa Azul EIRL,10,35.0,0,350.0,210.0,140.0,Pagado,Transferencia
P11077,2025-06-13,6,C094,Bodega Santa Rosa 094,Bodega,Trujillo,Norte,Tienda,María Torres,SNA-05,Camote frito 120 g x 10,Snacks,Snacks Costa Azul EIRL,8,31.0,0.02,243.04,146.32,96.72,Pagado,Plin
P11077,2025-06-13,6,C094,Bodega Santa Rosa 094,Bodega,Trujillo,Norte,Tienda,María Torres,LIM-04,Desinfectante 1.8 L,Limpieza,Limpieza Total Perú SAC,5,11.9,0,59.5,37.5,22.0,Pagado,Yape
P11104,2025-06-13,6,C039,Cafetería El Progreso 039,Cafetería,Lima,Lima,Tienda,Rodrigo Salas,CAF-05,Café instantáneo 200 g,Café y cacao,Café Selva Central SAC,2,21.0,0.143,35.99,26.46,9.53,Pagado,Transferencia
P11119,2025-06-13,6,C002,Bodega Pachamama 002,Bodega,Lima,Lima,Tienda,Rodrigo Salas,CAF-04,Chocolate para taza 180 g,Café y cacao,Café Selva Central SAC,3,9.9,0.178,24.41,18.42,5.99,Pagado,Transferencia
P10935,2025-06-14,6,C090,Minimarket La Esperanza 090,Minimarket,Piura,Norte,Tienda,María Torres,CAF-01,Café tostado molido 500 g,Café y cacao,Café Selva Central SAC,2,24.0,0,48.0,27.84,20.16,Pagado,Transferencia
P11015,2025-06-14,6,C063,Restaurante Don Lucho 063,Restaurante,Lima,Lima,Online,Ana Quispe,SNA-02,Chifles 150 g x 10,Snacks,Snacks Costa Azul EIRL,6,28.0,0.05,159.6,97.44,62.16,Pagado,Yape
P11015,2025-06-14,6,C063,Restaurante Don Lucho 063,Restaurante,Lima,Lima,Online,Ana Quispe,SNA-02,Chifles 150 g x 10,Snacks,Snacks Costa Azul EIRL,7,28.0,0,196.0,113.68,82.32,Pagado,Efectivo
P11022,2025-06-14,6,C055,Empresa Inti 055,Empresa,Lima,Lima,Tienda,Rodrigo Salas,CAF-02,Café en grano 1 kg,Café y cacao,Café Selva Central SAC,11,46.0,0.108,451.35,288.42,162.93,Pagado,Plin
P11034,2025-06-14,6,C073,Minimarket Don Lucho 073,Minimarket,Trujillo,Norte,Tienda,María Torres,HAR-03,Fideo tallarín 1 kg,Harinas y pastas,Molinos Valle Verde SA,5,7.2,0.05,34.2,25.9,8.3,Pagado,Plin
P11129,2025-06-14,6,C115,Empresa El Puerto 115,Empresa,Arequipa,Sur,Tienda,Jorge Huamán,BEB-03,Néctar de durazno 1 L x 6,Bebidas,Bebidas Norte Pacífico SAC,5,27.0,0,135.0,86.4,48.6,Pagado,Yape
P11129,2025-06-14,6,C115,Empresa El Puerto 115,Empresa,Arequipa,Sur,Tienda,Jorge Huamán,SNA-05,Camote frito 120 g x 10,Snacks,Snacks Costa Azul EIRL,10,31.0,0,310.0,182.9,127.1,Pagado,Efectivo
P11129,2025-06-14,6,C115,Empresa El Puerto 115,Empresa,Arequipa,Sur,Tienda,Jorge Huamán,HAR-03,Fideo tallarín 1 kg,Harinas y pastas,Molinos Valle Verde SA,10,7.2,0.02,70.56,51.8,18.76,Pagado,Transferencia
P10946,2025-06-15,6,C073,Minimarket Don Lucho 073,Minimarket,Trujillo,Norte,Tienda,María Torres,LIM-04,Desinfectante 1.8 L,Limpieza,Limpieza Total Perú SAC,6,11.9,0.02,69.97,45.0,24.97,Pagado,Yape
P10946,2025-06-15,6,C073,Minimarket Don Lucho 073,Minimarket,Trujillo,Norte,Tienda,María Torres,LIM-02,Lejía 4 L,Limpieza,Limpieza Total Perú SAC,5,9.8,0.02,48.02,32.35,15.67,Pagado,Yape
P10964,2025-06-15,6,C011,Mayorista Pachamama 011,Mayorista,Lima,Lima,Mayorista,Rodrigo Salas,LIM-03,Lavavajilla 900 g,Limpieza,Limpieza Total Perú SAC,20,8.2,0.148,139.73,105.0,34.73,Pagado,Transferencia
P10969,2025-06-15,6,C115,Empresa El Puerto 115,Empresa,Arequipa,Sur,Tienda,Jorge Huamán,GRA-03,Maca en polvo 250 g,Granos andinos,Agroandina del Sur SAC,2,17.0,0,34.0,18.7,15.3,Vencido,Yape
P10978,2025-06-15,6,C011,Mayorista Pachamama 011,Mayorista,Lima,Lima,Mayorista,Luis Paredes,LIM-02,Lejía 4 L,Limpieza,Limpieza Total Perú SAC,28,9.8,0.08,252.45,181.16,71.29,Pagado,Transferencia
P10985,2025-06-15,6,C077,Mayorista Inti 077,Mayorista,Trujillo,Norte,Mayorista,María Torres,SNA-02,Chifles 150 g x 10,Snacks,Snacks Costa Azul EIRL,36,28.0,0.08,927.36,584.64,342.72,Vencido,Transferencia
P10989,2025-06-15,6,C049,Restaurante San Pedro 049,Restaurante,Lima,Lima,Tienda,Luis Paredes,LIM-01,Detergente 2 kg,Limpieza,Limpieza Total Perú SAC,10,19.5,0,195.0,134.5,60.5,Pagado,Efectivo
P10989,2025-06-15,6,C049,Restaurante San Pedro 049,Restaurante,Lima,Lima,Tienda,Luis Paredes,CAF-05,Café instantáneo 200 g,Café y cacao,Café Selva Central SAC,9,21.0,0.02,185.22,119.07,66.15,Pagado,Yape
P11007,2025-06-15,6,C044,Bodega Inti 044,Bodega,Lima,Lima,Tienda,Luis Paredes,GRA-03,Maca en polvo 250 g,Granos andinos,Agroandina del Sur SAC,3,17.0,0,51.0,28.05,22.95,Pagado,Yape
P11007,2025-06-15,6,C044,Bodega Inti 044,Bodega,Lima,Lima,Tienda,Luis Paredes,GRA-01,Quinua blanca 1 kg,Granos andinos,Agroandina del Sur SAC,2,14.5,0,29.0,19.14,9.86,Pagado,Yape
P11025,2025-06-15,6,C112,Minimarket La Familia 112,Minimarket,Cusco,Sur,Online,Jorge Huamán,BEB-04,Bebida rehidratante 500 ml x 12,Bebidas,Bebidas Norte Pacífico SAC,7,33.0,0.05,219.45,145.53,73.92,Pagado,Efectivo
P11036,2025-06-15,6,C029,Minimarket Las Flores 029,Minimarket,Lima,Lima,Online,Ana Quispe,BEB-03,Néctar de durazno 1 L x 6,Bebidas,Bebidas Norte Pacífico SAC,7,27.0,0.02,185.22,120.96,64.26,Pagado,Plin
P11036,2025-06-15,6,C029,Minimarket Las Flores 029,Minimarket,Lima,Lima,Online,Ana Quispe,GRA-05,Avena con quinua 900 g,Granos andinos,Agroandina del Sur SAC,7,11.5,0.02,78.89,53.97,24.92,Pagado,Yape
P11036,2025-06-15,6,C029,Minimarket Las Flores 029,Minimarket,Lima,Lima,Online,Ana Quispe,BEB-01,Agua mineral 625 ml x 15,Bebidas,Bebidas Norte Pacífico SAC,10,18.0,0.03,174.6,111.6,63.0,Pagado,Yape
P11040,2025-06-15,6,C086,Restaurante Los Andes 086,Restaurante,Piura,Norte,Online,María Torres,GRA-02,Kiwicha pop 300 g,Granos andinos,Agroandina del Sur SAC,4,8.9,0.03,34.53,21.72,12.81,Pagado,Transferencia
P11040,2025-06-15,6,C086,Restaurante Los Andes 086,Restaurante,Piura,Norte,Online,María Torres,BEB-05,Té helado 500 ml x 12,Bebidas,Bebidas Norte Pacífico SAC,6,29.0,0.03,168.78,106.14,62.64,Pagado,Transferencia
P11044,2025-06-15,6,C128,Empresa Primavera 128,Empresa,Huancayo,Centro,Tienda,Rosa Ccori,SNA-05,Camote frito 120 g x 10,Snacks,Snacks Costa Azul EIRL,11,31.0,0,341.0,201.19,139.81,Pagado,Transferencia
P11044,2025-06-15,6,C128,Empresa Primavera 128,Empresa,Huancayo,Centro,Tienda,Rosa Ccori,BEB-05,Té helado 500 ml x 12,Bebidas,Bebidas Norte Pacífico SAC,11,29.0,0.02,312.62,194.59,118.03,Pagado,Efectivo
P11133,2025-06-15,6,C059,Bodega Santa Rosa 059,Bodega,Lima,Lima,Tienda,Luis Paredes,SNA-05,Camote frito 120 g x 10,Snacks,Snacks Costa Azul EIRL,2,31.0,0.02,60.76,36.58,24.18,Pagado,Transferencia
P11133,2025-06-15,6,C059,Bodega Santa Rosa 059,Bodega,Lima,Lima,Tienda,Luis Paredes,CAF-03,Cacao en polvo 250 g,Café y cacao,Café Selva Central SAC,11,12.5,0.03,133.38,82.5,50.88,Pagado,Yape
P11133,2025-06-15,6,C059,Bodega Santa Rosa 059,Bodega,Lima,Lima,Tienda,Luis Paredes,HAR-03,Fideo tallarín 1 kg,Harinas y pastas,Molinos Valle Verde SA,10,7.2,0.03,69.84,51.8,18.04,Pagado,Yape
P10983,2025-06-16,6,C087,Restaurante El Ahorro 087,Restaurante,Trujillo,Norte,Tienda,María Torres,BEB-05,Té helado 500 ml x 12,Bebidas,Bebidas Norte Pacífico SAC,8,29.0,0.03,225.04,141.52,83.52,Pagado,Yape
P11003,2025-06-16,6,C090,Minimarket La Esperanza 090,Minimarket,Piura,Norte,Tienda,María Torres,SNA-03,Galletas de avena x 24,Snacks,Snacks Costa Azul EIRL,4,22.0,0.02,86.24,57.2,29.04,Pagado,Efectivo
P11003,2025-06-16,6,C090,Minimarket La Esperanza 090,Minimarket,Piura,Norte,Tienda,María Torres,SNA-02,Chifles 150 g x 10,Snacks,Snacks Costa Azul EIRL,8,28.0,0.03,217.28,129.92,87.36,Pagado,Transferencia
P10937,2025-06-17,6,C040,Minimarket La Esperanza 040,Minimarket,Lima,Lima,Tienda,Rodrigo Salas,HAR-02,Fideo spaghetti 500 g,Harinas y pastas,Molinos Valle Verde SA,9,3.9,0.102,31.52,24.93,6.59,Pagado,Yape
P10937,2025-06-17,6,C040,Minimarket La Esperanza 040,Minimarket,Lima,Lima,Tienda,Rodrigo Salas,LIM-02,Lejía 4 L,Limpieza,Limpieza Total Perú SAC,6,9.8,0.158,49.51,38.82,10.69,Pagado,Tarjeta
P10938,2025-06-17,6,C008,Minimarket El Trébol 008,Minimarket,Lima,Lima,Tienda,Ana Quispe,LIM-02,Lejía 4 L,Limpieza,Limpieza Total Perú SAC,9,9.8,0.02,86.44,58.23,28.21,Pagado,Transferencia
P10938,2025-06-17,6,C008,Minimarket El Trébol 008,Minimarket,Lima,Lima,Tienda,Ana Quispe,LIM-03,Lavavajilla 900 g,Limpieza,Limpieza Total Perú SAC,10,8.2,0.03,79.54,52.5,27.04,Pagado,Tarjeta
P10950,2025-06-17,6,C030,Cafetería San Martín 030,Cafetería,Lima,Lima,WhatsApp,Luis Paredes,LIM-01,Detergente 2 kg,Limpieza,Limpieza Total Perú SAC,5,19.5,0,97.5,67.25,30.25,Pagado,Plin
P10950,2025-06-17,6,C030,Cafetería San Martín 030,Cafetería,Lima,Lima,WhatsApp,Luis Paredes,BEB-03,Néctar de durazno 1 L x 6,Bebidas,Bebidas Norte Pacífico SAC,6,27.0,0,162.0,103.68,58.32,Vencido,Transferencia
P11042,2025-06-17,6,C026,Bodega Mi Perú 026,Bodega,Lima,Lima,Online,Rodrigo Salas,SNA-02,Chifles 150 g x 10,Snacks,Snacks Costa Azul EIRL,2,28.0,0.164,46.82,32.48,14.34,Pagado,Transferencia
P11042,2025-06-17,6,C026,Bodega Mi Perú 026,Bodega,Lima,Lima,Online,Rodrigo Salas,LIM-03,Lavavajilla 900 g,Limpieza,Limpieza Total Perú SAC,2,8.2,0.119,14.45,10.5,3.95,Pagado,Efectivo
P11052,2025-06-17,6,C008,Minimarket El Trébol 008,Minimarket,Lima,Lima,Tienda,Ana Quispe,HAR-05,Sémola 500 g,Harinas y pastas,Molinos Valle Verde SA,9,4.1,0.05,35.05,25.83,9.22,Pagado,Transferencia
P11132,2025-06-17,6,C042,Bodega La Familia 042,Bodega,Lima,Lima,Tienda,Ana Quispe,SNA-05,Camote frito 120 g x 10,Snacks,Snacks Costa Azul EIRL,10,31.0,0,310.0,182.9,127.1,Pagado,Yape
P10986,2025-06-18,6,C045,Minimarket Inti 045,Minimarket,Lima,Lima,Online,Ana Quispe,GRA-01,Quinua blanca 1 kg,Granos andinos,Agroandina del Sur SAC,9,14.5,0.02,127.89,86.13,41.76,Pagado,Yape
P10999,2025-06-18,6,C050,Mayorista El Sol 050,Mayorista,Lima,Lima,Mayorista,Ana Quispe,CAF-03,Cacao en polvo 250 g,Café y cacao,Café Selva Central SAC,24,12.5,0.08,276.0,180.0,96.0,Pagado,Transferencia
P10999,2025-06-18,6,C050,Mayorista El Sol 050,Mayorista,Lima,Lima,Mayorista,Ana Quispe,SNA-02,Chifles 150 g x 10,Snacks,Snacks Costa Azul EIRL,40,28.0,0.08,1030.4,649.6,380.8,Vencido,Transferencia
P11017,2025-06-18,6,C104,Empresa La Esperanza 104,Empresa,Tacna,Sur,Tienda,Jorge Huamán,GRA-04,Chía 500 g,Granos andinos,Agroandina del Sur SAC,10,13.0,0.03,126.1,83.2,42.9,Pagado,Plin
P11017,2025-06-18,6,C104,Empresa La Esperanza 104,Empresa,Tacna,Sur,Tienda,Jorge Huamán,SNA-02,Chifles 150 g x 10,Snacks,Snacks Costa Azul EIRL,2,28.0,0.02,54.88,32.48,22.4,Pagado,Tarjeta
P11073,2025-06-18,6,C069,Restaurante Mi Perú 069,Restaurante,Lima,Lima,Tienda,Ana Quispe,GRA-05,Avena con quinua 900 g,Granos andinos,Agroandina del Sur SAC,5,11.5,0.02,56.35,38.55,17.8,Pagado,Efectivo
P11073,2025-06-18,6,C069,Restaurante Mi Perú 069,Restaurante,Lima,Lima,Tienda,Ana Quispe,CAF-02,Café en grano 1 kg,Café y cacao,Café Selva Central SAC,7,46.0,0,322.0,183.54,138.46,Pagado,Tarjeta
P11073,2025-06-18,6,C069,Restaurante Mi Perú 069,Restaurante,Lima,Lima,Tienda,Ana Quispe,HAR-02,Fideo spaghetti 500 g,Harinas y pastas,Molinos Valle Verde SA,7,3.9,0.05,25.93,19.39,6.54,Pagado,Yape
P11106,2025-06-18,6,C095,Bodega La Familia 095,Bodega,Piura,Norte,Tienda,María Torres,LIM-01,Detergente 2 kg,Limpieza,Limpieza Total Perú SAC,8,19.5,0.05,148.2,107.6,40.6,Pagado,Yape
P10945,2025-06-19,6,C045,Minimarket Inti 045,Minimarket,Lima,Lima,Online,Rodrigo Salas,CAF-02,Café en grano 1 kg,Café y cacao,Café Selva Central SAC,2,46.0,0.122,80.78,52.44,28.34,Vencido,Yape
P10970,2025-06-19,6,C053,Minimarket Don Lucho 053,Minimarket,Lima,Lima,WhatsApp,Luis Paredes,LIM-02,Lejía 4 L,Limpieza,Limpieza Total Perú SAC,11,9.8,0,107.8,71.17,36.63,Pagado,Tarjeta
P10970,2025-06-19,6,C053,Minimarket Don Lucho 053,Minimarket,Lima,Lima,WhatsApp,Luis Paredes,LIM-03,Lavavajilla 900 g,Limpieza,Limpieza Total Perú SAC,12,8.2,0.03,95.45,63.0,32.45,Pagado,Tarjeta
P11002,2025-06-19,6,C103,Mayorista Nueva Era 103,Mayorista,Tacna,Sur,Mayorista,Jorge Huamán,GRA-04,Chía 500 g,Granos andinos,Agroandina del Sur SAC,16,13.0,0.08,191.36,133.12,58.24,Vencido,Transferencia
P11002,2025-06-19,6,C103,Mayorista Nueva Era 103,Mayorista,Tacna,Sur,Mayorista,Jorge Huamán,LIM-05,Jabón de tocador x 3,Limpieza,Limpieza Total Perú SAC,48,6.5,0.08,287.04,209.28,77.76,Pagado,Transferencia
P11005,2025-06-19,6,C089,Minimarket Nueva Era 089,Minimarket,Chiclayo,Norte,WhatsApp,María Torres,HAR-02,Fideo spaghetti 500 g,Harinas y pastas,Molinos Valle Verde SA,5,3.9,0.03,18.91,13.85,5.06,Pagado,Efectivo
P11005,2025-06-19,6,C089,Minimarket Nueva Era 089,Minimarket,Chiclayo,Norte,WhatsApp,María Torres,GRA-05,Avena con quinua 900 g,Granos andinos,Agroandina del Sur SAC,8,11.5,0.05,87.4,61.68,25.72,Pagado,Yape
P11013,2025-06-19,6,C020,Bodega Santa Rosa 020,Bodega,Lima,Lima,Tienda,Luis Paredes,SNA-03,Galletas de avena x 24,Snacks,Snacks Costa Azul EIRL,7,22.0,0.05,146.3,100.1,46.2,Pagado,Transferencia
P11024,2025-06-19,6,C074,Empresa Santa Rosa 074,Empresa,Piura,Norte,Tienda,María Torres,GRA-05,Avena con quinua 900 g,Granos andinos,Agroandina del Sur SAC,11,11.5,0.02,123.97,84.81,39.16,Pagado,Transferencia
P11024,2025-06-19,6,C074,Empresa Santa Rosa 074,Empresa,Piura,Norte,Tienda,María Torres,SNA-01,Papas nativas 120 g x 10,Snacks,Snacks Costa Azul EIRL,5,35.0,0,175.0,105.0,70.0,Pagado,Tarjeta
P11024,2025-06-19,6,C074,Empresa Santa Rosa 074,Empresa,Piura,Norte,Tienda,María Torres,HAR-02,Fideo spaghetti 500 g,Harinas y pastas,Molinos Valle Verde SA,2,3.9,0,7.8,5.54,2.26,Pagado,Efectivo
P11035,2025-06-19,6,C132,Restaurante Nueva Era 132,Restaurante,Huánuco,Centro,Online,Rosa Ccori,CAF-01,Café tostado molido 500 g,Café y cacao,Café Selva Central SAC,10,24.0,0,240.0,139.2,100.8,Vencido,Tarjeta
P11035,2025-06-19,6,C132,Restaurante Nueva Era 132,Restaurante,Huánuco,Centro,Online,Rosa Ccori,BEB-02,Gaseosa 3 L x 4,Bebidas,Bebidas Norte Pacífico SAC,12,32.0,0,384.0,261.12,122.88,Pagado,Yape
P11068,2025-06-19,6,C067,Bodega Las Flores 067,Bodega,Lima,Lima,WhatsApp,Luis Paredes,GRA-03,Maca en polvo 250 g,Granos andinos,Agroandina del Sur SAC,6,17.0,0,102.0,56.1,45.9,Pagado,Transferencia
P11080,2025-06-19,6,C065,Bodega Virgen de Fátima 065,Bodega,Lima,Lima,Tienda,Rodrigo Salas,CAF-05,Café instantáneo 200 g,Café y cacao,Café Selva Central SAC,2,21.0,0.123,36.83,26.46,10.37,Pagado,Transferencia
P11081,2025-06-19,6,C047,Restaurante Primavera 047,Restaurante,Lima,Lima,Tienda,Luis Paredes,BEB-03,Néctar de durazno 1 L x 6,Bebidas,Bebidas Norte Pacífico SAC,11,27.0,0.03,288.09,190.08,98.01,Pagado,Yape
P11081,2025-06-19,6,C047,Restaurante Primavera 047,Restaurante,Lima,Lima,Tienda,Luis Paredes,BEB-02,Gaseosa 3 L x 4,Bebidas,Bebidas Norte Pacífico SAC,5,32.0,0,160.0,108.8,51.2,Pagado,Transferencia
P11087,2025-06-19,6,C069,Restaurante Mi Perú 069,Restaurante,Lima,Lima,Online,Luis Paredes,GRA-02,Kiwicha pop 300 g,Granos andinos,Agroandina del Sur SAC,7,8.9,0,62.3,38.01,24.29,Pagado,Transferencia
P10947,2025-06-20,6,C002,Bodega Pachamama 002,Bodega,Lima,Lima,Tienda,Ana Quispe,BEB-03,Néctar de durazno 1 L x 6,Bebidas,Bebidas Norte Pacífico SAC,4,27.0,0,108.0,69.12,38.88,Pagado,Yape
P10972,2025-06-20,6,C133,Empresa Las Flores 133,Empresa,Huánuco,Centro,Tienda,Rosa Ccori,GRA-02,Kiwicha pop 300 g,Granos andinos,Agroandina del Sur SAC,10,8.9,0,89.0,54.3,34.7,Pagado,Transferencia
P10984,2025-06-20,6,C064,Restaurante La Victoria 064,Restaurante,Lima,Lima,Tienda,Luis Paredes,HAR-01,Harina sin preparar 1 kg,Harinas y pastas,Molinos Valle Verde SA,3,5.4,0,16.2,12.0,4.2,Vencido,Yape
P10984,2025-06-20,6,C064,Restaurante La Victoria 064,Restaurante,Lima,Lima,Tienda,Luis Paredes,HAR-01,Harina sin preparar 1 kg,Harinas y pastas,Molinos Valle Verde SA,2,5.4,0.03,10.48,8.0,2.48,Pagado,Yape
P11020,2025-06-20,6,C132,Restaurante Nueva Era 132,Restaurante,Huánuco,Centro,Tienda,Rosa Ccori,SNA-02,Chifles 150 g x 10,Snacks,Snacks Costa Azul EIRL,7,28.0,0.05,186.2,113.68,72.52,Pagado,Efectivo
P11020,2025-06-20,6,C132,Restaurante Nueva Era 132,Restaurante,Huánuco,Centro,Tienda,Rosa Ccori,SNA-05,Camote frito 120 g x 10,Snacks,Snacks Costa Azul EIRL,7,31.0,0.05,206.15,128.03,78.12,Pagado,Yape
P11026,2025-06-20,6,C085,Minimarket Virgen de Fátima 085,Minimarket,Chiclayo,Norte,Tienda,María Torres,CAF-01,Café tostado molido 500 g,Café y cacao,Café Selva Central SAC,8,24.0,0,192.0,111.36,80.64,Vencido,Tarjeta
P11026,2025-06-20,6,C085,Minimarket Virgen de Fátima 085,Minimarket,Chiclayo,Norte,Tienda,María Torres,GRA-02,Kiwicha pop 300 g,Granos andinos,Agroandina del Sur SAC,7,8.9,0,62.3,38.01,24.29,Pagado,Efectivo
P11060,2025-06-20,6,C138,Restaurante Las Flores 138,Restaurante,Huánuco,Centro,Tienda,Rosa Ccori,GRA-01,Quinua blanca 1 kg,Granos andinos,Agroandina del Sur SAC,7,14.5,0.05,96.42,66.99,29.43,Pagado,Yape
P11060,2025-06-20,6,C138,Restaurante Las Flores 138,Restaurante,Huánuco,Centro,Tienda,Rosa Ccori,SNA-02,Chifles 150 g x 10,Snacks,Snacks Costa Azul EIRL,10,28.0,0,280.0,162.4,117.6,Pagado,Yape
P11110,2025-06-20,6,C040,Minimarket La Esperanza 040,Minimarket,Lima,Lima,Tienda,Luis Paredes,GRA-05,Avena con quinua 900 g,Granos andinos,Agroandina del Sur SAC,8,11.5,0,92.0,61.68,30.32,Pagado,Yape
P10962,2025-06-21,6,C028,Restaurante El Ahorro 028,Restaurante,Lima,Lima,WhatsApp,Ana Quispe,BEB-03,Néctar de durazno 1 L x 6,Bebidas,Bebidas Norte Pacífico SAC,12,27.0,0.05,307.8,207.36,100.44,Pagado,Efectivo
P10971,2025-06-21,6,C136,Bodega El Ahorro 136,Bodega,Huánuco,Centro,Tienda,Rosa Ccori,BEB-04,Bebida rehidratante 500 ml x 12,Bebidas,Bebidas Norte Pacífico SAC,7,33.0,0,231.0,145.53,85.47,Pagado,Yape
P10971,2025-06-21,6,C136,Bodega El Ahorro 136,Bodega,Huánuco,Centro,Tienda,Rosa Ccori,CAF-03,Cacao en polvo 250 g,Café y cacao,Café Selva Central SAC,4,12.5,0.02,49.0,30.0,19.0,Pagado,Transferencia
P11004,2025-06-21,6,C121,Bodega Don Lucho 121,Bodega,Arequipa,Sur,Tienda,Jorge Huamán,LIM-05,Jabón de tocador x 3,Limpieza,Limpieza Total Perú SAC,9,6.5,0.03,56.74,39.24,17.5,Pagado,Yape
P11014,2025-06-21,6,C049,Restaurante San Pedro 049,Restaurante,Lima,Lima,Tienda,Rodrigo Salas,BEB-05,Té helado 500 ml x 12,Bebidas,Bebidas Norte Pacífico SAC,6,29.0,0.165,145.29,106.14,39.15,Pagado,Tarjeta
P11014,2025-06-21,6,C049,Restaurante San Pedro 049,Restaurante,Lima,Lima,Tienda,Rodrigo Salas,GRA-01,Quinua blanca 1 kg,Granos andinos,Agroandina del Sur SAC,6,14.5,0.131,75.6,57.42,18.18,Pagado,Efectivo
P11027,2025-06-21,6,C059,Bodega Santa Rosa 059,Bodega,Lima,Lima,Tienda,Luis Paredes,LIM-03,Lavavajilla 900 g,Limpieza,Limpieza Total Perú SAC,3,8.2,0.02,24.11,15.75,8.36,Pagado,Efectivo
P11027,2025-06-21,6,C059,Bodega Santa Rosa 059,Bodega,Lima,Lima,Tienda,Luis Paredes,SNA-01,Papas nativas 120 g x 10,Snacks,Snacks Costa Azul EIRL,6,35.0,0,210.0,126.0,84.0,Pagado,Yape
P11027,2025-06-21,6,C059,Bodega Santa Rosa 059,Bodega,Lima,Lima,Tienda,Luis Paredes,CAF-05,Café instantáneo 200 g,Café y cacao,Café Selva Central SAC,7,21.0,0.05,139.65,92.61,47.04,Pagado,Yape
P11086,2025-06-21,6,C009,Minimarket La Esperanza 009,Minimarket,Lima,Lima,Tienda,Ana Quispe,SNA-05,Camote frito 120 g x 10,Snacks,Snacks Costa Azul EIRL,2,31.0,0.03,60.14,36.58,23.56,Pagado,Transferencia
P11096,2025-06-21,6,C054,Bodega Nueva Era 054,Bodega,Lima,Lima,Tienda,Luis Paredes,GRA-03,Maca en polvo 250 g,Granos andinos,Agroandina del Sur SAC,10,17.0,0.03,164.9,93.5,71.4,Pagado,Tarjeta
P11096,2025-06-21,6,C054,Bodega Nueva Era 054,Bodega,Lima,Lima,Tienda,Luis Paredes,CAF-03,Cacao en polvo 250 g,Café y cacao,Café Selva Central SAC,2,12.5,0.03,24.25,15.0,9.25,Pagado,Plin
P11096,2025-06-21,6,C054,Bodega Nueva Era 054,Bodega,Lima,Lima,Tienda,Luis Paredes,BEB-05,Té helado 500 ml x 12,Bebidas,Bebidas Norte Pacífico SAC,8,29.0,0,232.0,141.52,90.48,Pagado,Transferencia
P11112,2025-06-21,6,C119,Bodega El Sol 119,Bodega,Cusco,Sur,Tienda,Jorge Huamán,LIM-03,Lavavajilla 900 g,Limpieza,Limpieza Total Perú SAC,7,8.2,0.02,56.25,36.75,19.5,Pagado,Efectivo
P11114,2025-06-21,6,C012,Cafetería Pachamama 012,Cafetería,Lima,Lima,WhatsApp,Ana Quispe,CAF-03,Cacao en polvo 250 g,Café y cacao,Café Selva Central SAC,9,12.5,0,112.5,67.5,45.0,Pagado,Transferencia
P11118,2025-06-21,6,C035,Bodega El Trébol 035,Bodega,Lima,Lima,Tienda,Luis Paredes,GRA-04,Chía 500 g,Granos andinos,Agroandina del Sur SAC,10,13.0,0.03,126.1,83.2,42.9,Pagado,Yape
P11118,2025-06-21,6,C035,Bodega El Trébol 035,Bodega,Lima,Lima,Tienda,Luis Paredes,HAR-03,Fideo tallarín 1 kg,Harinas y pastas,Molinos Valle Verde SA,3,7.2,0.05,20.52,15.54,4.98,Pagado,Transferencia
P11118,2025-06-21,6,C035,Bodega El Trébol 035,Bodega,Lima,Lima,Tienda,Luis Paredes,SNA-01,Papas nativas 120 g x 10,Snacks,Snacks Costa Azul EIRL,4,35.0,0,140.0,84.0,56.0,Pagado,Efectivo
P11121,2025-06-21,6,C100,Restaurante El Ahorro 100,Restaurante,Cusco,Sur,Tienda,Jorge Huamán,SNA-04,Maní salado 200 g x 12,Snacks,Snacks Costa Azul EIRL,7,30.0,0.05,199.5,130.2,69.3,Pagado,Transferencia
P11125,2025-06-21,6,C022,Empresa La Familia 022,Empresa,Lima,Lima,Tienda,Ana Quispe,BEB-03,Néctar de durazno 1 L x 6,Bebidas,Bebidas Norte Pacífico SAC,11,27.0,0,297.0,190.08,106.92,Pagado,Transferencia
P10940,2025-06-22,6,C041,Bodega Santa Rosa 041,Bodega,Lima,Lima,Tienda,Ana Quispe,SNA-03,Galletas de avena x 24,Snacks,Snacks Costa Azul EIRL,8,22.0,0,176.0,114.4,61.6,Vencido,Plin
P11032,2025-06-22,6,C103,Mayorista Nueva Era 103,Mayorista,Tacna,Sur,Mayorista,Jorge Huamán,SNA-02,Chifles 150 g x 10,Snacks,Snacks Costa Azul EIRL,48,28.0,0.08,1236.48,779.52,456.96,Pagado,Transferencia
P11057,2025-06-22,6,C050,Mayorista El Sol 050,Mayorista,Lima,Lima,Mayorista,Luis Paredes,SNA-04,Maní salado 200 g x 12,Snacks,Snacks Costa Azul EIRL,20,30.0,0.08,552.0,372.0,180.0,Vencido,Transferencia
P11057,2025-06-22,6,C050,Mayorista El Sol 050,Mayorista,Lima,Lima,Mayorista,Luis Paredes,CAF-04,Chocolate para taza 180 g,Café y cacao,Café Selva Central SAC,40,9.9,0.08,364.32,245.6,118.72,Pagado,Transferencia
P11067,2025-06-22,6,C012,Cafetería Pachamama 012,Cafetería,Lima,Lima,Tienda,Luis Paredes,HAR-05,Sémola 500 g,Harinas y pastas,Molinos Valle Verde SA,12,4.1,0.05,46.74,34.44,12.3,Pagado,Transferencia
P11067,2025-06-22,6,C012,Cafetería Pachamama 012,Cafetería,Lima,Lima,Tienda,Luis Paredes,BEB-02,Gaseosa 3 L x 4,Bebidas,Bebidas Norte Pacífico SAC,4,32.0,0.02,125.44,87.04,38.4,Pagado,Yape
P11123,2025-06-22,6,C083,Bodega Mi Perú 083,Bodega,Piura,Norte,Online,María Torres,LIM-05,Jabón de tocador x 3,Limpieza,Limpieza Total Perú SAC,11,6.5,0,71.5,47.96,23.54,Vencido,Yape
P10955,2025-06-23,6,C031,Bodega El Ahorro 031,Bodega,Lima,Lima,Tienda,Luis Paredes,LIM-05,Jabón de tocador x 3,Limpieza,Limpieza Total Perú SAC,4,6.5,0,26.0,17.44,8.56,Pagado,Transferencia
P10960,2025-06-23,6,C118,Bodega El Sol 118,Bodega,Cusco,Sur,Tienda,Jorge Huamán,CAF-05,Café instantáneo 200 g,Café y cacao,Café Selva Central SAC,9,21.0,0.02,185.22,119.07,66.15,Pagado,Transferencia
P10982,2025-06-23,6,C086,Restaurante Los Andes 086,Restaurante,Piura,Norte,WhatsApp,María Torres,CAF-04,Chocolate para taza 180 g,Café y cacao,Café Selva Central SAC,4,9.9,0,39.6,24.56,15.04,Pagado,Efectivo
P11009,2025-06-23,6,C131,Bodega Virgen de Fátima 131,Bodega,Huánuco,Centro,Tienda,Rosa Ccori,SNA-03,Galletas de avena x 24,Snacks,Snacks Costa Azul EIRL,9,22.0,0,198.0,128.7,69.3,Pagado,Yape
P11031,2025-06-23,6,C072,Empresa Santa Rosa 072,Empresa,Trujillo,Norte,Tienda,María Torres,LIM-04,Desinfectante 1.8 L,Limpieza,Limpieza Total Perú SAC,10,11.9,0,119.0,75.0,44.0,Pagado,Tarjeta
P11031,2025-06-23,6,C072,Empresa Santa Rosa 072,Empresa,Trujillo,Norte,Tienda,María Torres,HAR-01,Harina sin preparar 1 kg,Harinas y pastas,Molinos Valle Verde SA,11,5.4,0,59.4,44.0,15.4,Pagado,Efectivo
P11031,2025-06-23,6,C072,Empresa Santa Rosa 072,Empresa,Trujillo,Norte,Tienda,María Torres,SNA-05,Camote frito 120 g x 10,Snacks,Snacks Costa Azul EIRL,11,31.0,0.02,334.18,201.19,132.99,Pagado,Transferencia
P11053,2025-06-23,6,C096,Cafetería La Familia 096,Cafetería,Piura,Norte,Tienda,María Torres,CAF-04,Chocolate para taza 180 g,Café y cacao,Café Selva Central SAC,10,9.9,0.02,97.02,61.4,35.62,Pagado,Tarjeta
P11053,2025-06-23,6,C096,Cafetería La Familia 096,Cafetería,Piura,Norte,Tienda,María Torres,GRA-05,Avena con quinua 900 g,Granos andinos,Agroandina del Sur SAC,2,11.5,0,23.0,15.42,7.58,Pagado,Plin
P11056,2025-06-23,6,C104,Empresa La Esperanza 104,Empresa,Tacna,Sur,Tienda,Jorge Huamán,BEB-04,Bebida rehidratante 500 ml x 12,Bebidas,Bebidas Norte Pacífico SAC,8,33.0,0.05,250.8,166.32,84.48,Pagado,Plin
P11056,2025-06-23,6,C104,Empresa La Esperanza 104,Empresa,Tacna,Sur,Tienda,Jorge Huamán,HAR-01,Harina sin preparar 1 kg,Harinas y pastas,Molinos Valle Verde SA,6,5.4,0.02,31.75,24.0,7.75,Pagado,Plin
P11074,2025-06-23,6,C092,Cafetería El Progreso 092,Cafetería,Chiclayo,Norte,Tienda,María Torres,HAR-02,Fideo spaghetti 500 g,Harinas y pastas,Molinos Valle Verde SA,4,3.9,0.03,15.13,11.08,4.05,Pagado,Plin
P11085,2025-06-23,6,C023,Bodega El Sol 023,Bodega,Lima,Lima,Tienda,Luis Paredes,HAR-04,Harina preparada 1 kg,Harinas y pastas,Molinos Valle Verde SA,4,6.3,0,25.2,18.4,6.8,Pagado,Efectivo
P11088,2025-06-23,6,C043,Restaurante Mi Perú 043,Restaurante,Lima,Lima,Tienda,Luis Paredes,GRA-05,Avena con quinua 900 g,Granos andinos,Agroandina del Sur SAC,5,11.5,0.05,54.62,38.55,16.07,Pagado,Yape
P11088,2025-06-23,6,C043,Restaurante Mi Perú 043,Restaurante,Lima,Lima,Tienda,Luis Paredes,LIM-04,Desinfectante 1.8 L,Limpieza,Limpieza Total Perú SAC,7,11.9,0.03,80.8,52.5,28.3,Pagado,Plin
P11091,2025-06-23,6,C050,Mayorista El Sol 050,Mayorista,Lima,Lima,Mayorista,Ana Quispe,CAF-02,Café en grano 1 kg,Café y cacao,Café Selva Central SAC,12,46.0,0.08,507.84,314.64,193.2,Vencido,Transferencia
P11091,2025-06-23,6,C050,Mayorista El Sol 050,Mayorista,Lima,Lima,Mayorista,Ana Quispe,CAF-05,Café instantáneo 200 g,Café y cacao,Café Selva Central SAC,44,21.0,0.08,850.08,582.12,267.96,Vencido,Transferencia
P11124,2025-06-23,6,C010,Restaurante Los Andes 010,Restaurante,Lima,Lima,Tienda,Rodrigo Salas,CAF-02,Café en grano 1 kg,Café y cacao,Café Selva Central SAC,7,46.0,0.136,278.21,183.54,94.67,Pagado,Tarjeta
P11124,2025-06-23,6,C010,Restaurante Los Andes 010,Restaurante,Lima,Lima,Tienda,Rodrigo Salas,BEB-05,Té helado 500 ml x 12,Bebidas,Bebidas Norte Pacífico SAC,5,29.0,0.117,128.03,88.45,39.58,Pagado,Plin
P11124,2025-06-23,6,C010,Restaurante Los Andes 010,Restaurante,Lima,Lima,Tienda,Rodrigo Salas,CAF-02,Café en grano 1 kg,Café y cacao,Café Selva Central SAC,4,46.0,0.13,160.08,104.88,55.2,Pagado,Efectivo
P10963,2025-06-24,6,C133,Empresa Las Flores 133,Empresa,Huánuco,Centro,Tienda,Rosa Ccori,LIM-05,Jabón de tocador x 3,Limpieza,Limpieza Total Perú SAC,10,6.5,0,65.0,43.6,21.4,Pagado,Efectivo
P10963,2025-06-24,6,C133,Empresa Las Flores 133,Empresa,Huánuco,Centro,Tienda,Rosa Ccori,HAR-01,Harina sin preparar 1 kg,Harinas y pastas,Molinos Valle Verde SA,5,5.4,0,27.0,20.0,7.0,Pagado,Transferencia
P10980,2025-06-24,6,C006,Bodega Mi Perú 006,Bodega,Lima,Lima,Tienda,Rodrigo Salas,LIM-05,Jabón de tocador x 3,Limpieza,Limpieza Total Perú SAC,8,6.5,0.1,46.8,34.88,11.92,Pagado,Plin
P10980,2025-06-24,6,C006,Bodega Mi Perú 006,Bodega,Lima,Lima,Tienda,Rodrigo Salas,GRA-02,Kiwicha pop 300 g,Granos andinos,Agroandina del Sur SAC,10,8.9,0.133,77.16,54.3,22.86,Pagado,Efectivo
P11001,2025-06-24,6,C044,Bodega Inti 044,Bodega,Lima,Lima,Tienda,Luis Paredes,SNA-01,Papas nativas 120 g x 10,Snacks,Snacks Costa Azul EIRL,4,35.0,0.03,135.8,84.0,51.8,Pagado,Tarjeta
P11059,2025-06-24,6,C097,Bodega El Puerto 097,Bodega,Trujillo,Norte,Online,María Torres,CAF-01,Café tostado molido 500 g,Café y cacao,Café Selva Central SAC,2,24.0,0.02,47.04,27.84,19.2,Pagado,Yape
P11059,2025-06-24,6,C097,Bodega El Puerto 097,Bodega,Trujillo,Norte,Online,María Torres,HAR-03,Fideo tallarín 1 kg,Harinas y pastas,Molinos Valle Verde SA,10,7.2,0.05,68.4,51.8,16.6,Pagado,Efectivo
P11122,2025-06-24,6,C065,Bodega Virgen de Fátima 065,Bodega,Lima,Lima,Tienda,Luis Paredes,SNA-02,Chifles 150 g x 10,Snacks,Snacks Costa Azul EIRL,5,28.0,0,140.0,81.2,58.8,Pagado,Tarjeta
P11122,2025-06-24,6,C065,Bodega Virgen de Fátima 065,Bodega,Lima,Lima,Tienda,Luis Paredes,SNA-04,Maní salado 200 g x 12,Snacks,Snacks Costa Azul EIRL,11,30.0,0,330.0,204.6,125.4,Pagado,Transferencia
P11128,2025-06-24,6,C037,Bodega El Trébol 037,Bodega,Lima,Lima,Tienda,Ana Quispe,GRA-05,Avena con quinua 900 g,Granos andinos,Agroandina del Sur SAC,4,11.5,0,46.0,30.84,15.16,Pagado,Efectivo
P10943,2025-06-25,6,C128,Empresa Primavera 128,Empresa,Huancayo,Centro,WhatsApp,Rosa Ccori,CAF-02,Café en grano 1 kg,Café y cacao,Café Selva Central SAC,3,46.0,0.02,135.24,78.66,56.58,Pagado,Yape
P10953,2025-06-25,6,C099,Restaurante Los Andes 099,Restaurante,Cusco,Sur,Tienda,Jorge Huamán,CAF-02,Café en grano 1 kg,Café y cacao,Café Selva Central SAC,12,46.0,0.02,540.96,314.64,226.32,Pagado,Efectivo
P10961,2025-06-25,6,C063,Restaurante Don Lucho 063,Restaurante,Lima,Lima,Tienda,Ana Quispe,CAF-03,Cacao en polvo 250 g,Café y cacao,Café Selva Central SAC,2,12.5,0.05,23.75,15.0,8.75,Pagado,Efectivo
P10961,2025-06-25,6,C063,Restaurante Don Lucho 063,Restaurante,Lima,Lima,Tienda,Ana Quispe,LIM-01,Detergente 2 kg,Limpieza,Limpieza Total Perú SAC,2,19.5,0,39.0,26.9,12.1,Pagado,Yape
P11000,2025-06-25,6,C065,Bodega Virgen de Fátima 065,Bodega,Lima,Lima,Tienda,Ana Quispe,BEB-02,Gaseosa 3 L x 4,Bebidas,Bebidas Norte Pacífico SAC,11,32.0,0,352.0,239.36,112.64,Pagado,Tarjeta
P11000,2025-06-25,6,C065,Bodega Virgen de Fátima 065,Bodega,Lima,Lima,Tienda,Ana Quispe,BEB-04,Bebida rehidratante 500 ml x 12,Bebidas,Bebidas Norte Pacífico SAC,11,33.0,0.05,344.85,228.69,116.16,Pagado,Transferencia
P11028,2025-06-25,6,C109,Bodega Los Andes 109,Bodega,Tacna,Sur,Tienda,Jorge Huamán,CAF-05,Café instantáneo 200 g,Café y cacao,Café Selva Central SAC,10,21.0,0.05,199.5,132.3,67.2,Vencido,Yape
P11028,2025-06-25,6,C109,Bodega Los Andes 109,Bodega,Tacna,Sur,Tienda,Jorge Huamán,SNA-05,Camote frito 120 g x 10,Snacks,Snacks Costa Azul EIRL,4,31.0,0.03,120.28,73.16,47.12,Pagado,Plin
P11064,2025-06-25,6,C018,Bodega La Familia 018,Bodega,Lima,Lima,Tienda,Luis Paredes,BEB-01,Agua mineral 625 ml x 15,Bebidas,Bebidas Norte Pacífico SAC,9,18.0,0.05,153.9,100.44,53.46,Pagado,Yape
P11064,2025-06-25,6,C018,Bodega La Familia 018,Bodega,Lima,Lima,Tienda,Luis Paredes,CAF-01,Café tostado molido 500 g,Café y cacao,Café Selva Central SAC,9,24.0,0.03,209.52,125.28,84.24,Pagado,Tarjeta
P11064,2025-06-25,6,C018,Bodega La Familia 018,Bodega,Lima,Lima,Tienda,Luis Paredes,LIM-01,Detergente 2 kg,Limpieza,Limpieza Total Perú SAC,4,19.5,0.05,74.1,53.8,20.3,Pagado,Transferencia
P11089,2025-06-25,6,C130,Restaurante San Pedro 130,Restaurante,Huancayo,Centro,Tienda,Rosa Ccori,GRA-05,Avena con quinua 900 g,Granos andinos,Agroandina del Sur SAC,10,11.5,0.02,112.7,77.1,35.6,Pagado,Efectivo
P11097,2025-06-25,6,C134,Bodega El Puerto 134,Bodega,Huancayo,Centro,Tienda,Rosa Ccori,BEB-02,Gaseosa 3 L x 4,Bebidas,Bebidas Norte Pacífico SAC,11,32.0,0.05,334.4,239.36,95.04,Pagado,Tarjeta
P11097,2025-06-25,6,C134,Bodega El Puerto 134,Bodega,Huancayo,Centro,Tienda,Rosa Ccori,HAR-05,Sémola 500 g,Harinas y pastas,Molinos Valle Verde SA,2,4.1,0.02,8.04,5.74,2.3,Pagado,Tarjeta
P11097,2025-06-25,6,C134,Bodega El Puerto 134,Bodega,Huancayo,Centro,Tienda,Rosa Ccori,SNA-04,Maní salado 200 g x 12,Snacks,Snacks Costa Azul EIRL,10,30.0,0.03,291.0,186.0,105.0,Pagado,Transferencia
P10939,2025-06-26,6,C090,Minimarket La Esperanza 090,Minimarket,Piura,Norte,Tienda,María Torres,CAF-02,Café en grano 1 kg,Café y cacao,Café Selva Central SAC,2,46.0,0.02,90.16,52.44,37.72,Pagado,Yape
P10939,2025-06-26,6,C090,Minimarket La Esperanza 090,Minimarket,Piura,Norte,Tienda,María Torres,LIM-01,Detergente 2 kg,Limpieza,Limpieza Total Perú SAC,7,19.5,0.05,129.67,94.15,35.52,Pagado,Efectivo
P11033,2025-06-26,6,C019,Bodega Don Lucho 019,Bodega,Lima,Lima,Tienda,Rodrigo Salas,GRA-01,Quinua blanca 1 kg,Granos andinos,Agroandina del Sur SAC,2,14.5,0.144,24.82,19.14,5.68,Pagado,Efectivo
P11051,2025-06-26,6,C042,Bodega La Familia 042,Bodega,Lima,Lima,Tienda,Ana Quispe,LIM-02,Lejía 4 L,Limpieza,Limpieza Total Perú SAC,11,9.8,0,107.8,71.17,36.63,Pagado,Efectivo
P11051,2025-06-26,6,C042,Bodega La Familia 042,Bodega,Lima,Lima,Tienda,Ana Quispe,CAF-05,Café instantáneo 200 g,Café y cacao,Café Selva Central SAC,5,21.0,0.03,101.85,66.15,35.7,Vencido,Yape
P11062,2025-06-26,6,C086,Restaurante Los Andes 086,Restaurante,Piura,Norte,Tienda,María Torres,HAR-03,Fideo tallarín 1 kg,Harinas y pastas,Molinos Valle Verde SA,3,7.2,0,21.6,15.54,6.06,Pagado,Tarjeta
P11062,2025-06-26,6,C086,Restaurante Los Andes 086,Restaurante,Piura,Norte,Tienda,María Torres,BEB-04,Bebida rehidratante 500 ml x 12,Bebidas,Bebidas Norte Pacífico SAC,10,33.0,0.03,320.1,207.9,112.2,Pagado,Yape
P11062,2025-06-26,6,C086,Restaurante Los Andes 086,Restaurante,Piura,Norte,Tienda,María Torres,CAF-05,Café instantáneo 200 g,Café y cacao,Café Selva Central SAC,6,21.0,0.02,123.48,79.38,44.1,Pagado,Plin
P11076,2025-06-26,6,C066,Empresa La Esperanza 066,Empresa,Lima,Lima,Tienda,Rodrigo Salas,LIM-05,Jabón de tocador x 3,Limpieza,Limpieza Total Perú SAC,5,6.5,0.11,28.93,21.8,7.13,Pagado,Tarjeta
P11102,2025-06-26,6,C088,Empresa Pachamama 088,Empresa,Trujillo,Norte,Tienda,María Torres,SNA-01,Papas nativas 120 g x 10,Snacks,Snacks Costa Azul EIRL,12,35.0,0.02,411.6,252.0,159.6,Pagado,Transferencia
P11102,2025-06-26,6,C088,Empresa Pachamama 088,Empresa,Trujillo,Norte,Tienda,María Torres,BEB-04,Bebida rehidratante 500 ml x 12,Bebidas,Bebidas Norte Pacífico SAC,4,33.0,0,132.0,83.16,48.84,Pagado,Yape
P10975,2025-06-27,6,C101,Bodega La Esperanza 101,Bodega,Tacna,Sur,Tienda,Jorge Huamán,LIM-05,Jabón de tocador x 3,Limpieza,Limpieza Total Perú SAC,7,6.5,0.03,44.13,30.52,13.61,Pagado,Transferencia
P10975,2025-06-27,6,C101,Bodega La Esperanza 101,Bodega,Tacna,Sur,Tienda,Jorge Huamán,HAR-01,Harina sin preparar 1 kg,Harinas y pastas,Molinos Valle Verde SA,10,5.4,0.02,52.92,40.0,12.92,Pagado,Transferencia
P11018,2025-06-27,6,C114,Restaurante San Martín 114,Restaurante,Tacna,Sur,Tienda,Jorge Huamán,LIM-03,Lavavajilla 900 g,Limpieza,Limpieza Total Perú SAC,7,8.2,0.03,55.68,36.75,18.93,Pagado,Yape
P11018,2025-06-27,6,C114,Restaurante San Martín 114,Restaurante,Tacna,Sur,Tienda,Jorge Huamán,SNA-03,Galletas de avena x 24,Snacks,Snacks Costa Azul EIRL,4,22.0,0.05,83.6,57.2,26.4,Pagado,Yape
P11021,2025-06-27,6,C075,Mayorista Santa Rosa 075,Mayorista,Trujillo,Norte,Mayorista,María Torres,SNA-01,Papas nativas 120 g x 10,Snacks,Snacks Costa Azul EIRL,36,35.0,0.08,1159.2,756.0,403.2,Pagado,Transferencia
P11021,2025-06-27,6,C075,Mayorista Santa Rosa 075,Mayorista,Trujillo,Norte,Mayorista,María Torres,GRA-02,Kiwicha pop 300 g,Granos andinos,Agroandina del Sur SAC,44,8.9,0.08,360.27,238.92,121.35,Pagado,Transferencia
P11037,2025-06-27,6,C009,Minimarket La Esperanza 009,Minimarket,Lima,Lima,Tienda,Ana Quispe,HAR-05,Sémola 500 g,Harinas y pastas,Molinos Valle Verde SA,7,4.1,0.05,27.26,20.09,7.17,Pagado,Tarjeta
P11093,2025-06-27,6,C102,Mayorista El Progreso 102,Mayorista,Tacna,Sur,Mayorista,Jorge Huamán,GRA-02,Kiwicha pop 300 g,Granos andinos,Agroandina del Sur SAC,32,8.9,0.08,262.02,173.76,88.26,Pagado,Transferencia
P11093,2025-06-27,6,C102,Mayorista El Progreso 102,Mayorista,Tacna,Sur,Mayorista,Jorge Huamán,BEB-05,Té helado 500 ml x 12,Bebidas,Bebidas Norte Pacífico SAC,32,29.0,0.08,853.76,566.08,287.68,Pagado,Transferencia
P11093,2025-06-27,6,C102,Mayorista El Progreso 102,Mayorista,Tacna,Sur,Mayorista,Jorge Huamán,CAF-01,Café tostado molido 500 g,Café y cacao,Café Selva Central SAC,48,24.0,0.08,1059.84,668.16,391.68,Pagado,Transferencia
P10968,2025-06-28,6,C004,Bodega San Pedro 004,Bodega,Lima,Lima,Tienda,Luis Paredes,BEB-05,Té helado 500 ml x 12,Bebidas,Bebidas Norte Pacífico SAC,5,29.0,0.03,140.65,88.45,52.2,Pagado,Efectivo
P10968,2025-06-28,6,C004,Bodega San Pedro 004,Bodega,Lima,Lima,Tienda,Luis Paredes,BEB-04,Bebida rehidratante 500 ml x 12,Bebidas,Bebidas Norte Pacífico SAC,7,33.0,0,231.0,145.53,85.47,Pagado,Efectivo
P10968,2025-06-28,6,C004,Bodega San Pedro 004,Bodega,Lima,Lima,Tienda,Luis Paredes,BEB-05,Té helado 500 ml x 12,Bebidas,Bebidas Norte Pacífico SAC,4,29.0,0.02,113.68,70.76,42.92,Pagado,Transferencia
P10992,2025-06-28,6,C105,Restaurante El Ahorro 105,Restaurante,Arequipa,Sur,Tienda,Jorge Huamán,CAF-05,Café instantáneo 200 g,Café y cacao,Café Selva Central SAC,12,21.0,0,252.0,158.76,93.24,Vencido,Plin
P11049,2025-06-28,6,C118,Bodega El Sol 118,Bodega,Cusco,Sur,Tienda,Jorge Huamán,LIM-02,Lejía 4 L,Limpieza,Limpieza Total Perú SAC,11,9.8,0.03,104.57,71.17,33.4,Pagado,Transferencia
P11113,2025-06-28,6,C080,Restaurante El Ahorro 080,Restaurante,Trujillo,Norte,Tienda,María Torres,BEB-02,Gaseosa 3 L x 4,Bebidas,Bebidas Norte Pacífico SAC,9,32.0,0.02,282.24,195.84,86.4,Pagado,Transferencia
P11113,2025-06-28,6,C080,Restaurante El Ahorro 080,Restaurante,Trujillo,Norte,Tienda,María Torres,BEB-03,Néctar de durazno 1 L x 6,Bebidas,Bebidas Norte Pacífico SAC,4,27.0,0.02,105.84,69.12,36.72,Pagado,Transferencia
P11130,2025-06-28,6,C118,Bodega El Sol 118,Bodega,Cusco,Sur,Tienda,Jorge Huamán,HAR-02,Fideo spaghetti 500 g,Harinas y pastas,Molinos Valle Verde SA,10,3.9,0,39.0,27.7,11.3,Pagado,Efectivo
P11162,2025-07-01,7,C135,Cafetería La Esperanza 135,Cafetería,Huancayo,Centro,Tienda,Rosa Ccori,LIM-04,Desinfectante 1.8 L,Limpieza,Limpieza Total Perú SAC,8,11.9,0.02,93.3,60.0,33.3,Pagado,Transferencia
P11162,2025-07-01,7,C135,Cafetería La Esperanza 135,Cafetería,Huancayo,Centro,Tienda,Rosa Ccori,LIM-02,Lejía 4 L,Limpieza,Limpieza Total Perú SAC,3,9.8,0,29.4,19.41,9.99,Pagado,Transferencia
P11162,2025-07-01,7,C135,Cafetería La Esperanza 135,Cafetería,Huancayo,Centro,Tienda,Rosa Ccori,SNA-05,Camote frito 120 g x 10,Snacks,Snacks Costa Azul EIRL,12,31.0,0.02,364.56,219.48,145.08,Pagado,Transferencia
P11190,2025-07-01,7,C079,Restaurante El Ahorro 079,Restaurante,Trujillo,Norte,Tienda,María Torres,HAR-04,Harina preparada 1 kg,Harinas y pastas,Molinos Valle Verde SA,4,6.3,0,25.2,18.4,6.8,Pagado,Transferencia
P11190,2025-07-01,7,C079,Restaurante El Ahorro 079,Restaurante,Trujillo,Norte,Tienda,María Torres,GRA-02,Kiwicha pop 300 g,Granos andinos,Agroandina del Sur SAC,5,8.9,0.03,43.16,27.15,16.01,Pagado,Tarjeta
P11190,2025-07-01,7,C079,Restaurante El Ahorro 079,Restaurante,Trujillo,Norte,Tienda,María Torres,GRA-05,Avena con quinua 900 g,Granos andinos,Agroandina del Sur SAC,4,11.5,0.02,45.08,30.84,14.24,Pagado,Yape
P11208,2025-07-01,7,C016,Cafetería Primavera 016,Cafetería,Lima,Lima,Tienda,Ana Quispe,SNA-04,Maní salado 200 g x 12,Snacks,Snacks Costa Azul EIRL,6,30.0,0,180.0,111.6,68.4,Pagado,Plin
P11208,2025-07-01,7,C016,Cafetería Primavera 016,Cafetería,Lima,Lima,Tienda,Ana Quispe,GRA-03,Maca en polvo 250 g,Granos andinos,Agroandina del Sur SAC,4,17.0,0.02,66.64,37.4,29.24,Pagado,Efectivo
P11214,2025-07-01,7,C073,Minimarket Don Lucho 073,Minimarket,Trujillo,Norte,Tienda,María Torres,SNA-05,Camote frito 120 g x 10,Snacks,Snacks Costa Azul EIRL,6,31.0,0.03,180.42,109.74,70.68,Pagado,Transferencia
P11326,2025-07-01,7,C018,Bodega La Familia 018,Bodega,Lima,Lima,Tienda,Rodrigo Salas,LIM-02,Lejía 4 L,Limpieza,Limpieza Total Perú SAC,4,9.8,0.136,33.87,25.88,7.99,Pagado,Plin
P11326,2025-07-01,7,C018,Bodega La Familia 018,Bodega,Lima,Lima,Tienda,Rodrigo Salas,CAF-03,Cacao en polvo 250 g,Café y cacao,Café Selva Central SAC,8,12.5,0.15,85.0,60.0,25.0,Pagado,Transferencia
P11326,2025-07-01,7,C018,Bodega La Familia 018,Bodega,Lima,Lima,Tienda,Rodrigo Salas,CAF-02,Café en grano 1 kg,Café y cacao,Café Selva Central SAC,12,46.0,0.155,466.44,314.64,151.8,Pagado,Transferencia
P11139,2025-07-02,7,C021,Empresa Nueva Era 021,Empresa,Lima,Lima,WhatsApp,Rodrigo Salas,SNA-05,Camote frito 120 g x 10,Snacks,Snacks Costa Azul EIRL,3,31.0,0.145,79.52,54.87,24.65,Pagado,Transferencia
P11145,2025-07-02,7,C035,Bodega El Trébol 035,Bodega,Lima,Lima,Tienda,Rodrigo Salas,BEB-04,Bebida rehidratante 500 ml x 12,Bebidas,Bebidas Norte Pacífico SAC,5,33.0,0.145,141.07,103.95,37.12,Pagado,Tarjeta
P11145,2025-07-02,7,C035,Bodega El Trébol 035,Bodega,Lima,Lima,Tienda,Rodrigo Salas,CAF-05,Café instantáneo 200 g,Café y cacao,Café Selva Central SAC,2,21.0,0.109,37.42,26.46,10.96,Pagado,Transferencia
P11145,2025-07-02,7,C035,Bodega El Trébol 035,Bodega,Lima,Lima,Tienda,Rodrigo Salas,SNA-04,Maní salado 200 g x 12,Snacks,Snacks Costa Azul EIRL,9,30.0,0.115,238.95,167.4,71.55,Pagado,Transferencia
P11181,2025-07-02,7,C109,Bodega Los Andes 109,Bodega,Tacna,Sur,Tienda,Jorge Huamán,LIM-01,Detergente 2 kg,Limpieza,Limpieza Total Perú SAC,6,19.5,0,117.0,80.7,36.3,Pagado,Yape
P11181,2025-07-02,7,C109,Bodega Los Andes 109,Bodega,Tacna,Sur,Tienda,Jorge Huamán,GRA-03,Maca en polvo 250 g,Granos andinos,Agroandina del Sur SAC,12,17.0,0,204.0,112.2,91.8,Pagado,Yape
P11181,2025-07-02,7,C109,Bodega Los Andes 109,Bodega,Tacna,Sur,Tienda,Jorge Huamán,GRA-03,Maca en polvo 250 g,Granos andinos,Agroandina del Sur SAC,11,17.0,0.02,183.26,102.85,80.41,Pagado,Tarjeta
P11206,2025-07-02,7,C120,Restaurante Virgen de Fátima 120,Restaurante,Cusco,Sur,Tienda,Jorge Huamán,BEB-03,Néctar de durazno 1 L x 6,Bebidas,Bebidas Norte Pacífico SAC,7,27.0,0.05,179.55,120.96,58.59,Pagado,Yape
P11206,2025-07-02,7,C120,Restaurante Virgen de Fátima 120,Restaurante,Cusco,Sur,Tienda,Jorge Huamán,GRA-05,Avena con quinua 900 g,Granos andinos,Agroandina del Sur SAC,11,11.5,0.05,120.17,84.81,35.36,Pagado,Transferencia
P11207,2025-07-02,7,C115,Empresa El Puerto 115,Empresa,Arequipa,Sur,Tienda,Jorge Huamán,SNA-02,Chifles 150 g x 10,Snacks,Snacks Costa Azul EIRL,8,28.0,0,224.0,129.92,94.08,Pagado,Transferencia
P11207,2025-07-02,7,C115,Empresa El Puerto 115,Empresa,Arequipa,Sur,Tienda,Jorge Huamán,LIM-01,Detergente 2 kg,Limpieza,Limpieza Total Perú SAC,3,19.5,0.03,56.74,40.35,16.39,Pagado,Transferencia
P11210,2025-07-02,7,C103,Mayorista Nueva Era 103,Mayorista,Tacna,Sur,Mayorista,Jorge Huamán,HAR-02,Fideo spaghetti 500 g,Harinas y pastas,Molinos Valle Verde SA,12,3.9,0.08,43.06,33.24,9.82,Vencido,Transferencia
P11251,2025-07-02,7,C069,Restaurante Mi Perú 069,Restaurante,Lima,Lima,Tienda,Rodrigo Salas,SNA-04,Maní salado 200 g x 12,Snacks,Snacks Costa Azul EIRL,5,30.0,0.163,125.55,93.0,32.55,Pagado,Yape
P11251,2025-07-02,7,C069,Restaurante Mi Perú 069,Restaurante,Lima,Lima,Tienda,Rodrigo Salas,HAR-01,Harina sin preparar 1 kg,Harinas y pastas,Molinos Valle Verde SA,4,5.4,0.132,18.75,16.0,2.75,Pagado,Yape
P11251,2025-07-02,7,C069,Restaurante Mi Perú 069,Restaurante,Lima,Lima,Tienda,Rodrigo Salas,SNA-02,Chifles 150 g x 10,Snacks,Snacks Costa Azul EIRL,9,28.0,0.167,209.92,146.16,63.76,Pagado,Yape
P11283,2025-07-02,7,C029,Minimarket Las Flores 029,Minimarket,Lima,Lima,Tienda,Rodrigo Salas,SNA-03,Galletas de avena x 24,Snacks,Snacks Costa Azul EIRL,8,22.0,0.158,148.19,114.4,33.79,Pagado,Plin
P11294,2025-07-02,7,C034,Minimarket San Martín 034,Minimarket,Lima,Lima,Tienda,Ana Quispe,CAF-02,Café en grano 1 kg,Café y cacao,Café Selva Central SAC,11,46.0,0,506.0,288.42,217.58,Pagado,Yape
P11319,2025-07-02,7,C091,Cafetería El Puerto 091,Cafetería,Chiclayo,Norte,Tienda,María Torres,GRA-05,Avena con quinua 900 g,Granos andinos,Agroandina del Sur SAC,6,11.5,0.05,65.55,46.26,19.29,Pagado,Transferencia
P11324,2025-07-02,7,C045,Minimarket Inti 045,Minimarket,Lima,Lima,Tienda,Ana Quispe,CAF-02,Café en grano 1 kg,Café y cacao,Café Selva Central SAC,9,46.0,0.05,393.3,235.98,157.32,Pagado,Transferencia
P11324,2025-07-02,7,C045,Minimarket Inti 045,Minimarket,Lima,Lima,Tienda,Ana Quispe,SNA-05,Camote frito 120 g x 10,Snacks,Snacks Costa Azul EIRL,4,31.0,0,124.0,73.16,50.84,Pagado,Efectivo
P11328,2025-07-02,7,C060,Bodega El Sol 060,Bodega,Lima,Lima,Tienda,Rodrigo Salas,BEB-03,Néctar de durazno 1 L x 6,Bebidas,Bebidas Norte Pacífico SAC,9,27.0,0.175,200.47,155.52,44.95,Pagado,Yape
P11328,2025-07-02,7,C060,Bodega El Sol 060,Bodega,Lima,Lima,Tienda,Rodrigo Salas,LIM-04,Desinfectante 1.8 L,Limpieza,Limpieza Total Perú SAC,3,11.9,0.135,30.88,22.5,8.38,Pagado,Efectivo
P11328,2025-07-02,7,C060,Bodega El Sol 060,Bodega,Lima,Lima,Tienda,Rodrigo Salas,GRA-05,Avena con quinua 900 g,Granos andinos,Agroandina del Sur SAC,9,11.5,0.179,84.97,69.39,15.58,Pagado,Yape
P11331,2025-07-02,7,C106,Cafetería El Progreso 106,Cafetería,Cusco,Sur,Tienda,Jorge Huamán,LIM-04,Desinfectante 1.8 L,Limpieza,Limpieza Total Perú SAC,4,11.9,0,47.6,30.0,17.6,Pagado,Transferencia
P11331,2025-07-02,7,C106,Cafetería El Progreso 106,Cafetería,Cusco,Sur,Tienda,Jorge Huamán,LIM-01,Detergente 2 kg,Limpieza,Limpieza Total Perú SAC,9,19.5,0.02,171.99,121.05,50.94,Pagado,Yape
P11352,2025-07-02,7,C120,Restaurante Virgen de Fátima 120,Restaurante,Cusco,Sur,Online,Jorge Huamán,HAR-02,Fideo spaghetti 500 g,Harinas y pastas,Molinos Valle Verde SA,7,3.9,0.03,26.48,19.39,7.09,Pagado,Efectivo
P11352,2025-07-02,7,C120,Restaurante Virgen de Fátima 120,Restaurante,Cusco,Sur,Online,Jorge Huamán,HAR-03,Fideo tallarín 1 kg,Harinas y pastas,Molinos Valle Verde SA,11,7.2,0.05,75.24,56.98,18.26,Pagado,Transferencia
P11154,2025-07-03,7,C105,Restaurante El Ahorro 105,Restaurante,Arequipa,Sur,Tienda,Jorge Huamán,CAF-04,Chocolate para taza 180 g,Café y cacao,Café Selva Central SAC,10,9.9,0,99.0,61.4,37.6,Pagado,Transferencia
P11154,2025-07-03,7,C105,Restaurante El Ahorro 105,Restaurante,Arequipa,Sur,Tienda,Jorge Huamán,GRA-05,Avena con quinua 900 g,Granos andinos,Agroandina del Sur SAC,12,11.5,0.03,133.86,92.52,41.34,Pagado,Transferencia
P11154,2025-07-03,7,C105,Restaurante El Ahorro 105,Restaurante,Arequipa,Sur,Tienda,Jorge Huamán,GRA-03,Maca en polvo 250 g,Granos andinos,Agroandina del Sur SAC,4,17.0,0.02,66.64,37.4,29.24,Pagado,Tarjeta
P11177,2025-07-03,7,C092,Cafetería El Progreso 092,Cafetería,Chiclayo,Norte,Tienda,María Torres,SNA-05,Camote frito 120 g x 10,Snacks,Snacks Costa Azul EIRL,7,31.0,0.03,210.49,128.03,82.46,Vencido,Tarjeta
P11182,2025-07-03,7,C046,Restaurante Don Lucho 046,Restaurante,Lima,Lima,Tienda,Luis Paredes,SNA-02,Chifles 150 g x 10,Snacks,Snacks Costa Azul EIRL,6,28.0,0,168.0,97.44,70.56,Pagado,Yape
P11249,2025-07-03,7,C053,Minimarket Don Lucho 053,Minimarket,Lima,Lima,Tienda,Luis Paredes,BEB-05,Té helado 500 ml x 12,Bebidas,Bebidas Norte Pacífico SAC,10,29.0,0,290.0,176.9,113.1,Pagado,Yape
P11266,2025-07-03,7,C094,Bodega Santa Rosa 094,Bodega,Trujillo,Norte,Tienda,María Torres,CAF-02,Café en grano 1 kg,Café y cacao,Café Selva Central SAC,2,46.0,0,92.0,52.44,39.56,Pagado,Transferencia
P11266,2025-07-03,7,C094,Bodega Santa Rosa 094,Bodega,Trujillo,Norte,Tienda,María Torres,CAF-01,Café tostado molido 500 g,Café y cacao,Café Selva Central SAC,5,24.0,0.05,114.0,69.6,44.4,Pagado,Yape
P11273,2025-07-03,7,C048,Cafetería Inti 048,Cafetería,Lima,Lima,WhatsApp,Luis Paredes,LIM-02,Lejía 4 L,Limpieza,Limpieza Total Perú SAC,5,9.8,0,49.0,32.35,16.65,Pagado,Yape
P11273,2025-07-03,7,C048,Cafetería Inti 048,Cafetería,Lima,Lima,WhatsApp,Luis Paredes,LIM-03,Lavavajilla 900 g,Limpieza,Limpieza Total Perú SAC,3,8.2,0,24.6,15.75,8.85,Pagado,Efectivo
P11338,2025-07-03,7,C033,Minimarket Primavera 033,Minimarket,Lima,Lima,Tienda,Rodrigo Salas,HAR-05,Sémola 500 g,Harinas y pastas,Molinos Valle Verde SA,4,4.1,0.158,13.81,11.48,2.33,Pagado,Transferencia
P11339,2025-07-03,7,C025,Minimarket Don Lucho 025,Minimarket,Lima,Lima,WhatsApp,Rodrigo Salas,SNA-03,Galletas de avena x 24,Snacks,Snacks Costa Azul EIRL,7,22.0,0.164,128.74,100.1,28.64,Pagado,Plin
P11339,2025-07-03,7,C025,Minimarket Don Lucho 025,Minimarket,Lima,Lima,WhatsApp,Rodrigo Salas,SNA-04,Maní salado 200 g x 12,Snacks,Snacks Costa Azul EIRL,4,30.0,0.127,104.76,74.4,30.36,Vencido,Transferencia
P11346,2025-07-03,7,C064,Restaurante La Victoria 064,Restaurante,Lima,Lima,Tienda,Luis Paredes,BEB-02,Gaseosa 3 L x 4,Bebidas,Bebidas Norte Pacífico SAC,12,32.0,0.02,376.32,261.12,115.2,Pagado,Plin
P11346,2025-07-03,7,C064,Restaurante La Victoria 064,Restaurante,Lima,Lima,Tienda,Luis Paredes,SNA-01,Papas nativas 120 g x 10,Snacks,Snacks Costa Azul EIRL,8,35.0,0.02,274.4,168.0,106.4,Pagado,Tarjeta
P11350,2025-07-03,7,C084,Bodega El Progreso 084,Bodega,Piura,Norte,Online,María Torres,CAF-03,Cacao en polvo 250 g,Café y cacao,Café Selva Central SAC,3,12.5,0,37.5,22.5,15.0,Vencido,Tarjeta
P11156,2025-07-04,7,C002,Bodega Pachamama 002,Bodega,Lima,Lima,Tienda,Rodrigo Salas,SNA-01,Papas nativas 120 g x 10,Snacks,Snacks Costa Azul EIRL,12,35.0,0.103,376.74,252.0,124.74,Pagado,Plin
P11165,2025-07-04,7,C082,Bodega Mi Perú 082,Bodega,Piura,Norte,Tienda,María Torres,BEB-05,Té helado 500 ml x 12,Bebidas,Bebidas Norte Pacífico SAC,4,29.0,0.02,113.68,70.76,42.92,Pagado,Efectivo
P11165,2025-07-04,7,C082,Bodega Mi Perú 082,Bodega,Piura,Norte,Tienda,María Torres,BEB-01,Agua mineral 625 ml x 15,Bebidas,Bebidas Norte Pacífico SAC,8,18.0,0,144.0,89.28,54.72,Pagado,Yape
P11175,2025-07-04,7,C109,Bodega Los Andes 109,Bodega,Tacna,Sur,Tienda,Jorge Huamán,SNA-02,Chifles 150 g x 10,Snacks,Snacks Costa Azul EIRL,10,28.0,0.03,271.6,162.4,109.2,Vencido,Plin
P11175,2025-07-04,7,C109,Bodega Los Andes 109,Bodega,Tacna,Sur,Tienda,Jorge Huamán,SNA-03,Galletas de avena x 24,Snacks,Snacks Costa Azul EIRL,2,22.0,0.03,42.68,28.6,14.08,Pagado,Tarjeta
P11193,2025-07-04,7,C028,Restaurante El Ahorro 028,Restaurante,Lima,Lima,Tienda,Luis Paredes,HAR-02,Fideo spaghetti 500 g,Harinas y pastas,Molinos Valle Verde SA,11,3.9,0.05,40.75,30.47,10.28,Pagado,Transferencia
P11193,2025-07-04,7,C028,Restaurante El Ahorro 028,Restaurante,Lima,Lima,Tienda,Luis Paredes,HAR-04,Harina preparada 1 kg,Harinas y pastas,Molinos Valle Verde SA,3,6.3,0.02,18.52,13.8,4.72,Pagado,Yape
P11201,2025-07-04,7,C121,Bodega Don Lucho 121,Bodega,Arequipa,Sur,Tienda,Jorge Huamán,SNA-05,Camote frito 120 g x 10,Snacks,Snacks Costa Azul EIRL,7,31.0,0.02,212.66,128.03,84.63,Vencido,Transferencia
P11201,2025-07-04,7,C121,Bodega Don Lucho 121,Bodega,Arequipa,Sur,Tienda,Jorge Huamán,CAF-02,Café en grano 1 kg,Café y cacao,Café Selva Central SAC,8,46.0,0,368.0,209.76,158.24,Pagado,Transferencia
P11201,2025-07-04,7,C121,Bodega Don Lucho 121,Bodega,Arequipa,Sur,Tienda,Jorge Huamán,GRA-05,Avena con quinua 900 g,Granos andinos,Agroandina del Sur SAC,12,11.5,0,138.0,92.52,45.48,Pagado,Transferencia
P11248,2025-07-04,7,C112,Minimarket La Familia 112,Minimarket,Cusco,Sur,Tienda,Jorge Huamán,LIM-01,Detergente 2 kg,Limpieza,Limpieza Total Perú SAC,4,19.5,0.02,76.44,53.8,22.64,Pagado,Yape
P11280,2025-07-04,7,C076,Bodega El Trébol 076,Bodega,Chiclayo,Norte,WhatsApp,María Torres,HAR-02,Fideo spaghetti 500 g,Harinas y pastas,Molinos Valle Verde SA,10,3.9,0.03,37.83,27.7,10.13,Pagado,Tarjeta
P11289,2025-07-04,7,C011,Mayorista Pachamama 011,Mayorista,Lima,Lima,Mayorista,Ana Quispe,LIM-03,Lavavajilla 900 g,Limpieza,Limpieza Total Perú SAC,36,8.2,0.08,271.58,189.0,82.58,Vencido,Transferencia
P11289,2025-07-04,7,C011,Mayorista Pachamama 011,Mayorista,Lima,Lima,Mayorista,Ana Quispe,LIM-01,Detergente 2 kg,Limpieza,Limpieza Total Perú SAC,28,19.5,0.08,502.32,376.6,125.72,Vencido,Transferencia
P11361,2025-07-04,7,C086,Restaurante Los Andes 086,Restaurante,Piura,Norte,WhatsApp,María Torres,SNA-04,Maní salado 200 g x 12,Snacks,Snacks Costa Azul EIRL,5,30.0,0.05,142.5,93.0,49.5,Pagado,Yape
P11361,2025-07-04,7,C086,Restaurante Los Andes 086,Restaurante,Piura,Norte,WhatsApp,María Torres,HAR-03,Fideo tallarín 1 kg,Harinas y pastas,Molinos Valle Verde SA,11,7.2,0.02,77.62,56.98,20.64,Pagado,Transferencia
P11369,2025-07-04,7,C117,Empresa Mi Perú 117,Empresa,Arequipa,Sur,Online,Jorge Huamán,GRA-02,Kiwicha pop 300 g,Granos andinos,Agroandina del Sur SAC,2,8.9,0,17.8,10.86,6.94,Vencido,Efectivo
P11369,2025-07-04,7,C117,Empresa Mi Perú 117,Empresa,Arequipa,Sur,Online,Jorge Huamán,LIM-02,Lejía 4 L,Limpieza,Limpieza Total Perú SAC,8,9.8,0.02,76.83,51.76,25.07,Pagado,Efectivo
P11374,2025-07-04,7,C081,Restaurante Las Flores 081,Restaurante,Chiclayo,Norte,Tienda,María Torres,CAF-04,Chocolate para taza 180 g,Café y cacao,Café Selva Central SAC,3,9.9,0.02,29.11,18.42,10.69,Pagado,Efectivo
P11374,2025-07-04,7,C081,Restaurante Las Flores 081,Restaurante,Chiclayo,Norte,Tienda,María Torres,CAF-02,Café en grano 1 kg,Café y cacao,Café Selva Central SAC,10,46.0,0.05,437.0,262.2,174.8,Pagado,Efectivo
P11176,2025-07-05,7,C015,Bodega Pachamama 015,Bodega,Lima,Lima,Tienda,Rodrigo Salas,GRA-01,Quinua blanca 1 kg,Granos andinos,Agroandina del Sur SAC,5,14.5,0.14,62.35,47.85,14.5,Pagado,Yape
P11176,2025-07-05,7,C015,Bodega Pachamama 015,Bodega,Lima,Lima,Tienda,Rodrigo Salas,GRA-02,Kiwicha pop 300 g,Granos andinos,Agroandina del Sur SAC,5,8.9,0.101,40.01,27.15,12.86,Pagado,Efectivo
P11187,2025-07-05,7,C069,Restaurante Mi Perú 069,Restaurante,Lima,Lima,Online,Rodrigo Salas,BEB-01,Agua mineral 625 ml x 15,Bebidas,Bebidas Norte Pacífico SAC,7,18.0,0.167,104.96,78.12,26.84,Pagado,Plin
P11253,2025-07-05,7,C050,Mayorista El Sol 050,Mayorista,Lima,Lima,Mayorista,Ana Quispe,HAR-02,Fideo spaghetti 500 g,Harinas y pastas,Molinos Valle Verde SA,48,3.9,0.08,172.22,132.96,39.26,Pagado,Transferencia
P11253,2025-07-05,7,C050,Mayorista El Sol 050,Mayorista,Lima,Lima,Mayorista,Ana Quispe,HAR-05,Sémola 500 g,Harinas y pastas,Molinos Valle Verde SA,48,4.1,0.08,181.06,137.76,43.3,Pagado,Transferencia
P11317,2025-07-05,7,C019,Bodega Don Lucho 019,Bodega,Lima,Lima,Tienda,Rodrigo Salas,BEB-02,Gaseosa 3 L x 4,Bebidas,Bebidas Norte Pacífico SAC,2,32.0,0.139,55.1,43.52,11.58,Pagado,Yape
P11317,2025-07-05,7,C019,Bodega Don Lucho 019,Bodega,Lima,Lima,Tienda,Rodrigo Salas,SNA-04,Maní salado 200 g x 12,Snacks,Snacks Costa Azul EIRL,12,30.0,0.102,323.28,223.2,100.08,Pagado,Plin
P11325,2025-07-05,7,C002,Bodega Pachamama 002,Bodega,Lima,Lima,Tienda,Rodrigo Salas,LIM-02,Lejía 4 L,Limpieza,Limpieza Total Perú SAC,6,9.8,0.151,49.92,38.82,11.1,Pagado,Plin
P11325,2025-07-05,7,C002,Bodega Pachamama 002,Bodega,Lima,Lima,Tienda,Rodrigo Salas,GRA-01,Quinua blanca 1 kg,Granos andinos,Agroandina del Sur SAC,4,14.5,0.147,49.47,38.28,11.19,Pagado,Transferencia
P11138,2025-07-06,7,C051,Empresa San Martín 051,Empresa,Lima,Lima,Tienda,Luis Paredes,HAR-04,Harina preparada 1 kg,Harinas y pastas,Molinos Valle Verde SA,2,6.3,0.02,12.35,9.2,3.15,Pagado,Yape
P11138,2025-07-06,7,C051,Empresa San Martín 051,Empresa,Lima,Lima,Tienda,Luis Paredes,BEB-05,Té helado 500 ml x 12,Bebidas,Bebidas Norte Pacífico SAC,9,29.0,0.03,253.17,159.21,93.96,Pagado,Yape
P11138,2025-07-06,7,C051,Empresa San Martín 051,Empresa,Lima,Lima,Tienda,Luis Paredes,BEB-01,Agua mineral 625 ml x 15,Bebidas,Bebidas Norte Pacífico SAC,12,18.0,0,216.0,133.92,82.08,Pagado,Yape
P11151,2025-07-06,7,C136,Bodega El Ahorro 136,Bodega,Huánuco,Centro,Tienda,Rosa Ccori,LIM-03,Lavavajilla 900 g,Limpieza,Limpieza Total Perú SAC,7,8.2,0.03,55.68,36.75,18.93,Pagado,Yape
P11151,2025-07-06,7,C136,Bodega El Ahorro 136,Bodega,Huánuco,Centro,Tienda,Rosa Ccori,SNA-04,Maní salado 200 g x 12,Snacks,Snacks Costa Azul EIRL,3,30.0,0.03,87.3,55.8,31.5,Pagado,Transferencia
P11230,2025-07-06,7,C078,Bodega Inti 078,Bodega,Piura,Norte,Tienda,María Torres,SNA-02,Chifles 150 g x 10,Snacks,Snacks Costa Azul EIRL,2,28.0,0,56.0,32.48,23.52,Pagado,Yape
P11230,2025-07-06,7,C078,Bodega Inti 078,Bodega,Piura,Norte,Tienda,María Torres,LIM-04,Desinfectante 1.8 L,Limpieza,Limpieza Total Perú SAC,6,11.9,0.03,69.26,45.0,24.26,Pagado,Plin
P11247,2025-07-06,7,C004,Bodega San Pedro 004,Bodega,Lima,Lima,Tienda,Rodrigo Salas,HAR-01,Harina sin preparar 1 kg,Harinas y pastas,Molinos Valle Verde SA,11,5.4,0.107,53.04,44.0,9.04,Pagado,Transferencia
P11250,2025-07-06,7,C088,Empresa Pachamama 088,Empresa,Trujillo,Norte,Tienda,María Torres,LIM-04,Desinfectante 1.8 L,Limpieza,Limpieza Total Perú SAC,11,11.9,0.05,124.36,82.5,41.86,Pagado,Yape
P11250,2025-07-06,7,C088,Empresa Pachamama 088,Empresa,Trujillo,Norte,Tienda,María Torres,BEB-04,Bebida rehidratante 500 ml x 12,Bebidas,Bebidas Norte Pacífico SAC,2,33.0,0.05,62.7,41.58,21.12,Pagado,Plin
P11250,2025-07-06,7,C088,Empresa Pachamama 088,Empresa,Trujillo,Norte,Tienda,María Torres,GRA-02,Kiwicha pop 300 g,Granos andinos,Agroandina del Sur SAC,3,8.9,0.05,25.37,16.29,9.08,Pagado,Efectivo
P11311,2025-07-06,7,C058,Restaurante La Familia 058,Restaurante,Lima,Lima,Tienda,Luis Paredes,CAF-02,Café en grano 1 kg,Café y cacao,Café Selva Central SAC,5,46.0,0,230.0,131.1,98.9,Pagado,Yape
P11311,2025-07-06,7,C058,Restaurante La Familia 058,Restaurante,Lima,Lima,Tienda,Luis Paredes,SNA-05,Camote frito 120 g x 10,Snacks,Snacks Costa Azul EIRL,9,31.0,0.03,270.63,164.61,106.02,Pagado,Transferencia
P11336,2025-07-06,7,C032,Restaurante Santa Rosa 032,Restaurante,Lima,Lima,Tienda,Rodrigo Salas,CAF-05,Café instantáneo 200 g,Café y cacao,Café Selva Central SAC,9,21.0,0.157,159.33,119.07,40.26,Pagado,Transferencia
P11336,2025-07-06,7,C032,Restaurante Santa Rosa 032,Restaurante,Lima,Lima,Tienda,Rodrigo Salas,CAF-04,Chocolate para taza 180 g,Café y cacao,Café Selva Central SAC,2,9.9,0.121,17.4,12.28,5.12,Pagado,Tarjeta
P11336,2025-07-06,7,C032,Restaurante Santa Rosa 032,Restaurante,Lima,Lima,Tienda,Rodrigo Salas,BEB-04,Bebida rehidratante 500 ml x 12,Bebidas,Bebidas Norte Pacífico SAC,2,33.0,0.146,56.36,41.58,14.78,Pagado,Plin
P11341,2025-07-06,7,C046,Restaurante Don Lucho 046,Restaurante,Lima,Lima,Tienda,Rodrigo Salas,HAR-02,Fideo spaghetti 500 g,Harinas y pastas,Molinos Valle Verde SA,6,3.9,0.156,19.75,16.62,3.13,Pagado,Plin
P11343,2025-07-06,7,C014,Minimarket San Pedro 014,Minimarket,Lima,Lima,Tienda,Ana Quispe,SNA-04,Maní salado 200 g x 12,Snacks,Snacks Costa Azul EIRL,5,30.0,0.03,145.5,93.0,52.5,Vencido,Plin
P11343,2025-07-06,7,C014,Minimarket San Pedro 014,Minimarket,Lima,Lima,Tienda,Ana Quispe,BEB-01,Agua mineral 625 ml x 15,Bebidas,Bebidas Norte Pacífico SAC,8,18.0,0.03,139.68,89.28,50.4,Pagado,Tarjeta
P11150,2025-07-07,7,C050,Mayorista El Sol 050,Mayorista,Lima,Lima,Mayorista,Rodrigo Salas,CAF-05,Café instantáneo 200 g,Café y cacao,Café Selva Central SAC,24,21.0,0.16,423.36,317.52,105.84,Pagado,Transferencia
P11150,2025-07-07,7,C050,Mayorista El Sol 050,Mayorista,Lima,Lima,Mayorista,Rodrigo Salas,GRA-01,Quinua blanca 1 kg,Granos andinos,Agroandina del Sur SAC,36,14.5,0.127,455.71,344.52,111.19,Pagado,Transferencia
P11158,2025-07-07,7,C010,Restaurante Los Andes 010,Restaurante,Lima,Lima,Tienda,Rodrigo Salas,SNA-02,Chifles 150 g x 10,Snacks,Snacks Costa Azul EIRL,11,28.0,0.158,259.34,178.64,80.7,Pagado,Transferencia
P11172,2025-07-07,7,C129,Mayorista La Esperanza 129,Mayorista,Huánuco,Centro,Mayorista,Rosa Ccori,BEB-05,Té helado 500 ml x 12,Bebidas,Bebidas Norte Pacífico SAC,20,29.0,0.08,533.6,353.8,179.8,Vencido,Transferencia
P11232,2025-07-07,7,C035,Bodega El Trébol 035,Bodega,Lima,Lima,Tienda,Rodrigo Salas,CAF-05,Café instantáneo 200 g,Café y cacao,Café Selva Central SAC,7,21.0,0.176,121.13,92.61,28.52,Pagado,Plin
P11232,2025-07-07,7,C035,Bodega El Trébol 035,Bodega,Lima,Lima,Tienda,Rodrigo Salas,GRA-04,Chía 500 g,Granos andinos,Agroandina del Sur SAC,10,13.0,0.158,109.46,83.2,26.26,Pagado,Plin
P11240,2025-07-07,7,C001,Minimarket El Progreso 001,Minimarket,Lima,Lima,WhatsApp,Luis Paredes,LIM-03,Lavavajilla 900 g,Limpieza,Limpieza Total Perú SAC,8,8.2,0.05,62.32,42.0,20.32,Pagado,Yape
P11240,2025-07-07,7,C001,Minimarket El Progreso 001,Minimarket,Lima,Lima,WhatsApp,Luis Paredes,HAR-02,Fideo spaghetti 500 g,Harinas y pastas,Molinos Valle Verde SA,4,3.9,0.03,15.13,11.08,4.05,Pagado,Efectivo
P11252,2025-07-07,7,C019,Bodega Don Lucho 019,Bodega,Lima,Lima,Tienda,Ana Quispe,GRA-01,Quinua blanca 1 kg,Granos andinos,Agroandina del Sur SAC,8,14.5,0,116.0,76.56,39.44,Pagado,Transferencia
P11252,2025-07-07,7,C019,Bodega Don Lucho 019,Bodega,Lima,Lima,Tienda,Ana Quispe,LIM-01,Detergente 2 kg,Limpieza,Limpieza Total Perú SAC,7,19.5,0.05,129.67,94.15,35.52,Pagado,Tarjeta
P11252,2025-07-07,7,C019,Bodega Don Lucho 019,Bodega,Lima,Lima,Tienda,Ana Quispe,LIM-04,Desinfectante 1.8 L,Limpieza,Limpieza Total Perú SAC,6,11.9,0,71.4,45.0,26.4,Pagado,Yape
P11301,2025-07-07,7,C017,Minimarket El Progreso 017,Minimarket,Lima,Lima,Tienda,Luis Paredes,LIM-05,Jabón de tocador x 3,Limpieza,Limpieza Total Perú SAC,10,6.5,0.03,63.05,43.6,19.45,Vencido,Yape
P11301,2025-07-07,7,C017,Minimarket El Progreso 017,Minimarket,Lima,Lima,Tienda,Luis Paredes,LIM-05,Jabón de tocador x 3,Limpieza,Limpieza Total Perú SAC,9,6.5,0.05,55.57,39.24,16.33,Pagado,Plin
P11301,2025-07-07,7,C017,Minimarket El Progreso 017,Minimarket,Lima,Lima,Tienda,Luis Paredes,GRA-03,Maca en polvo 250 g,Granos andinos,Agroandina del Sur SAC,6,17.0,0,102.0,56.1,45.9,Pagado,Yape
P11310,2025-07-07,7,C092,Cafetería El Progreso 092,Cafetería,Chiclayo,Norte,Tienda,María Torres,CAF-02,Café en grano 1 kg,Café y cacao,Café Selva Central SAC,11,46.0,0.05,480.7,288.42,192.28,Pagado,Transferencia
P11310,2025-07-07,7,C092,Cafetería El Progreso 092,Cafetería,Chiclayo,Norte,Tienda,María Torres,GRA-04,Chía 500 g,Granos andinos,Agroandina del Sur SAC,6,13.0,0,78.0,49.92,28.08,Pagado,Tarjeta
P11310,2025-07-07,7,C092,Cafetería El Progreso 092,Cafetería,Chiclayo,Norte,Tienda,María Torres,CAF-04,Chocolate para taza 180 g,Café y cacao,Café Selva Central SAC,2,9.9,0.03,19.21,12.28,6.93,Pagado,Yape
P11360,2025-07-07,7,C051,Empresa San Martín 051,Empresa,Lima,Lima,Tienda,Luis Paredes,GRA-04,Chía 500 g,Granos andinos,Agroandina del Sur SAC,6,13.0,0,78.0,49.92,28.08,Pagado,Efectivo
P11373,2025-07-07,7,C087,Restaurante El Ahorro 087,Restaurante,Trujillo,Norte,Tienda,María Torres,SNA-04,Maní salado 200 g x 12,Snacks,Snacks Costa Azul EIRL,3,30.0,0.02,88.2,55.8,32.4,Pagado,Transferencia
P11152,2025-07-08,7,C073,Minimarket Don Lucho 073,Minimarket,Trujillo,Norte,Tienda,María Torres,CAF-03,Cacao en polvo 250 g,Café y cacao,Café Selva Central SAC,3,12.5,0,37.5,22.5,15.0,Pagado,Tarjeta
P11152,2025-07-08,7,C073,Minimarket Don Lucho 073,Minimarket,Trujillo,Norte,Tienda,María Torres,LIM-03,Lavavajilla 900 g,Limpieza,Limpieza Total Perú SAC,6,8.2,0,49.2,31.5,17.7,Pagado,Tarjeta
P11159,2025-07-08,7,C135,Cafetería La Esperanza 135,Cafetería,Huancayo,Centro,Tienda,Rosa Ccori,GRA-02,Kiwicha pop 300 g,Granos andinos,Agroandina del Sur SAC,6,8.9,0.03,51.8,32.58,19.22,Pagado,Yape
P11159,2025-07-08,7,C135,Cafetería La Esperanza 135,Cafetería,Huancayo,Centro,Tienda,Rosa Ccori,HAR-02,Fideo spaghetti 500 g,Harinas y pastas,Molinos Valle Verde SA,2,3.9,0.03,7.57,5.54,2.03,Pagado,Efectivo
P11194,2025-07-08,7,C137,Minimarket El Puerto 137,Minimarket,Huánuco,Centro,Tienda,Rosa Ccori,GRA-01,Quinua blanca 1 kg,Granos andinos,Agroandina del Sur SAC,7,14.5,0,101.5,66.99,34.51,Pagado,Efectivo
P11194,2025-07-08,7,C137,Minimarket El Puerto 137,Minimarket,Huánuco,Centro,Tienda,Rosa Ccori,BEB-03,Néctar de durazno 1 L x 6,Bebidas,Bebidas Norte Pacífico SAC,5,27.0,0.03,130.95,86.4,44.55,Pagado,Yape
P11229,2025-07-08,7,C009,Minimarket La Esperanza 009,Minimarket,Lima,Lima,Tienda,Rodrigo Salas,CAF-05,Café instantáneo 200 g,Café y cacao,Café Selva Central SAC,12,21.0,0.173,208.4,158.76,49.64,Pagado,Yape
P11237,2025-07-08,7,C077,Mayorista Inti 077,Mayorista,Trujillo,Norte,Mayorista,María Torres,CAF-03,Cacao en polvo 250 g,Café y cacao,Café Selva Central SAC,28,12.5,0.08,322.0,210.0,112.0,Pagado,Transferencia
P11237,2025-07-08,7,C077,Mayorista Inti 077,Mayorista,Trujillo,Norte,Mayorista,María Torres,LIM-02,Lejía 4 L,Limpieza,Limpieza Total Perú SAC,28,9.8,0.08,252.45,181.16,71.29,Pagado,Transferencia
P11271,2025-07-08,7,C041,Bodega Santa Rosa 041,Bodega,Lima,Lima,Tienda,Luis Paredes,BEB-03,Néctar de durazno 1 L x 6,Bebidas,Bebidas Norte Pacífico SAC,9,27.0,0.03,235.71,155.52,80.19,Pagado,Transferencia
P11282,2025-07-08,7,C112,Minimarket La Familia 112,Minimarket,Cusco,Sur,Tienda,Jorge Huamán,HAR-02,Fideo spaghetti 500 g,Harinas y pastas,Molinos Valle Verde SA,4,3.9,0.03,15.13,11.08,4.05,Pagado,Transferencia
P11287,2025-07-08,7,C074,Empresa Santa Rosa 074,Empresa,Piura,Norte,Tienda,María Torres,GRA-01,Quinua blanca 1 kg,Granos andinos,Agroandina del Sur SAC,9,14.5,0,130.5,86.13,44.37,Pagado,Yape
P11298,2025-07-08,7,C116,Bodega Las Flores 116,Bodega,Tacna,Sur,Tienda,Jorge Huamán,GRA-03,Maca en polvo 250 g,Granos andinos,Agroandina del Sur SAC,6,17.0,0,102.0,56.1,45.9,Pagado,Transferencia
P11345,2025-07-08,7,C039,Cafetería El Progreso 039,Cafetería,Lima,Lima,Tienda,Ana Quispe,BEB-04,Bebida rehidratante 500 ml x 12,Bebidas,Bebidas Norte Pacífico SAC,12,33.0,0.03,384.12,249.48,134.64,Pagado,Yape
P11345,2025-07-08,7,C039,Cafetería El Progreso 039,Cafetería,Lima,Lima,Tienda,Ana Quispe,CAF-05,Café instantáneo 200 g,Café y cacao,Café Selva Central SAC,11,21.0,0.03,224.07,145.53,78.54,Vencido,Efectivo
P11367,2025-07-08,7,C087,Restaurante El Ahorro 087,Restaurante,Trujillo,Norte,Tienda,María Torres,BEB-03,Néctar de durazno 1 L x 6,Bebidas,Bebidas Norte Pacífico SAC,9,27.0,0,243.0,155.52,87.48,Pagado,Yape
P11367,2025-07-08,7,C087,Restaurante El Ahorro 087,Restaurante,Trujillo,Norte,Tienda,María Torres,SNA-04,Maní salado 200 g x 12,Snacks,Snacks Costa Azul EIRL,7,30.0,0.05,199.5,130.2,69.3,Pagado,Yape
P11169,2025-07-09,7,C025,Minimarket Don Lucho 025,Minimarket,Lima,Lima,Tienda,Rodrigo Salas,CAF-02,Café en grano 1 kg,Café y cacao,Café Selva Central SAC,9,46.0,0.162,346.93,235.98,110.95,Pagado,Yape
P11169,2025-07-09,7,C025,Minimarket Don Lucho 025,Minimarket,Lima,Lima,Tienda,Rodrigo Salas,SNA-01,Papas nativas 120 g x 10,Snacks,Snacks Costa Azul EIRL,6,35.0,0.157,177.03,126.0,51.03,Vencido,Tarjeta
P11169,2025-07-09,7,C025,Minimarket Don Lucho 025,Minimarket,Lima,Lima,Tienda,Rodrigo Salas,CAF-03,Cacao en polvo 250 g,Café y cacao,Café Selva Central SAC,5,12.5,0.132,54.25,37.5,16.75,Pagado,Yape
P11234,2025-07-09,7,C117,Empresa Mi Perú 117,Empresa,Arequipa,Sur,Tienda,Jorge Huamán,BEB-05,Té helado 500 ml x 12,Bebidas,Bebidas Norte Pacífico SAC,7,29.0,0.05,192.85,123.83,69.02,Pagado,Transferencia
P11234,2025-07-09,7,C117,Empresa Mi Perú 117,Empresa,Arequipa,Sur,Tienda,Jorge Huamán,CAF-04,Chocolate para taza 180 g,Café y cacao,Café Selva Central SAC,11,9.9,0,108.9,67.54,41.36,Pagado,Plin
P11258,2025-07-09,7,C023,Bodega El Sol 023,Bodega,Lima,Lima,WhatsApp,Ana Quispe,CAF-02,Café en grano 1 kg,Café y cacao,Café Selva Central SAC,6,46.0,0.05,262.2,157.32,104.88,Pagado,Yape
P11269,2025-07-09,7,C043,Restaurante Mi Perú 043,Restaurante,Lima,Lima,Tienda,Ana Quispe,HAR-04,Harina preparada 1 kg,Harinas y pastas,Molinos Valle Verde SA,9,6.3,0.05,53.86,41.4,12.46,Pagado,Yape
P11269,2025-07-09,7,C043,Restaurante Mi Perú 043,Restaurante,Lima,Lima,Tienda,Ana Quispe,SNA-02,Chifles 150 g x 10,Snacks,Snacks Costa Azul EIRL,6,28.0,0.03,162.96,97.44,65.52,Pagado,Transferencia
P11304,2025-07-09,7,C057,Bodega La Victoria 057,Bodega,Lima,Lima,Tienda,Rodrigo Salas,BEB-03,Néctar de durazno 1 L x 6,Bebidas,Bebidas Norte Pacífico SAC,7,27.0,0.169,157.06,120.96,36.1,Pagado,Yape
P11332,2025-07-09,7,C067,Bodega Las Flores 067,Bodega,Lima,Lima,Tienda,Ana Quispe,SNA-04,Maní salado 200 g x 12,Snacks,Snacks Costa Azul EIRL,11,30.0,0,330.0,204.6,125.4,Vencido,Transferencia
P11332,2025-07-09,7,C067,Bodega Las Flores 067,Bodega,Lima,Lima,Tienda,Ana Quispe,LIM-02,Lejía 4 L,Limpieza,Limpieza Total Perú SAC,2,9.8,0,19.6,12.94,6.66,Pagado,Efectivo
P11333,2025-07-09,7,C068,Minimarket San Pedro 068,Minimarket,Lima,Lima,Tienda,Ana Quispe,SNA-03,Galletas de avena x 24,Snacks,Snacks Costa Azul EIRL,11,22.0,0,242.0,157.3,84.7,Pagado,Tarjeta
P11334,2025-07-09,7,C038,Bodega El Ahorro 038,Bodega,Lima,Lima,Online,Ana Quispe,GRA-05,Avena con quinua 900 g,Granos andinos,Agroandina del Sur SAC,8,11.5,0.05,87.4,61.68,25.72,Pagado,Transferencia
P11334,2025-07-09,7,C038,Bodega El Ahorro 038,Bodega,Lima,Lima,Online,Ana Quispe,CAF-02,Café en grano 1 kg,Café y cacao,Café Selva Central SAC,8,46.0,0.02,360.64,209.76,150.88,Pagado,Efectivo
P11365,2025-07-09,7,C108,Bodega El Sol 108,Bodega,Tacna,Sur,Tienda,Jorge Huamán,SNA-01,Papas nativas 120 g x 10,Snacks,Snacks Costa Azul EIRL,2,35.0,0.03,67.9,42.0,25.9,Pagado,Yape
P11144,2025-07-10,7,C107,Minimarket Mi Perú 107,Minimarket,Cusco,Sur,Online,Jorge Huamán,GRA-02,Kiwicha pop 300 g,Granos andinos,Agroandina del Sur SAC,2,8.9,0.05,16.91,10.86,6.05,Pagado,Tarjeta
P11305,2025-07-10,7,C031,Bodega El Ahorro 031,Bodega,Lima,Lima,WhatsApp,Luis Paredes,SNA-03,Galletas de avena x 24,Snacks,Snacks Costa Azul EIRL,4,22.0,0.03,85.36,57.2,28.16,Pagado,Yape
P11305,2025-07-10,7,C031,Bodega El Ahorro 031,Bodega,Lima,Lima,WhatsApp,Luis Paredes,SNA-04,Maní salado 200 g x 12,Snacks,Snacks Costa Azul EIRL,5,30.0,0,150.0,93.0,57.0,Pagado,Transferencia
P11321,2025-07-10,7,C008,Minimarket El Trébol 008,Minimarket,Lima,Lima,Tienda,Luis Paredes,SNA-03,Galletas de avena x 24,Snacks,Snacks Costa Azul EIRL,11,22.0,0.02,237.16,157.3,79.86,Pagado,Transferencia
P11321,2025-07-10,7,C008,Minimarket El Trébol 008,Minimarket,Lima,Lima,Tienda,Luis Paredes,LIM-01,Detergente 2 kg,Limpieza,Limpieza Total Perú SAC,6,19.5,0,117.0,80.7,36.3,Vencido,Transferencia
P11321,2025-07-10,7,C008,Minimarket El Trébol 008,Minimarket,Lima,Lima,Tienda,Luis Paredes,BEB-02,Gaseosa 3 L x 4,Bebidas,Bebidas Norte Pacífico SAC,2,32.0,0,64.0,43.52,20.48,Pagado,Yape
P11340,2025-07-10,7,C066,Empresa La Esperanza 066,Empresa,Lima,Lima,Online,Rodrigo Salas,GRA-04,Chía 500 g,Granos andinos,Agroandina del Sur SAC,4,13.0,0.129,45.29,33.28,12.01,Pagado,Transferencia
P11340,2025-07-10,7,C066,Empresa La Esperanza 066,Empresa,Lima,Lima,Online,Rodrigo Salas,BEB-03,Néctar de durazno 1 L x 6,Bebidas,Bebidas Norte Pacífico SAC,7,27.0,0.149,160.84,120.96,39.88,Pagado,Yape
P11356,2025-07-10,7,C023,Bodega El Sol 023,Bodega,Lima,Lima,Tienda,Rodrigo Salas,SNA-02,Chifles 150 g x 10,Snacks,Snacks Costa Azul EIRL,7,28.0,0.169,162.88,113.68,49.2,Vencido,Yape
P11356,2025-07-10,7,C023,Bodega El Sol 023,Bodega,Lima,Lima,Tienda,Rodrigo Salas,CAF-04,Chocolate para taza 180 g,Café y cacao,Café Selva Central SAC,11,9.9,0.138,93.87,67.54,26.33,Pagado,Tarjeta
P11180,2025-07-11,7,C138,Restaurante Las Flores 138,Restaurante,Huánuco,Centro,Tienda,Rosa Ccori,BEB-03,Néctar de durazno 1 L x 6,Bebidas,Bebidas Norte Pacífico SAC,3,27.0,0.02,79.38,51.84,27.54,Pagado,Yape
P11180,2025-07-11,7,C138,Restaurante Las Flores 138,Restaurante,Huánuco,Centro,Tienda,Rosa Ccori,SNA-03,Galletas de avena x 24,Snacks,Snacks Costa Azul EIRL,8,22.0,0,176.0,114.4,61.6,Pagado,Transferencia
P11186,2025-07-11,7,C056,Minimarket La Esperanza 056,Minimarket,Lima,Lima,Tienda,Luis Paredes,HAR-02,Fideo spaghetti 500 g,Harinas y pastas,Molinos Valle Verde SA,7,3.9,0,27.3,19.39,7.91,Pagado,Yape
P11186,2025-07-11,7,C056,Minimarket La Esperanza 056,Minimarket,Lima,Lima,Tienda,Luis Paredes,BEB-03,Néctar de durazno 1 L x 6,Bebidas,Bebidas Norte Pacífico SAC,11,27.0,0.03,288.09,190.08,98.01,Pagado,Yape
P11220,2025-07-11,7,C073,Minimarket Don Lucho 073,Minimarket,Trujillo,Norte,Tienda,María Torres,LIM-02,Lejía 4 L,Limpieza,Limpieza Total Perú SAC,9,9.8,0,88.2,58.23,29.97,Pagado,Tarjeta
P11220,2025-07-11,7,C073,Minimarket Don Lucho 073,Minimarket,Trujillo,Norte,Tienda,María Torres,BEB-04,Bebida rehidratante 500 ml x 12,Bebidas,Bebidas Norte Pacífico SAC,10,33.0,0.03,320.1,207.9,112.2,Pagado,Transferencia
P11220,2025-07-11,7,C073,Minimarket Don Lucho 073,Minimarket,Trujillo,Norte,Tienda,María Torres,HAR-05,Sémola 500 g,Harinas y pastas,Molinos Valle Verde SA,2,4.1,0.02,8.04,5.74,2.3,Pagado,Transferencia
P11238,2025-07-11,7,C037,Bodega El Trébol 037,Bodega,Lima,Lima,Tienda,Ana Quispe,GRA-02,Kiwicha pop 300 g,Granos andinos,Agroandina del Sur SAC,10,8.9,0,89.0,54.3,34.7,Pagado,Yape
P11238,2025-07-11,7,C037,Bodega El Trébol 037,Bodega,Lima,Lima,Tienda,Ana Quispe,GRA-02,Kiwicha pop 300 g,Granos andinos,Agroandina del Sur SAC,5,8.9,0.05,42.27,27.15,15.12,Pagado,Tarjeta
P11290,2025-07-11,7,C005,Minimarket Inti 005,Minimarket,Lima,Lima,Tienda,Ana Quispe,SNA-03,Galletas de avena x 24,Snacks,Snacks Costa Azul EIRL,4,22.0,0,88.0,57.2,30.8,Pagado,Efectivo
P11307,2025-07-11,7,C129,Mayorista La Esperanza 129,Mayorista,Huánuco,Centro,Mayorista,Rosa Ccori,LIM-05,Jabón de tocador x 3,Limpieza,Limpieza Total Perú SAC,28,6.5,0.08,167.44,122.08,45.36,Pagado,Transferencia
P11307,2025-07-11,7,C129,Mayorista La Esperanza 129,Mayorista,Huánuco,Centro,Mayorista,Rosa Ccori,CAF-02,Café en grano 1 kg,Café y cacao,Café Selva Central SAC,40,46.0,0.08,1692.8,1048.8,644.0,Pagado,Transferencia
P11342,2025-07-11,7,C032,Restaurante Santa Rosa 032,Restaurante,Lima,Lima,Tienda,Luis Paredes,HAR-05,Sémola 500 g,Harinas y pastas,Molinos Valle Verde SA,12,4.1,0.05,46.74,34.44,12.3,Pagado,Yape
P11342,2025-07-11,7,C032,Restaurante Santa Rosa 032,Restaurante,Lima,Lima,Tienda,Luis Paredes,GRA-02,Kiwicha pop 300 g,Granos andinos,Agroandina del Sur SAC,5,8.9,0,44.5,27.15,17.35,Pagado,Efectivo
P11364,2025-07-11,7,C115,Empresa El Puerto 115,Empresa,Arequipa,Sur,Tienda,Jorge Huamán,GRA-01,Quinua blanca 1 kg,Granos andinos,Agroandina del Sur SAC,4,14.5,0.05,55.1,38.28,16.82,Pagado,Tarjeta
P11364,2025-07-11,7,C115,Empresa El Puerto 115,Empresa,Arequipa,Sur,Tienda,Jorge Huamán,HAR-05,Sémola 500 g,Harinas y pastas,Molinos Valle Verde SA,7,4.1,0,28.7,20.09,8.61,Pagado,Yape
P11137,2025-07-12,7,C049,Restaurante San Pedro 049,Restaurante,Lima,Lima,Tienda,Rodrigo Salas,SNA-01,Papas nativas 120 g x 10,Snacks,Snacks Costa Azul EIRL,5,35.0,0.175,144.38,105.0,39.38,Pagado,Transferencia
P11137,2025-07-12,7,C049,Restaurante San Pedro 049,Restaurante,Lima,Lima,Tienda,Rodrigo Salas,BEB-05,Té helado 500 ml x 12,Bebidas,Bebidas Norte Pacífico SAC,8,29.0,0.158,195.34,141.52,53.82,Pagado,Transferencia
P11167,2025-07-12,7,C089,Minimarket Nueva Era 089,Minimarket,Chiclayo,Norte,Tienda,María Torres,SNA-04,Maní salado 200 g x 12,Snacks,Snacks Costa Azul EIRL,2,30.0,0,60.0,37.2,22.8,Pagado,Yape
P11167,2025-07-12,7,C089,Minimarket Nueva Era 089,Minimarket,Chiclayo,Norte,Tienda,María Torres,LIM-05,Jabón de tocador x 3,Limpieza,Limpieza Total Perú SAC,8,6.5,0,52.0,34.88,17.12,Pagado,Yape
P11167,2025-07-12,7,C089,Minimarket Nueva Era 089,Minimarket,Chiclayo,Norte,Tienda,María Torres,GRA-01,Quinua blanca 1 kg,Granos andinos,Agroandina del Sur SAC,8,14.5,0.03,112.52,76.56,35.96,Pagado,Transferencia
P11188,2025-07-12,7,C002,Bodega Pachamama 002,Bodega,Lima,Lima,Tienda,Rodrigo Salas,BEB-01,Agua mineral 625 ml x 15,Bebidas,Bebidas Norte Pacífico SAC,4,18.0,0.165,60.12,44.64,15.48,Pagado,Transferencia
P11188,2025-07-12,7,C002,Bodega Pachamama 002,Bodega,Lima,Lima,Tienda,Rodrigo Salas,LIM-03,Lavavajilla 900 g,Limpieza,Limpieza Total Perú SAC,5,8.2,0.124,35.92,26.25,9.67,Pagado,Efectivo
P11243,2025-07-12,7,C007,Restaurante El Puerto 007,Restaurante,Lima,Lima,WhatsApp,Rodrigo Salas,HAR-03,Fideo tallarín 1 kg,Harinas y pastas,Molinos Valle Verde SA,9,7.2,0.111,57.61,46.62,10.99,Pagado,Plin
P11255,2025-07-12,7,C065,Bodega Virgen de Fátima 065,Bodega,Lima,Lima,WhatsApp,Luis Paredes,HAR-04,Harina preparada 1 kg,Harinas y pastas,Molinos Valle Verde SA,12,6.3,0.02,74.09,55.2,18.89,Pagado,Efectivo
P11255,2025-07-12,7,C065,Bodega Virgen de Fátima 065,Bodega,Lima,Lima,WhatsApp,Luis Paredes,HAR-01,Harina sin preparar 1 kg,Harinas y pastas,Molinos Valle Verde SA,12,5.4,0.02,63.5,48.0,15.5,Pagado,Plin
P11265,2025-07-12,7,C116,Bodega Las Flores 116,Bodega,Tacna,Sur,Tienda,Jorge Huamán,CAF-01,Café tostado molido 500 g,Café y cacao,Café Selva Central SAC,6,24.0,0,144.0,83.52,60.48,Pagado,Transferencia
P11265,2025-07-12,7,C116,Bodega Las Flores 116,Bodega,Tacna,Sur,Tienda,Jorge Huamán,SNA-03,Galletas de avena x 24,Snacks,Snacks Costa Azul EIRL,4,22.0,0.03,85.36,57.2,28.16,Pagado,Yape
P11265,2025-07-12,7,C116,Bodega Las Flores 116,Bodega,Tacna,Sur,Tienda,Jorge Huamán,SNA-04,Maní salado 200 g x 12,Snacks,Snacks Costa Azul EIRL,9,30.0,0.02,264.6,167.4,97.2,Pagado,Yape
P11377,2025-07-12,7,C044,Bodega Inti 044,Bodega,Lima,Lima,Tienda,Rodrigo Salas,GRA-05,Avena con quinua 900 g,Granos andinos,Agroandina del Sur SAC,8,11.5,0.134,79.67,61.68,17.99,Pagado,Yape
P11377,2025-07-12,7,C044,Bodega Inti 044,Bodega,Lima,Lima,Tienda,Rodrigo Salas,SNA-01,Papas nativas 120 g x 10,Snacks,Snacks Costa Azul EIRL,7,35.0,0.15,208.25,147.0,61.25,Pagado,Tarjeta
P11377,2025-07-12,7,C044,Bodega Inti 044,Bodega,Lima,Lima,Tienda,Rodrigo Salas,HAR-05,Sémola 500 g,Harinas y pastas,Molinos Valle Verde SA,4,4.1,0.174,13.55,11.48,2.07,Pagado,Transferencia
P11378,2025-07-12,7,C140,Minimarket San Pedro 140,Minimarket,Huancayo,Centro,Tienda,Rosa Ccori,BEB-05,Té helado 500 ml x 12,Bebidas,Bebidas Norte Pacífico SAC,12,29.0,0.03,337.56,212.28,125.28,Pagado,Efectivo
P11148,2025-07-13,7,C025,Minimarket Don Lucho 025,Minimarket,Lima,Lima,Tienda,Rodrigo Salas,LIM-04,Desinfectante 1.8 L,Limpieza,Limpieza Total Perú SAC,7,11.9,0.173,68.89,52.5,16.39,Vencido,Tarjeta
P11148,2025-07-13,7,C025,Minimarket Don Lucho 025,Minimarket,Lima,Lima,Tienda,Rodrigo Salas,HAR-03,Fideo tallarín 1 kg,Harinas y pastas,Molinos Valle Verde SA,8,7.2,0.176,47.46,41.44,6.02,Pagado,Plin
P11179,2025-07-13,7,C106,Cafetería El Progreso 106,Cafetería,Cusco,Sur,WhatsApp,Jorge Huamán,CAF-01,Café tostado molido 500 g,Café y cacao,Café Selva Central SAC,2,24.0,0.03,46.56,27.84,18.72,Pagado,Plin
P11185,2025-07-13,7,C066,Empresa La Esperanza 066,Empresa,Lima,Lima,Tienda,Rodrigo Salas,GRA-02,Kiwicha pop 300 g,Granos andinos,Agroandina del Sur SAC,11,8.9,0.111,87.03,59.73,27.3,Pagado,Efectivo
P11185,2025-07-13,7,C066,Empresa La Esperanza 066,Empresa,Lima,Lima,Tienda,Rodrigo Salas,GRA-05,Avena con quinua 900 g,Granos andinos,Agroandina del Sur SAC,12,11.5,0.144,118.13,92.52,25.61,Pagado,Efectivo
P11203,2025-07-13,7,C031,Bodega El Ahorro 031,Bodega,Lima,Lima,Online,Ana Quispe,LIM-04,Desinfectante 1.8 L,Limpieza,Limpieza Total Perú SAC,10,11.9,0.05,113.05,75.0,38.05,Pagado,Tarjeta
P11203,2025-07-13,7,C031,Bodega El Ahorro 031,Bodega,Lima,Lima,Online,Ana Quispe,BEB-04,Bebida rehidratante 500 ml x 12,Bebidas,Bebidas Norte Pacífico SAC,10,33.0,0.03,320.1,207.9,112.2,Pagado,Efectivo
P11204,2025-07-13,7,C026,Bodega Mi Perú 026,Bodega,Lima,Lima,Tienda,Rodrigo Salas,LIM-05,Jabón de tocador x 3,Limpieza,Limpieza Total Perú SAC,4,6.5,0.118,22.93,17.44,5.49,Pagado,Transferencia
P11204,2025-07-13,7,C026,Bodega Mi Perú 026,Bodega,Lima,Lima,Tienda,Rodrigo Salas,HAR-01,Harina sin preparar 1 kg,Harinas y pastas,Molinos Valle Verde SA,7,5.4,0.18,31.0,28.0,3.0,Pagado,Transferencia
P11204,2025-07-13,7,C026,Bodega Mi Perú 026,Bodega,Lima,Lima,Tienda,Rodrigo Salas,SNA-01,Papas nativas 120 g x 10,Snacks,Snacks Costa Azul EIRL,5,35.0,0.148,149.1,105.0,44.1,Pagado,Plin
P11205,2025-07-13,7,C066,Empresa La Esperanza 066,Empresa,Lima,Lima,Tienda,Rodrigo Salas,LIM-03,Lavavajilla 900 g,Limpieza,Limpieza Total Perú SAC,11,8.2,0.108,80.46,57.75,22.71,Pagado,Tarjeta
P11205,2025-07-13,7,C066,Empresa La Esperanza 066,Empresa,Lima,Lima,Tienda,Rodrigo Salas,BEB-04,Bebida rehidratante 500 ml x 12,Bebidas,Bebidas Norte Pacífico SAC,7,33.0,0.131,200.74,145.53,55.21,Pagado,Efectivo
P11216,2025-07-13,7,C025,Minimarket Don Lucho 025,Minimarket,Lima,Lima,Tienda,Luis Paredes,SNA-01,Papas nativas 120 g x 10,Snacks,Snacks Costa Azul EIRL,3,35.0,0.05,99.75,63.0,36.75,Vencido,Yape
P11222,2025-07-13,7,C138,Restaurante Las Flores 138,Restaurante,Huánuco,Centro,Tienda,Rosa Ccori,BEB-05,Té helado 500 ml x 12,Bebidas,Bebidas Norte Pacífico SAC,5,29.0,0.03,140.65,88.45,52.2,Pagado,Transferencia
P11222,2025-07-13,7,C138,Restaurante Las Flores 138,Restaurante,Huánuco,Centro,Tienda,Rosa Ccori,CAF-03,Cacao en polvo 250 g,Café y cacao,Café Selva Central SAC,6,12.5,0,75.0,45.0,30.0,Pagado,Efectivo
P11267,2025-07-13,7,C060,Bodega El Sol 060,Bodega,Lima,Lima,Tienda,Ana Quispe,HAR-02,Fideo spaghetti 500 g,Harinas y pastas,Molinos Valle Verde SA,5,3.9,0.02,19.11,13.85,5.26,Pagado,Transferencia
P11267,2025-07-13,7,C060,Bodega El Sol 060,Bodega,Lima,Lima,Tienda,Ana Quispe,CAF-04,Chocolate para taza 180 g,Café y cacao,Café Selva Central SAC,10,9.9,0.02,97.02,61.4,35.62,Pagado,Yape
P11281,2025-07-13,7,C112,Minimarket La Familia 112,Minimarket,Cusco,Sur,WhatsApp,Jorge Huamán,LIM-05,Jabón de tocador x 3,Limpieza,Limpieza Total Perú SAC,3,6.5,0.02,19.11,13.08,6.03,Pagado,Yape
P11281,2025-07-13,7,C112,Minimarket La Familia 112,Minimarket,Cusco,Sur,WhatsApp,Jorge Huamán,CAF-01,Café tostado molido 500 g,Café y cacao,Café Selva Central SAC,11,24.0,0.05,250.8,153.12,97.68,Pagado,Transferencia
P11309,2025-07-13,7,C089,Minimarket Nueva Era 089,Minimarket,Chiclayo,Norte,Tienda,María Torres,GRA-01,Quinua blanca 1 kg,Granos andinos,Agroandina del Sur SAC,2,14.5,0,29.0,19.14,9.86,Pagado,Plin
P11309,2025-07-13,7,C089,Minimarket Nueva Era 089,Minimarket,Chiclayo,Norte,Tienda,María Torres,HAR-04,Harina preparada 1 kg,Harinas y pastas,Molinos Valle Verde SA,4,6.3,0,25.2,18.4,6.8,Pagado,Efectivo
P11309,2025-07-13,7,C089,Minimarket Nueva Era 089,Minimarket,Chiclayo,Norte,Tienda,María Torres,CAF-05,Café instantáneo 200 g,Café y cacao,Café Selva Central SAC,4,21.0,0,84.0,52.92,31.08,Pagado,Yape
P11135,2025-07-14,7,C109,Bodega Los Andes 109,Bodega,Tacna,Sur,Tienda,Jorge Huamán,HAR-01,Harina sin preparar 1 kg,Harinas y pastas,Molinos Valle Verde SA,3,5.4,0.05,15.39,12.0,3.39,Pagado,Transferencia
P11135,2025-07-14,7,C109,Bodega Los Andes 109,Bodega,Tacna,Sur,Tienda,Jorge Huamán,BEB-01,Agua mineral 625 ml x 15,Bebidas,Bebidas Norte Pacífico SAC,5,18.0,0.05,85.5,55.8,29.7,Pagado,Yape
P11135,2025-07-14,7,C109,Bodega Los Andes 109,Bodega,Tacna,Sur,Tienda,Jorge Huamán,SNA-03,Galletas de avena x 24,Snacks,Snacks Costa Azul EIRL,8,22.0,0,176.0,114.4,61.6,Pagado,Transferencia
P11178,2025-07-14,7,C073,Minimarket Don Lucho 073,Minimarket,Trujillo,Norte,Tienda,María Torres,SNA-05,Camote frito 120 g x 10,Snacks,Snacks Costa Azul EIRL,11,31.0,0,341.0,201.19,139.81,Pagado,Yape
P11195,2025-07-14,7,C069,Restaurante Mi Perú 069,Restaurante,Lima,Lima,Tienda,Ana Quispe,LIM-05,Jabón de tocador x 3,Limpieza,Limpieza Total Perú SAC,6,6.5,0.03,37.83,26.16,11.67,Pagado,Transferencia
P11195,2025-07-14,7,C069,Restaurante Mi Perú 069,Restaurante,Lima,Lima,Tienda,Ana Quispe,HAR-01,Harina sin preparar 1 kg,Harinas y pastas,Molinos Valle Verde SA,3,5.4,0.03,15.71,12.0,3.71,Pagado,Yape
P11261,2025-07-14,7,C139,Minimarket Virgen de Fátima 139,Minimarket,Huancayo,Centro,Tienda,Rosa Ccori,SNA-02,Chifles 150 g x 10,Snacks,Snacks Costa Azul EIRL,3,28.0,0,84.0,48.72,35.28,Pagado,Efectivo
P11275,2025-07-14,7,C005,Minimarket Inti 005,Minimarket,Lima,Lima,Tienda,Luis Paredes,CAF-02,Café en grano 1 kg,Café y cacao,Café Selva Central SAC,10,46.0,0.02,450.8,262.2,188.6,Pagado,Yape
P11275,2025-07-14,7,C005,Minimarket Inti 005,Minimarket,Lima,Lima,Tienda,Luis Paredes,BEB-01,Agua mineral 625 ml x 15,Bebidas,Bebidas Norte Pacífico SAC,9,18.0,0,162.0,100.44,61.56,Pagado,Transferencia
P11355,2025-07-14,7,C009,Minimarket La Esperanza 009,Minimarket,Lima,Lima,Tienda,Ana Quispe,BEB-01,Agua mineral 625 ml x 15,Bebidas,Bebidas Norte Pacífico SAC,2,18.0,0,36.0,22.32,13.68,Pagado,Transferencia
P11355,2025-07-14,7,C009,Minimarket La Esperanza 009,Minimarket,Lima,Lima,Tienda,Ana Quispe,LIM-02,Lejía 4 L,Limpieza,Limpieza Total Perú SAC,7,9.8,0,68.6,45.29,23.31,Pagado,Plin
P11363,2025-07-14,7,C075,Mayorista Santa Rosa 075,Mayorista,Trujillo,Norte,Mayorista,María Torres,BEB-03,Néctar de durazno 1 L x 6,Bebidas,Bebidas Norte Pacífico SAC,16,27.0,0.08,397.44,276.48,120.96,Pagado,Transferencia
P11153,2025-07-15,7,C092,Cafetería El Progreso 092,Cafetería,Chiclayo,Norte,WhatsApp,María Torres,HAR-04,Harina preparada 1 kg,Harinas y pastas,Molinos Valle Verde SA,7,6.3,0.03,42.78,32.2,10.58,Pagado,Efectivo
P11221,2025-07-15,7,C116,Bodega Las Flores 116,Bodega,Tacna,Sur,Tienda,Jorge Huamán,LIM-01,Detergente 2 kg,Limpieza,Limpieza Total Perú SAC,10,19.5,0.03,189.15,134.5,54.65,Pagado,Tarjeta
P11221,2025-07-15,7,C116,Bodega Las Flores 116,Bodega,Tacna,Sur,Tienda,Jorge Huamán,LIM-05,Jabón de tocador x 3,Limpieza,Limpieza Total Perú SAC,3,6.5,0.03,18.91,13.08,5.83,Pagado,Transferencia
P11221,2025-07-15,7,C116,Bodega Las Flores 116,Bodega,Tacna,Sur,Tienda,Jorge Huamán,LIM-02,Lejía 4 L,Limpieza,Limpieza Total Perú SAC,11,9.8,0.02,105.64,71.17,34.47,Pagado,Yape
P11224,2025-07-15,7,C087,Restaurante El Ahorro 087,Restaurante,Trujillo,Norte,Tienda,María Torres,HAR-04,Harina preparada 1 kg,Harinas y pastas,Molinos Valle Verde SA,6,6.3,0,37.8,27.6,10.2,Pagado,Transferencia
P11276,2025-07-15,7,C050,Mayorista El Sol 050,Mayorista,Lima,Lima,Mayorista,Luis Paredes,GRA-04,Chía 500 g,Granos andinos,Agroandina del Sur SAC,16,13.0,0.08,191.36,133.12,58.24,Vencido,Transferencia
P11276,2025-07-15,7,C050,Mayorista El Sol 050,Mayorista,Lima,Lima,Mayorista,Luis Paredes,LIM-03,Lavavajilla 900 g,Limpieza,Limpieza Total Perú SAC,48,8.2,0.08,362.11,252.0,110.11,Pagado,Transferencia
P11320,2025-07-15,7,C021,Empresa Nueva Era 021,Empresa,Lima,Lima,Tienda,Luis Paredes,SNA-03,Galletas de avena x 24,Snacks,Snacks Costa Azul EIRL,9,22.0,0,198.0,128.7,69.3,Pagado,Tarjeta
P11327,2025-07-15,7,C100,Restaurante El Ahorro 100,Restaurante,Cusco,Sur,Tienda,Jorge Huamán,HAR-03,Fideo tallarín 1 kg,Harinas y pastas,Molinos Valle Verde SA,4,7.2,0.03,27.94,20.72,7.22,Pagado,Plin
P11327,2025-07-15,7,C100,Restaurante El Ahorro 100,Restaurante,Cusco,Sur,Tienda,Jorge Huamán,LIM-03,Lavavajilla 900 g,Limpieza,Limpieza Total Perú SAC,7,8.2,0,57.4,36.75,20.65,Pagado,Efectivo
P11359,2025-07-15,7,C116,Bodega Las Flores 116,Bodega,Tacna,Sur,Tienda,Jorge Huamán,BEB-05,Té helado 500 ml x 12,Bebidas,Bebidas Norte Pacífico SAC,9,29.0,0.03,253.17,159.21,93.96,Pagado,Transferencia
P11370,2025-07-15,7,C024,Bodega Los Andes 024,Bodega,Lima,Lima,Tienda,Rodrigo Salas,CAF-04,Chocolate para taza 180 g,Café y cacao,Café Selva Central SAC,4,9.9,0.171,32.83,24.56,8.27,Pagado,Transferencia
P11370,2025-07-15,7,C024,Bodega Los Andes 024,Bodega,Lima,Lima,Tienda,Rodrigo Salas,CAF-04,Chocolate para taza 180 g,Café y cacao,Café Selva Central SAC,11,9.9,0.148,92.78,67.54,25.24,Pagado,Transferencia
P11370,2025-07-15,7,C024,Bodega Los Andes 024,Bodega,Lima,Lima,Tienda,Rodrigo Salas,CAF-03,Cacao en polvo 250 g,Café y cacao,Café Selva Central SAC,3,12.5,0.17,31.12,22.5,8.62,Pagado,Transferencia
P11371,2025-07-15,7,C093,Empresa Pachamama 093,Empresa,Piura,Norte,Tienda,María Torres,LIM-03,Lavavajilla 900 g,Limpieza,Limpieza Total Perú SAC,4,8.2,0.02,32.14,21.0,11.14,Pagado,Plin
P11371,2025-07-15,7,C093,Empresa Pachamama 093,Empresa,Piura,Norte,Tienda,María Torres,HAR-01,Harina sin preparar 1 kg,Harinas y pastas,Molinos Valle Verde SA,5,5.4,0.02,26.46,20.0,6.46,Pagado,Transferencia
P11163,2025-07-16,7,C129,Mayorista La Esperanza 129,Mayorista,Huánuco,Centro,Mayorista,Rosa Ccori,BEB-05,Té helado 500 ml x 12,Bebidas,Bebidas Norte Pacífico SAC,8,29.0,0.08,213.44,141.52,71.92,Pagado,Transferencia
P11163,2025-07-16,7,C129,Mayorista La Esperanza 129,Mayorista,Huánuco,Centro,Mayorista,Rosa Ccori,LIM-03,Lavavajilla 900 g,Limpieza,Limpieza Total Perú SAC,28,8.2,0.08,211.23,147.0,64.23,Pagado,Transferencia
P11183,2025-07-16,7,C078,Bodega Inti 078,Bodega,Piura,Norte,Tienda,María Torres,CAF-01,Café tostado molido 500 g,Café y cacao,Café Selva Central SAC,10,24.0,0,240.0,139.2,100.8,Pagado,Transferencia
P11183,2025-07-16,7,C078,Bodega Inti 078,Bodega,Piura,Norte,Tienda,María Torres,LIM-05,Jabón de tocador x 3,Limpieza,Limpieza Total Perú SAC,2,6.5,0,13.0,8.72,4.28,Pagado,Plin
P11183,2025-07-16,7,C078,Bodega Inti 078,Bodega,Piura,Norte,Tienda,María Torres,LIM-01,Detergente 2 kg,Limpieza,Limpieza Total Perú SAC,9,19.5,0.05,166.72,121.05,45.67,Pagado,Efectivo
P11242,2025-07-16,7,C026,Bodega Mi Perú 026,Bodega,Lima,Lima,Tienda,Rodrigo Salas,GRA-04,Chía 500 g,Granos andinos,Agroandina del Sur SAC,7,13.0,0.139,78.35,58.24,20.11,Pagado,Tarjeta
P11242,2025-07-16,7,C026,Bodega Mi Perú 026,Bodega,Lima,Lima,Tienda,Rodrigo Salas,HAR-05,Sémola 500 g,Harinas y pastas,Molinos Valle Verde SA,3,4.1,0.115,10.89,8.61,2.28,Pagado,Efectivo
P11285,2025-07-16,7,C044,Bodega Inti 044,Bodega,Lima,Lima,Tienda,Rodrigo Salas,CAF-02,Café en grano 1 kg,Café y cacao,Café Selva Central SAC,8,46.0,0.141,316.11,209.76,106.35,Pagado,Plin
P11285,2025-07-16,7,C044,Bodega Inti 044,Bodega,Lima,Lima,Tienda,Rodrigo Salas,CAF-02,Café en grano 1 kg,Café y cacao,Café Selva Central SAC,11,46.0,0.177,416.44,288.42,128.02,Pagado,Transferencia
P11285,2025-07-16,7,C044,Bodega Inti 044,Bodega,Lima,Lima,Tienda,Rodrigo Salas,CAF-02,Café en grano 1 kg,Café y cacao,Café Selva Central SAC,2,46.0,0.139,79.21,52.44,26.77,Vencido,Yape
P11302,2025-07-16,7,C078,Bodega Inti 078,Bodega,Piura,Norte,Tienda,María Torres,GRA-04,Chía 500 g,Granos andinos,Agroandina del Sur SAC,8,13.0,0.02,101.92,66.56,35.36,Vencido,Transferencia
P11322,2025-07-16,7,C095,Bodega La Familia 095,Bodega,Piura,Norte,WhatsApp,María Torres,GRA-03,Maca en polvo 250 g,Granos andinos,Agroandina del Sur SAC,10,17.0,0.05,161.5,93.5,68.0,Pagado,Transferencia
P11166,2025-07-17,7,C004,Bodega San Pedro 004,Bodega,Lima,Lima,Tienda,Luis Paredes,GRA-05,Avena con quinua 900 g,Granos andinos,Agroandina del Sur SAC,6,11.5,0,69.0,46.26,22.74,Pagado,Transferencia
P11173,2025-07-17,7,C136,Bodega El Ahorro 136,Bodega,Huánuco,Centro,Online,Rosa Ccori,GRA-04,Chía 500 g,Granos andinos,Agroandina del Sur SAC,11,13.0,0.02,140.14,91.52,48.62,Pagado,Efectivo
P11200,2025-07-17,7,C071,Minimarket Santa Rosa 071,Minimarket,Chiclayo,Norte,Tienda,María Torres,GRA-01,Quinua blanca 1 kg,Granos andinos,Agroandina del Sur SAC,9,14.5,0.05,123.97,86.13,37.84,Pagado,Yape
P11200,2025-07-17,7,C071,Minimarket Santa Rosa 071,Minimarket,Chiclayo,Norte,Tienda,María Torres,GRA-02,Kiwicha pop 300 g,Granos andinos,Agroandina del Sur SAC,2,8.9,0,17.8,10.86,6.94,Pagado,Transferencia
P11200,2025-07-17,7,C071,Minimarket Santa Rosa 071,Minimarket,Chiclayo,Norte,Tienda,María Torres,LIM-03,Lavavajilla 900 g,Limpieza,Limpieza Total Perú SAC,5,8.2,0.02,40.18,26.25,13.93,Vencido,Tarjeta
P11211,2025-07-17,7,C082,Bodega Mi Perú 082,Bodega,Piura,Norte,Tienda,María Torres,HAR-03,Fideo tallarín 1 kg,Harinas y pastas,Molinos Valle Verde SA,5,7.2,0,36.0,25.9,10.1,Pagado,Transferencia
P11211,2025-07-17,7,C082,Bodega Mi Perú 082,Bodega,Piura,Norte,Tienda,María Torres,CAF-04,Chocolate para taza 180 g,Café y cacao,Café Selva Central SAC,12,9.9,0,118.8,73.68,45.12,Pagado,Efectivo
P11213,2025-07-17,7,C122,Bodega El Ahorro 122,Bodega,Tacna,Sur,WhatsApp,Jorge Huamán,CAF-02,Café en grano 1 kg,Café y cacao,Café Selva Central SAC,10,46.0,0,460.0,262.2,197.8,Pagado,Transferencia
P11213,2025-07-17,7,C122,Bodega El Ahorro 122,Bodega,Tacna,Sur,WhatsApp,Jorge Huamán,SNA-03,Galletas de avena x 24,Snacks,Snacks Costa Azul EIRL,5,22.0,0,110.0,71.5,38.5,Pagado,Yape
P11213,2025-07-17,7,C122,Bodega El Ahorro 122,Bodega,Tacna,Sur,WhatsApp,Jorge Huamán,HAR-03,Fideo tallarín 1 kg,Harinas y pastas,Molinos Valle Verde SA,9,7.2,0,64.8,46.62,18.18,Pagado,Yape
P11259,2025-07-17,7,C021,Empresa Nueva Era 021,Empresa,Lima,Lima,Tienda,Luis Paredes,GRA-01,Quinua blanca 1 kg,Granos andinos,Agroandina del Sur SAC,5,14.5,0.03,70.33,47.85,22.48,Pagado,Transferencia
P11259,2025-07-17,7,C021,Empresa Nueva Era 021,Empresa,Lima,Lima,Tienda,Luis Paredes,LIM-02,Lejía 4 L,Limpieza,Limpieza Total Perú SAC,12,9.8,0,117.6,77.64,39.96,Pagado,Transferencia
P11259,2025-07-17,7,C021,Empresa Nueva Era 021,Empresa,Lima,Lima,Tienda,Luis Paredes,CAF-04,Chocolate para taza 180 g,Café y cacao,Café Selva Central SAC,11,9.9,0.03,105.63,67.54,38.09,Pagado,Efectivo
P11300,2025-07-17,7,C127,Minimarket El Progreso 127,Minimarket,Huánuco,Centro,Tienda,Rosa Ccori,HAR-04,Harina preparada 1 kg,Harinas y pastas,Molinos Valle Verde SA,2,6.3,0,12.6,9.2,3.4,Pagado,Yape
P11308,2025-07-17,7,C120,Restaurante Virgen de Fátima 120,Restaurante,Cusco,Sur,Online,Jorge Huamán,CAF-03,Cacao en polvo 250 g,Café y cacao,Café Selva Central SAC,6,12.5,0.05,71.25,45.0,26.25,Pagado,Yape
P11308,2025-07-17,7,C120,Restaurante Virgen de Fátima 120,Restaurante,Cusco,Sur,Online,Jorge Huamán,SNA-01,Papas nativas 120 g x 10,Snacks,Snacks Costa Azul EIRL,10,35.0,0.02,343.0,210.0,133.0,Pagado,Transferencia
P11308,2025-07-17,7,C120,Restaurante Virgen de Fátima 120,Restaurante,Cusco,Sur,Online,Jorge Huamán,SNA-05,Camote frito 120 g x 10,Snacks,Snacks Costa Azul EIRL,4,31.0,0.03,120.28,73.16,47.12,Pagado,Yape
P11313,2025-07-17,7,C065,Bodega Virgen de Fátima 065,Bodega,Lima,Lima,Tienda,Ana Quispe,BEB-04,Bebida rehidratante 500 ml x 12,Bebidas,Bebidas Norte Pacífico SAC,6,33.0,0.05,188.1,124.74,63.36,Pagado,Efectivo
P11313,2025-07-17,7,C065,Bodega Virgen de Fátima 065,Bodega,Lima,Lima,Tienda,Ana Quispe,LIM-05,Jabón de tocador x 3,Limpieza,Limpieza Total Perú SAC,11,6.5,0,71.5,47.96,23.54,Vencido,Plin
P11349,2025-07-17,7,C099,Restaurante Los Andes 099,Restaurante,Cusco,Sur,Tienda,Jorge Huamán,SNA-02,Chifles 150 g x 10,Snacks,Snacks Costa Azul EIRL,2,28.0,0.02,54.88,32.48,22.4,Pagado,Efectivo
P11351,2025-07-17,7,C061,Empresa Inti 061,Empresa,Lima,Lima,Tienda,Ana Quispe,GRA-01,Quinua blanca 1 kg,Granos andinos,Agroandina del Sur SAC,7,14.5,0,101.5,66.99,34.51,Pagado,Yape
P11351,2025-07-17,7,C061,Empresa Inti 061,Empresa,Lima,Lima,Tienda,Ana Quispe,BEB-02,Gaseosa 3 L x 4,Bebidas,Bebidas Norte Pacífico SAC,5,32.0,0,160.0,108.8,51.2,Pagado,Yape
P11351,2025-07-17,7,C061,Empresa Inti 061,Empresa,Lima,Lima,Tienda,Ana Quispe,SNA-05,Camote frito 120 g x 10,Snacks,Snacks Costa Azul EIRL,10,31.0,0,310.0,182.9,127.1,Pagado,Plin
P11353,2025-07-17,7,C099,Restaurante Los Andes 099,Restaurante,Cusco,Sur,Tienda,Jorge Huamán,HAR-01,Harina sin preparar 1 kg,Harinas y pastas,Molinos Valle Verde SA,8,5.4,0.02,42.34,32.0,10.34,Vencido,Yape
P11353,2025-07-17,7,C099,Restaurante Los Andes 099,Restaurante,Cusco,Sur,Tienda,Jorge Huamán,SNA-03,Galletas de avena x 24,Snacks,Snacks Costa Azul EIRL,7,22.0,0.03,149.38,100.1,49.28,Pagado,Tarjeta
P11353,2025-07-17,7,C099,Restaurante Los Andes 099,Restaurante,Cusco,Sur,Tienda,Jorge Huamán,CAF-01,Café tostado molido 500 g,Café y cacao,Café Selva Central SAC,3,24.0,0.02,70.56,41.76,28.8,Pagado,Efectivo
P11146,2025-07-18,7,C052,Bodega La Victoria 052,Bodega,Lima,Lima,Tienda,Rodrigo Salas,SNA-03,Galletas de avena x 24,Snacks,Snacks Costa Azul EIRL,7,22.0,0.119,135.67,100.1,35.57,Pagado,Tarjeta
P11196,2025-07-18,7,C087,Restaurante El Ahorro 087,Restaurante,Trujillo,Norte,Tienda,María Torres,GRA-02,Kiwicha pop 300 g,Granos andinos,Agroandina del Sur SAC,2,8.9,0.02,17.44,10.86,6.58,Pagado,Tarjeta
P11196,2025-07-18,7,C087,Restaurante El Ahorro 087,Restaurante,Trujillo,Norte,Tienda,María Torres,BEB-01,Agua mineral 625 ml x 15,Bebidas,Bebidas Norte Pacífico SAC,10,18.0,0,180.0,111.6,68.4,Pagado,Tarjeta
P11244,2025-07-18,7,C039,Cafetería El Progreso 039,Cafetería,Lima,Lima,Tienda,Luis Paredes,BEB-05,Té helado 500 ml x 12,Bebidas,Bebidas Norte Pacífico SAC,9,29.0,0,261.0,159.21,101.79,Pagado,Tarjeta
P11245,2025-07-18,7,C125,Bodega El Ahorro 125,Bodega,Cusco,Sur,Tienda,Jorge Huamán,HAR-01,Harina sin preparar 1 kg,Harinas y pastas,Molinos Valle Verde SA,6,5.4,0,32.4,24.0,8.4,Pagado,Tarjeta
P11303,2025-07-18,7,C017,Minimarket El Progreso 017,Minimarket,Lima,Lima,Tienda,Ana Quispe,SNA-05,Camote frito 120 g x 10,Snacks,Snacks Costa Azul EIRL,12,31.0,0,372.0,219.48,152.52,Pagado,Transferencia
P11303,2025-07-18,7,C017,Minimarket El Progreso 017,Minimarket,Lima,Lima,Tienda,Ana Quispe,LIM-02,Lejía 4 L,Limpieza,Limpieza Total Perú SAC,7,9.8,0.02,67.23,45.29,21.94,Pagado,Transferencia
P11303,2025-07-18,7,C017,Minimarket El Progreso 017,Minimarket,Lima,Lima,Tienda,Ana Quispe,BEB-01,Agua mineral 625 ml x 15,Bebidas,Bebidas Norte Pacífico SAC,9,18.0,0,162.0,100.44,61.56,Pagado,Plin
P11347,2025-07-18,7,C054,Bodega Nueva Era 054,Bodega,Lima,Lima,Tienda,Luis Paredes,BEB-04,Bebida rehidratante 500 ml x 12,Bebidas,Bebidas Norte Pacífico SAC,4,33.0,0.03,128.04,83.16,44.88,Pagado,Plin
P11149,2025-07-19,7,C117,Empresa Mi Perú 117,Empresa,Arequipa,Sur,Tienda,Jorge Huamán,SNA-05,Camote frito 120 g x 10,Snacks,Snacks Costa Azul EIRL,5,31.0,0,155.0,91.45,63.55,Pagado,Tarjeta
P11149,2025-07-19,7,C117,Empresa Mi Perú 117,Empresa,Arequipa,Sur,Tienda,Jorge Huamán,GRA-01,Quinua blanca 1 kg,Granos andinos,Agroandina del Sur SAC,9,14.5,0.03,126.58,86.13,40.45,Pagado,Efectivo
P11219,2025-07-19,7,C037,Bodega El Trébol 037,Bodega,Lima,Lima,Tienda,Ana Quispe,CAF-02,Café en grano 1 kg,Café y cacao,Café Selva Central SAC,5,46.0,0.03,223.1,131.1,92.0,Vencido,Tarjeta
P11231,2025-07-19,7,C040,Minimarket La Esperanza 040,Minimarket,Lima,Lima,Tienda,Luis Paredes,HAR-02,Fideo spaghetti 500 g,Harinas y pastas,Molinos Valle Verde SA,12,3.9,0.03,45.4,33.24,12.16,Pagado,Transferencia
P11231,2025-07-19,7,C040,Minimarket La Esperanza 040,Minimarket,Lima,Lima,Tienda,Luis Paredes,HAR-05,Sémola 500 g,Harinas y pastas,Molinos Valle Verde SA,7,4.1,0.05,27.26,20.09,7.17,Pagado,Transferencia
P11236,2025-07-19,7,C019,Bodega Don Lucho 019,Bodega,Lima,Lima,Tienda,Rodrigo Salas,SNA-04,Maní salado 200 g x 12,Snacks,Snacks Costa Azul EIRL,4,30.0,0.18,98.4,74.4,24.0,Pagado,Yape
P11268,2025-07-19,7,C042,Bodega La Familia 042,Bodega,Lima,Lima,Tienda,Rodrigo Salas,HAR-02,Fideo spaghetti 500 g,Harinas y pastas,Molinos Valle Verde SA,11,3.9,0.136,37.07,30.47,6.6,Pagado,Transferencia
P11268,2025-07-19,7,C042,Bodega La Familia 042,Bodega,Lima,Lima,Tienda,Rodrigo Salas,CAF-01,Café tostado molido 500 g,Café y cacao,Café Selva Central SAC,10,24.0,0.127,209.52,139.2,70.32,Pagado,Tarjeta
P11279,2025-07-19,7,C130,Restaurante San Pedro 130,Restaurante,Huancayo,Centro,Tienda,Rosa Ccori,CAF-05,Café instantáneo 200 g,Café y cacao,Café Selva Central SAC,4,21.0,0.03,81.48,52.92,28.56,Pagado,Tarjeta
P11284,2025-07-19,7,C010,Restaurante Los Andes 010,Restaurante,Lima,Lima,Tienda,Luis Paredes,LIM-02,Lejía 4 L,Limpieza,Limpieza Total Perú SAC,6,9.8,0,58.8,38.82,19.98,Pagado,Efectivo
P11284,2025-07-19,7,C010,Restaurante Los Andes 010,Restaurante,Lima,Lima,Tienda,Luis Paredes,SNA-04,Maní salado 200 g x 12,Snacks,Snacks Costa Azul EIRL,2,30.0,0.03,58.2,37.2,21.0,Pagado,Yape
P11306,2025-07-19,7,C114,Restaurante San Martín 114,Restaurante,Tacna,Sur,Tienda,Jorge Huamán,LIM-02,Lejía 4 L,Limpieza,Limpieza Total Perú SAC,11,9.8,0,107.8,71.17,36.63,Pagado,Efectivo
P11306,2025-07-19,7,C114,Restaurante San Martín 114,Restaurante,Tacna,Sur,Tienda,Jorge Huamán,SNA-02,Chifles 150 g x 10,Snacks,Snacks Costa Azul EIRL,8,28.0,0.03,217.28,129.92,87.36,Pagado,Efectivo
P11344,2025-07-19,7,C105,Restaurante El Ahorro 105,Restaurante,Arequipa,Sur,Tienda,Jorge Huamán,HAR-03,Fideo tallarín 1 kg,Harinas y pastas,Molinos Valle Verde SA,8,7.2,0,57.6,41.44,16.16,Pagado,Transferencia
P11344,2025-07-19,7,C105,Restaurante El Ahorro 105,Restaurante,Arequipa,Sur,Tienda,Jorge Huamán,GRA-04,Chía 500 g,Granos andinos,Agroandina del Sur SAC,7,13.0,0.02,89.18,58.24,30.94,Pagado,Plin
P11198,2025-07-20,7,C067,Bodega Las Flores 067,Bodega,Lima,Lima,Tienda,Rodrigo Salas,LIM-03,Lavavajilla 900 g,Limpieza,Limpieza Total Perú SAC,2,8.2,0.166,13.68,10.5,3.18,Pagado,Plin
P11209,2025-07-20,7,C020,Bodega Santa Rosa 020,Bodega,Lima,Lima,Online,Ana Quispe,GRA-05,Avena con quinua 900 g,Granos andinos,Agroandina del Sur SAC,10,11.5,0.03,111.55,77.1,34.45,Pagado,Efectivo
P11209,2025-07-20,7,C020,Bodega Santa Rosa 020,Bodega,Lima,Lima,Online,Ana Quispe,GRA-01,Quinua blanca 1 kg,Granos andinos,Agroandina del Sur SAC,9,14.5,0,130.5,86.13,44.37,Pagado,Transferencia
P11225,2025-07-20,7,C027,Mayorista El Ahorro 027,Mayorista,Lima,Lima,Mayorista,Ana Quispe,BEB-03,Néctar de durazno 1 L x 6,Bebidas,Bebidas Norte Pacífico SAC,24,27.0,0.08,596.16,414.72,181.44,Pagado,Transferencia
P11225,2025-07-20,7,C027,Mayorista El Ahorro 027,Mayorista,Lima,Lima,Mayorista,Ana Quispe,GRA-04,Chía 500 g,Granos andinos,Agroandina del Sur SAC,8,13.0,0.08,95.68,66.56,29.12,Pagado,Transferencia
P11241,2025-07-20,7,C118,Bodega El Sol 118,Bodega,Cusco,Sur,Tienda,Jorge Huamán,BEB-03,Néctar de durazno 1 L x 6,Bebidas,Bebidas Norte Pacífico SAC,2,27.0,0,54.0,34.56,19.44,Vencido,Efectivo
P11241,2025-07-20,7,C118,Bodega El Sol 118,Bodega,Cusco,Sur,Tienda,Jorge Huamán,SNA-05,Camote frito 120 g x 10,Snacks,Snacks Costa Azul EIRL,2,31.0,0,62.0,36.58,25.42,Pagado,Transferencia
P11296,2025-07-20,7,C080,Restaurante El Ahorro 080,Restaurante,Trujillo,Norte,Tienda,María Torres,LIM-02,Lejía 4 L,Limpieza,Limpieza Total Perú SAC,9,9.8,0.02,86.44,58.23,28.21,Pagado,Transferencia
P11296,2025-07-20,7,C080,Restaurante El Ahorro 080,Restaurante,Trujillo,Norte,Tienda,María Torres,HAR-05,Sémola 500 g,Harinas y pastas,Molinos Valle Verde SA,12,4.1,0.03,47.72,34.44,13.28,Pagado,Tarjeta
P11296,2025-07-20,7,C080,Restaurante El Ahorro 080,Restaurante,Trujillo,Norte,Tienda,María Torres,LIM-01,Detergente 2 kg,Limpieza,Limpieza Total Perú SAC,11,19.5,0,214.5,147.95,66.55,Pagado,Tarjeta
P11297,2025-07-20,7,C112,Minimarket La Familia 112,Minimarket,Cusco,Sur,Tienda,Jorge Huamán,CAF-03,Cacao en polvo 250 g,Café y cacao,Café Selva Central SAC,7,12.5,0,87.5,52.5,35.0,Pagado,Transferencia
P11297,2025-07-20,7,C112,Minimarket La Familia 112,Minimarket,Cusco,Sur,Tienda,Jorge Huamán,CAF-03,Cacao en polvo 250 g,Café y cacao,Café Selva Central SAC,3,12.5,0,37.5,22.5,15.0,Pagado,Tarjeta
P11323,2025-07-20,7,C082,Bodega Mi Perú 082,Bodega,Piura,Norte,Tienda,María Torres,LIM-03,Lavavajilla 900 g,Limpieza,Limpieza Total Perú SAC,6,8.2,0.02,48.22,31.5,16.72,Pagado,Transferencia
P11323,2025-07-20,7,C082,Bodega Mi Perú 082,Bodega,Piura,Norte,Tienda,María Torres,BEB-02,Gaseosa 3 L x 4,Bebidas,Bebidas Norte Pacífico SAC,12,32.0,0.03,372.48,261.12,111.36,Pagado,Efectivo
P11354,2025-07-20,7,C104,Empresa La Esperanza 104,Empresa,Tacna,Sur,Tienda,Jorge Huamán,GRA-01,Quinua blanca 1 kg,Granos andinos,Agroandina del Sur SAC,10,14.5,0,145.0,95.7,49.3,Pagado,Efectivo
P11354,2025-07-20,7,C104,Empresa La Esperanza 104,Empresa,Tacna,Sur,Tienda,Jorge Huamán,CAF-02,Café en grano 1 kg,Café y cacao,Café Selva Central SAC,4,46.0,0.02,180.32,104.88,75.44,Pagado,Transferencia
P11354,2025-07-20,7,C104,Empresa La Esperanza 104,Empresa,Tacna,Sur,Tienda,Jorge Huamán,CAF-01,Café tostado molido 500 g,Café y cacao,Café Selva Central SAC,2,24.0,0,48.0,27.84,20.16,Pagado,Transferencia
P11376,2025-07-20,7,C094,Bodega Santa Rosa 094,Bodega,Trujillo,Norte,WhatsApp,María Torres,SNA-03,Galletas de avena x 24,Snacks,Snacks Costa Azul EIRL,6,22.0,0.05,125.4,85.8,39.6,Pagado,Plin
P11155,2025-07-21,7,C092,Cafetería El Progreso 092,Cafetería,Chiclayo,Norte,Online,María Torres,BEB-05,Té helado 500 ml x 12,Bebidas,Bebidas Norte Pacífico SAC,9,29.0,0.05,247.95,159.21,88.74,Pagado,Transferencia
P11164,2025-07-21,7,C033,Minimarket Primavera 033,Minimarket,Lima,Lima,Tienda,Rodrigo Salas,CAF-04,Chocolate para taza 180 g,Café y cacao,Café Selva Central SAC,5,9.9,0.175,40.84,30.7,10.14,Pagado,Plin
P11164,2025-07-21,7,C033,Minimarket Primavera 033,Minimarket,Lima,Lima,Tienda,Rodrigo Salas,LIM-03,Lavavajilla 900 g,Limpieza,Limpieza Total Perú SAC,6,8.2,0.146,42.02,31.5,10.52,Vencido,Efectivo
P11184,2025-07-21,7,C082,Bodega Mi Perú 082,Bodega,Piura,Norte,Tienda,María Torres,LIM-01,Detergente 2 kg,Limpieza,Limpieza Total Perú SAC,4,19.5,0.02,76.44,53.8,22.64,Pagado,Yape
P11184,2025-07-21,7,C082,Bodega Mi Perú 082,Bodega,Piura,Norte,Tienda,María Torres,HAR-03,Fideo tallarín 1 kg,Harinas y pastas,Molinos Valle Verde SA,2,7.2,0,14.4,10.36,4.04,Pagado,Yape
P11192,2025-07-21,7,C088,Empresa Pachamama 088,Empresa,Trujillo,Norte,Tienda,María Torres,CAF-04,Chocolate para taza 180 g,Café y cacao,Café Selva Central SAC,12,9.9,0.05,112.86,73.68,39.18,Pagado,Transferencia
P11202,2025-07-21,7,C041,Bodega Santa Rosa 041,Bodega,Lima,Lima,Tienda,Rodrigo Salas,CAF-01,Café tostado molido 500 g,Café y cacao,Café Selva Central SAC,4,24.0,0.176,79.1,55.68,23.42,Pagado,Transferencia
P11228,2025-07-21,7,C066,Empresa La Esperanza 066,Empresa,Lima,Lima,Tienda,Ana Quispe,SNA-05,Camote frito 120 g x 10,Snacks,Snacks Costa Azul EIRL,5,31.0,0,155.0,91.45,63.55,Pagado,Transferencia
P11228,2025-07-21,7,C066,Empresa La Esperanza 066,Empresa,Lima,Lima,Tienda,Ana Quispe,HAR-03,Fideo tallarín 1 kg,Harinas y pastas,Molinos Valle Verde SA,12,7.2,0,86.4,62.16,24.24,Pagado,Transferencia
P11260,2025-07-21,7,C080,Restaurante El Ahorro 080,Restaurante,Trujillo,Norte,Tienda,María Torres,BEB-02,Gaseosa 3 L x 4,Bebidas,Bebidas Norte Pacífico SAC,10,32.0,0.05,304.0,217.6,86.4,Pagado,Yape
P11277,2025-07-21,7,C066,Empresa La Esperanza 066,Empresa,Lima,Lima,Tienda,Luis Paredes,BEB-02,Gaseosa 3 L x 4,Bebidas,Bebidas Norte Pacífico SAC,8,32.0,0.02,250.88,174.08,76.8,Pagado,Tarjeta
P11277,2025-07-21,7,C066,Empresa La Esperanza 066,Empresa,Lima,Lima,Tienda,Luis Paredes,LIM-01,Detergente 2 kg,Limpieza,Limpieza Total Perú SAC,3,19.5,0.03,56.74,40.35,16.39,Pagado,Transferencia
P11312,2025-07-21,7,C063,Restaurante Don Lucho 063,Restaurante,Lima,Lima,Tienda,Luis Paredes,GRA-01,Quinua blanca 1 kg,Granos andinos,Agroandina del Sur SAC,10,14.5,0.05,137.75,95.7,42.05,Pagado,Efectivo
P11312,2025-07-21,7,C063,Restaurante Don Lucho 063,Restaurante,Lima,Lima,Tienda,Luis Paredes,SNA-05,Camote frito 120 g x 10,Snacks,Snacks Costa Azul EIRL,2,31.0,0.05,58.9,36.58,22.32,Pagado,Tarjeta
P11312,2025-07-21,7,C063,Restaurante Don Lucho 063,Restaurante,Lima,Lima,Tienda,Luis Paredes,CAF-05,Café instantáneo 200 g,Café y cacao,Café Selva Central SAC,2,21.0,0,42.0,26.46,15.54,Pagado,Yape
P11314,2025-07-21,7,C018,Bodega La Familia 018,Bodega,Lima,Lima,Tienda,Rodrigo Salas,GRA-03,Maca en polvo 250 g,Granos andinos,Agroandina del Sur SAC,7,17.0,0.17,98.77,65.45,33.32,Pagado,Efectivo
P11362,2025-07-21,7,C056,Minimarket La Esperanza 056,Minimarket,Lima,Lima,Tienda,Luis Paredes,SNA-03,Galletas de avena x 24,Snacks,Snacks Costa Azul EIRL,11,22.0,0,242.0,157.3,84.7,Pagado,Efectivo
P11189,2025-07-22,7,C030,Cafetería San Martín 030,Cafetería,Lima,Lima,Tienda,Rodrigo Salas,BEB-01,Agua mineral 625 ml x 15,Bebidas,Bebidas Norte Pacífico SAC,2,18.0,0.113,31.93,22.32,9.61,Pagado,Yape
P11197,2025-07-22,7,C077,Mayorista Inti 077,Mayorista,Trujillo,Norte,Mayorista,María Torres,CAF-05,Café instantáneo 200 g,Café y cacao,Café Selva Central SAC,28,21.0,0.08,540.96,370.44,170.52,Pagado,Transferencia
P11197,2025-07-22,7,C077,Mayorista Inti 077,Mayorista,Trujillo,Norte,Mayorista,María Torres,GRA-03,Maca en polvo 250 g,Granos andinos,Agroandina del Sur SAC,28,17.0,0.08,437.92,261.8,176.12,Pagado,Transferencia
P11233,2025-07-22,7,C015,Bodega Pachamama 015,Bodega,Lima,Lima,Tienda,Rodrigo Salas,SNA-03,Galletas de avena x 24,Snacks,Snacks Costa Azul EIRL,8,22.0,0.136,152.06,114.4,37.66,Pagado,Yape
P11264,2025-07-22,7,C024,Bodega Los Andes 024,Bodega,Lima,Lima,Tienda,Rodrigo Salas,CAF-03,Cacao en polvo 250 g,Café y cacao,Café Selva Central SAC,8,12.5,0.143,85.7,60.0,25.7,Pagado,Plin
P11270,2025-07-22,7,C053,Minimarket Don Lucho 053,Minimarket,Lima,Lima,Tienda,Ana Quispe,SNA-01,Papas nativas 120 g x 10,Snacks,Snacks Costa Azul EIRL,7,35.0,0.02,240.1,147.0,93.1,Pagado,Efectivo
P11270,2025-07-22,7,C053,Minimarket Don Lucho 053,Minimarket,Lima,Lima,Tienda,Ana Quispe,SNA-03,Galletas de avena x 24,Snacks,Snacks Costa Azul EIRL,3,22.0,0.02,64.68,42.9,21.78,Vencido,Tarjeta
P11286,2025-07-22,7,C127,Minimarket El Progreso 127,Minimarket,Huánuco,Centro,Tienda,Rosa Ccori,SNA-03,Galletas de avena x 24,Snacks,Snacks Costa Azul EIRL,12,22.0,0,264.0,171.6,92.4,Vencido,Tarjeta
P11291,2025-07-22,7,C132,Restaurante Nueva Era 132,Restaurante,Huánuco,Centro,Tienda,Rosa Ccori,HAR-03,Fideo tallarín 1 kg,Harinas y pastas,Molinos Valle Verde SA,2,7.2,0.05,13.68,10.36,3.32,Pagado,Efectivo
P11291,2025-07-22,7,C132,Restaurante Nueva Era 132,Restaurante,Huánuco,Centro,Tienda,Rosa Ccori,BEB-03,Néctar de durazno 1 L x 6,Bebidas,Bebidas Norte Pacífico SAC,7,27.0,0,189.0,120.96,68.04,Pagado,Tarjeta
P11291,2025-07-22,7,C132,Restaurante Nueva Era 132,Restaurante,Huánuco,Centro,Tienda,Rosa Ccori,BEB-05,Té helado 500 ml x 12,Bebidas,Bebidas Norte Pacífico SAC,10,29.0,0.02,284.2,176.9,107.3,Vencido,Tarjeta
P11292,2025-07-22,7,C136,Bodega El Ahorro 136,Bodega,Huánuco,Centro,Tienda,Rosa Ccori,LIM-04,Desinfectante 1.8 L,Limpieza,Limpieza Total Perú SAC,12,11.9,0,142.8,90.0,52.8,Pagado,Yape
P11292,2025-07-22,7,C136,Bodega El Ahorro 136,Bodega,Huánuco,Centro,Tienda,Rosa Ccori,SNA-04,Maní salado 200 g x 12,Snacks,Snacks Costa Azul EIRL,11,30.0,0,330.0,204.6,125.4,Vencido,Transferencia
P11337,2025-07-22,7,C057,Bodega La Victoria 057,Bodega,Lima,Lima,Tienda,Luis Paredes,SNA-02,Chifles 150 g x 10,Snacks,Snacks Costa Azul EIRL,8,28.0,0.02,219.52,129.92,89.6,Pagado,Transferencia
P11337,2025-07-22,7,C057,Bodega La Victoria 057,Bodega,Lima,Lima,Tienda,Luis Paredes,CAF-04,Chocolate para taza 180 g,Café y cacao,Café Selva Central SAC,6,9.9,0,59.4,36.84,22.56,Pagado,Tarjeta
P11348,2025-07-22,7,C095,Bodega La Familia 095,Bodega,Piura,Norte,Tienda,María Torres,SNA-04,Maní salado 200 g x 12,Snacks,Snacks Costa Azul EIRL,7,30.0,0.02,205.8,130.2,75.6,Pagado,Tarjeta
P11142,2025-07-23,7,C121,Bodega Don Lucho 121,Bodega,Arequipa,Sur,Tienda,Jorge Huamán,GRA-03,Maca en polvo 250 g,Granos andinos,Agroandina del Sur SAC,8,17.0,0,136.0,74.8,61.2,Pagado,Plin
P11142,2025-07-23,7,C121,Bodega Don Lucho 121,Bodega,Arequipa,Sur,Tienda,Jorge Huamán,BEB-02,Gaseosa 3 L x 4,Bebidas,Bebidas Norte Pacífico SAC,9,32.0,0,288.0,195.84,92.16,Pagado,Plin
P11147,2025-07-23,7,C113,Mayorista El Sol 113,Mayorista,Cusco,Sur,Mayorista,Jorge Huamán,BEB-05,Té helado 500 ml x 12,Bebidas,Bebidas Norte Pacífico SAC,28,29.0,0.08,747.04,495.32,251.72,Pagado,Transferencia
P11168,2025-07-23,7,C122,Bodega El Ahorro 122,Bodega,Tacna,Sur,Tienda,Jorge Huamán,LIM-03,Lavavajilla 900 g,Limpieza,Limpieza Total Perú SAC,8,8.2,0,65.6,42.0,23.6,Pagado,Transferencia
P11170,2025-07-23,7,C006,Bodega Mi Perú 006,Bodega,Lima,Lima,Online,Luis Paredes,HAR-02,Fideo spaghetti 500 g,Harinas y pastas,Molinos Valle Verde SA,7,3.9,0,27.3,19.39,7.91,Pagado,Transferencia
P11170,2025-07-23,7,C006,Bodega Mi Perú 006,Bodega,Lima,Lima,Online,Luis Paredes,BEB-01,Agua mineral 625 ml x 15,Bebidas,Bebidas Norte Pacífico SAC,3,18.0,0,54.0,33.48,20.52,Pagado,Plin
P11212,2025-07-23,7,C082,Bodega Mi Perú 082,Bodega,Piura,Norte,Tienda,María Torres,CAF-03,Cacao en polvo 250 g,Café y cacao,Café Selva Central SAC,5,12.5,0,62.5,37.5,25.0,Pagado,Yape
P11212,2025-07-23,7,C082,Bodega Mi Perú 082,Bodega,Piura,Norte,Tienda,María Torres,CAF-01,Café tostado molido 500 g,Café y cacao,Café Selva Central SAC,10,24.0,0,240.0,139.2,100.8,Pagado,Transferencia
P11212,2025-07-23,7,C082,Bodega Mi Perú 082,Bodega,Piura,Norte,Tienda,María Torres,CAF-01,Café tostado molido 500 g,Café y cacao,Café Selva Central SAC,10,24.0,0,240.0,139.2,100.8,Pagado,Transferencia
P11239,2025-07-23,7,C137,Minimarket El Puerto 137,Minimarket,Huánuco,Centro,Tienda,Rosa Ccori,GRA-01,Quinua blanca 1 kg,Granos andinos,Agroandina del Sur SAC,11,14.5,0.05,151.53,105.27,46.26,Pagado,Yape
P11239,2025-07-23,7,C137,Minimarket El Puerto 137,Minimarket,Huánuco,Centro,Tienda,Rosa Ccori,LIM-03,Lavavajilla 900 g,Limpieza,Limpieza Total Perú SAC,10,8.2,0.02,80.36,52.5,27.86,Pagado,Transferencia
P11357,2025-07-23,7,C119,Bodega El Sol 119,Bodega,Cusco,Sur,Tienda,Jorge Huamán,BEB-05,Té helado 500 ml x 12,Bebidas,Bebidas Norte Pacífico SAC,9,29.0,0.02,255.78,159.21,96.57,Vencido,Transferencia
P11357,2025-07-23,7,C119,Bodega El Sol 119,Bodega,Cusco,Sur,Tienda,Jorge Huamán,GRA-04,Chía 500 g,Granos andinos,Agroandina del Sur SAC,9,13.0,0.05,111.15,74.88,36.27,Pagado,Yape
P11358,2025-07-23,7,C058,Restaurante La Familia 058,Restaurante,Lima,Lima,Tienda,Luis Paredes,CAF-02,Café en grano 1 kg,Café y cacao,Café Selva Central SAC,12,46.0,0.02,540.96,314.64,226.32,Pagado,Tarjeta
P11143,2025-07-24,7,C074,Empresa Santa Rosa 074,Empresa,Piura,Norte,Tienda,María Torres,CAF-05,Café instantáneo 200 g,Café y cacao,Café Selva Central SAC,3,21.0,0.03,61.11,39.69,21.42,Pagado,Plin
P11161,2025-07-24,7,C058,Restaurante La Familia 058,Restaurante,Lima,Lima,Tienda,Ana Quispe,SNA-04,Maní salado 200 g x 12,Snacks,Snacks Costa Azul EIRL,11,30.0,0,330.0,204.6,125.4,Pagado,Tarjeta
P11174,2025-07-24,7,C060,Bodega El Sol 060,Bodega,Lima,Lima,Tienda,Luis Paredes,LIM-02,Lejía 4 L,Limpieza,Limpieza Total Perú SAC,9,9.8,0.03,85.55,58.23,27.32,Pagado,Yape
P11174,2025-07-24,7,C060,Bodega El Sol 060,Bodega,Lima,Lima,Tienda,Luis Paredes,GRA-05,Avena con quinua 900 g,Granos andinos,Agroandina del Sur SAC,12,11.5,0,138.0,92.52,45.48,Pagado,Plin
P11254,2025-07-24,7,C122,Bodega El Ahorro 122,Bodega,Tacna,Sur,Tienda,Jorge Huamán,LIM-01,Detergente 2 kg,Limpieza,Limpieza Total Perú SAC,7,19.5,0.03,132.41,94.15,38.26,Pagado,Transferencia
P11254,2025-07-24,7,C122,Bodega El Ahorro 122,Bodega,Tacna,Sur,Tienda,Jorge Huamán,CAF-01,Café tostado molido 500 g,Café y cacao,Café Selva Central SAC,8,24.0,0,192.0,111.36,80.64,Pagado,Yape
P11256,2025-07-24,7,C120,Restaurante Virgen de Fátima 120,Restaurante,Cusco,Sur,Tienda,Jorge Huamán,SNA-04,Maní salado 200 g x 12,Snacks,Snacks Costa Azul EIRL,9,30.0,0,270.0,167.4,102.6,Pagado,Yape
P11256,2025-07-24,7,C120,Restaurante Virgen de Fátima 120,Restaurante,Cusco,Sur,Tienda,Jorge Huamán,HAR-04,Harina preparada 1 kg,Harinas y pastas,Molinos Valle Verde SA,2,6.3,0,12.6,9.2,3.4,Pagado,Transferencia
P11372,2025-07-24,7,C007,Restaurante El Puerto 007,Restaurante,Lima,Lima,Tienda,Ana Quispe,BEB-05,Té helado 500 ml x 12,Bebidas,Bebidas Norte Pacífico SAC,12,29.0,0,348.0,212.28,135.72,Pagado,Plin
P11372,2025-07-24,7,C007,Restaurante El Puerto 007,Restaurante,Lima,Lima,Tienda,Ana Quispe,HAR-03,Fideo tallarín 1 kg,Harinas y pastas,Molinos Valle Verde SA,6,7.2,0,43.2,31.08,12.12,Pagado,Plin
P11141,2025-07-25,7,C116,Bodega Las Flores 116,Bodega,Tacna,Sur,Tienda,Jorge Huamán,BEB-01,Agua mineral 625 ml x 15,Bebidas,Bebidas Norte Pacífico SAC,7,18.0,0.05,119.7,78.12,41.58,Pagado,Transferencia
P11141,2025-07-25,7,C116,Bodega Las Flores 116,Bodega,Tacna,Sur,Tienda,Jorge Huamán,CAF-02,Café en grano 1 kg,Café y cacao,Café Selva Central SAC,9,46.0,0,414.0,235.98,178.02,Pagado,Tarjeta
P11157,2025-07-25,7,C123,Minimarket La Victoria 123,Minimarket,Tacna,Sur,Tienda,Jorge Huamán,SNA-04,Maní salado 200 g x 12,Snacks,Snacks Costa Azul EIRL,10,30.0,0.03,291.0,186.0,105.0,Pagado,Yape
P11160,2025-07-25,7,C023,Bodega El Sol 023,Bodega,Lima,Lima,Tienda,Luis Paredes,CAF-03,Cacao en polvo 250 g,Café y cacao,Café Selva Central SAC,7,12.5,0.05,83.12,52.5,30.62,Pagado,Yape
P11160,2025-07-25,7,C023,Bodega El Sol 023,Bodega,Lima,Lima,Tienda,Luis Paredes,HAR-05,Sémola 500 g,Harinas y pastas,Molinos Valle Verde SA,11,4.1,0.02,44.2,31.57,12.63,Pagado,Transferencia
P11223,2025-07-25,7,C106,Cafetería El Progreso 106,Cafetería,Cusco,Sur,Tienda,Jorge Huamán,LIM-05,Jabón de tocador x 3,Limpieza,Limpieza Total Perú SAC,8,6.5,0.03,50.44,34.88,15.56,Pagado,Efectivo
P11223,2025-07-25,7,C106,Cafetería El Progreso 106,Cafetería,Cusco,Sur,Tienda,Jorge Huamán,LIM-04,Desinfectante 1.8 L,Limpieza,Limpieza Total Perú SAC,7,11.9,0.05,79.13,52.5,26.63,Pagado,Transferencia
P11223,2025-07-25,7,C106,Cafetería El Progreso 106,Cafetería,Cusco,Sur,Tienda,Jorge Huamán,CAF-03,Cacao en polvo 250 g,Café y cacao,Café Selva Central SAC,4,12.5,0.02,49.0,30.0,19.0,Pagado,Efectivo
P11226,2025-07-25,7,C116,Bodega Las Flores 116,Bodega,Tacna,Sur,Tienda,Jorge Huamán,GRA-04,Chía 500 g,Granos andinos,Agroandina del Sur SAC,9,13.0,0.03,113.49,74.88,38.61,Pagado,Tarjeta
P11226,2025-07-25,7,C116,Bodega Las Flores 116,Bodega,Tacna,Sur,Tienda,Jorge Huamán,GRA-04,Chía 500 g,Granos andinos,Agroandina del Sur SAC,11,13.0,0,143.0,91.52,51.48,Pagado,Tarjeta
P11226,2025-07-25,7,C116,Bodega Las Flores 116,Bodega,Tacna,Sur,Tienda,Jorge Huamán,SNA-03,Galletas de avena x 24,Snacks,Snacks Costa Azul EIRL,9,22.0,0.05,188.1,128.7,59.4,Vencido,Tarjeta
P11235,2025-07-25,7,C059,Bodega Santa Rosa 059,Bodega,Lima,Lima,WhatsApp,Ana Quispe,SNA-04,Maní salado 200 g x 12,Snacks,Snacks Costa Azul EIRL,12,30.0,0,360.0,223.2,136.8,Pagado,Transferencia
P11246,2025-07-25,7,C053,Minimarket Don Lucho 053,Minimarket,Lima,Lima,Tienda,Luis Paredes,HAR-04,Harina preparada 1 kg,Harinas y pastas,Molinos Valle Verde SA,4,6.3,0.03,24.44,18.4,6.04,Pagado,Plin
P11246,2025-07-25,7,C053,Minimarket Don Lucho 053,Minimarket,Lima,Lima,Tienda,Luis Paredes,CAF-01,Café tostado molido 500 g,Café y cacao,Café Selva Central SAC,2,24.0,0.03,46.56,27.84,18.72,Pagado,Transferencia
P11246,2025-07-25,7,C053,Minimarket Don Lucho 053,Minimarket,Lima,Lima,Tienda,Luis Paredes,BEB-04,Bebida rehidratante 500 ml x 12,Bebidas,Bebidas Norte Pacífico SAC,6,33.0,0.02,194.04,124.74,69.3,Pagado,Efectivo
P11263,2025-07-25,7,C109,Bodega Los Andes 109,Bodega,Tacna,Sur,Tienda,Jorge Huamán,GRA-03,Maca en polvo 250 g,Granos andinos,Agroandina del Sur SAC,4,17.0,0,68.0,37.4,30.6,Pagado,Plin
P11263,2025-07-25,7,C109,Bodega Los Andes 109,Bodega,Tacna,Sur,Tienda,Jorge Huamán,SNA-03,Galletas de avena x 24,Snacks,Snacks Costa Azul EIRL,4,22.0,0,88.0,57.2,30.8,Pagado,Transferencia
P11263,2025-07-25,7,C109,Bodega Los Andes 109,Bodega,Tacna,Sur,Tienda,Jorge Huamán,HAR-04,Harina preparada 1 kg,Harinas y pastas,Molinos Valle Verde SA,11,6.3,0,69.3,50.6,18.7,Pagado,Yape
P11299,2025-07-25,7,C051,Empresa San Martín 051,Empresa,Lima,Lima,Online,Ana Quispe,GRA-05,Avena con quinua 900 g,Granos andinos,Agroandina del Sur SAC,5,11.5,0.03,55.77,38.55,17.22,Pagado,Tarjeta
P11299,2025-07-25,7,C051,Empresa San Martín 051,Empresa,Lima,Lima,Online,Ana Quispe,GRA-03,Maca en polvo 250 g,Granos andinos,Agroandina del Sur SAC,11,17.0,0,187.0,102.85,84.15,Pagado,Plin
P11315,2025-07-25,7,C087,Restaurante El Ahorro 087,Restaurante,Trujillo,Norte,Tienda,María Torres,LIM-03,Lavavajilla 900 g,Limpieza,Limpieza Total Perú SAC,11,8.2,0,90.2,57.75,32.45,Pagado,Yape
P11330,2025-07-25,7,C025,Minimarket Don Lucho 025,Minimarket,Lima,Lima,Tienda,Rodrigo Salas,SNA-01,Papas nativas 120 g x 10,Snacks,Snacks Costa Azul EIRL,8,35.0,0.158,235.76,168.0,67.76,Pagado,Transferencia
P11330,2025-07-25,7,C025,Minimarket Don Lucho 025,Minimarket,Lima,Lima,Tienda,Rodrigo Salas,SNA-02,Chifles 150 g x 10,Snacks,Snacks Costa Azul EIRL,8,28.0,0.11,199.36,129.92,69.44,Pagado,Transferencia
P11330,2025-07-25,7,C025,Minimarket Don Lucho 025,Minimarket,Lima,Lima,Tienda,Rodrigo Salas,HAR-01,Harina sin preparar 1 kg,Harinas y pastas,Molinos Valle Verde SA,9,5.4,0.143,41.65,36.0,5.65,Pagado,Efectivo
P11366,2025-07-25,7,C103,Mayorista Nueva Era 103,Mayorista,Tacna,Sur,Mayorista,Jorge Huamán,LIM-01,Detergente 2 kg,Limpieza,Limpieza Total Perú SAC,24,19.5,0.08,430.56,322.8,107.76,Vencido,Transferencia
P11366,2025-07-25,7,C103,Mayorista Nueva Era 103,Mayorista,Tacna,Sur,Mayorista,Jorge Huamán,GRA-02,Kiwicha pop 300 g,Granos andinos,Agroandina del Sur SAC,48,8.9,0.08,393.02,260.64,132.38,Vencido,Transferencia
P11375,2025-07-25,7,C086,Restaurante Los Andes 086,Restaurante,Piura,Norte,Tienda,María Torres,LIM-01,Detergente 2 kg,Limpieza,Limpieza Total Perú SAC,2,19.5,0.05,37.05,26.9,10.15,Pagado,Transferencia
P11375,2025-07-25,7,C086,Restaurante Los Andes 086,Restaurante,Piura,Norte,Tienda,María Torres,HAR-01,Harina sin preparar 1 kg,Harinas y pastas,Molinos Valle Verde SA,5,5.4,0.03,26.19,20.0,6.19,Pagado,Plin
P11136,2025-07-26,7,C045,Minimarket Inti 045,Minimarket,Lima,Lima,Tienda,Luis Paredes,GRA-03,Maca en polvo 250 g,Granos andinos,Agroandina del Sur SAC,11,17.0,0.05,177.65,102.85,74.8,Pagado,Yape
P11171,2025-07-26,7,C131,Bodega Virgen de Fátima 131,Bodega,Huánuco,Centro,Online,Rosa Ccori,BEB-03,Néctar de durazno 1 L x 6,Bebidas,Bebidas Norte Pacífico SAC,11,27.0,0.03,288.09,190.08,98.01,Pagado,Yape
P11217,2025-07-26,7,C102,Mayorista El Progreso 102,Mayorista,Tacna,Sur,Mayorista,Jorge Huamán,SNA-02,Chifles 150 g x 10,Snacks,Snacks Costa Azul EIRL,32,28.0,0.08,824.32,519.68,304.64,Vencido,Transferencia
P11217,2025-07-26,7,C102,Mayorista El Progreso 102,Mayorista,Tacna,Sur,Mayorista,Jorge Huamán,GRA-01,Quinua blanca 1 kg,Granos andinos,Agroandina del Sur SAC,32,14.5,0.08,426.88,306.24,120.64,Pagado,Transferencia
P11218,2025-07-26,7,C070,Minimarket El Ahorro 070,Minimarket,Lima,Lima,Tienda,Rodrigo Salas,HAR-02,Fideo spaghetti 500 g,Harinas y pastas,Molinos Valle Verde SA,10,3.9,0.133,33.81,27.7,6.11,Pagado,Plin
P11227,2025-07-26,7,C056,Minimarket La Esperanza 056,Minimarket,Lima,Lima,Tienda,Rodrigo Salas,CAF-03,Cacao en polvo 250 g,Café y cacao,Café Selva Central SAC,10,12.5,0.137,107.88,75.0,32.88,Pagado,Transferencia
P11227,2025-07-26,7,C056,Minimarket La Esperanza 056,Minimarket,Lima,Lima,Tienda,Rodrigo Salas,GRA-05,Avena con quinua 900 g,Granos andinos,Agroandina del Sur SAC,10,11.5,0.124,100.74,77.1,23.64,Pagado,Tarjeta
P11227,2025-07-26,7,C056,Minimarket La Esperanza 056,Minimarket,Lima,Lima,Tienda,Rodrigo Salas,SNA-01,Papas nativas 120 g x 10,Snacks,Snacks Costa Azul EIRL,11,35.0,0.155,325.32,231.0,94.32,Vencido,Transferencia
P11274,2025-07-26,7,C105,Restaurante El Ahorro 105,Restaurante,Arequipa,Sur,Tienda,Jorge Huamán,CAF-04,Chocolate para taza 180 g,Café y cacao,Café Selva Central SAC,10,9.9,0,99.0,61.4,37.6,Pagado,Plin
P11274,2025-07-26,7,C105,Restaurante El Ahorro 105,Restaurante,Arequipa,Sur,Tienda,Jorge Huamán,GRA-05,Avena con quinua 900 g,Granos andinos,Agroandina del Sur SAC,5,11.5,0.05,54.62,38.55,16.07,Pagado,Yape
P11274,2025-07-26,7,C105,Restaurante El Ahorro 105,Restaurante,Arequipa,Sur,Tienda,Jorge Huamán,LIM-02,Lejía 4 L,Limpieza,Limpieza Total Perú SAC,10,9.8,0.03,95.06,64.7,30.36,Pagado,Efectivo
P11288,2025-07-26,7,C021,Empresa Nueva Era 021,Empresa,Lima,Lima,Tienda,Ana Quispe,LIM-03,Lavavajilla 900 g,Limpieza,Limpieza Total Perú SAC,9,8.2,0.02,72.32,47.25,25.07,Pagado,Efectivo
P11288,2025-07-26,7,C021,Empresa Nueva Era 021,Empresa,Lima,Lima,Tienda,Ana Quispe,SNA-04,Maní salado 200 g x 12,Snacks,Snacks Costa Azul EIRL,2,30.0,0.03,58.2,37.2,21.0,Pagado,Yape
P11329,2025-07-26,7,C092,Cafetería El Progreso 092,Cafetería,Chiclayo,Norte,Tienda,María Torres,LIM-02,Lejía 4 L,Limpieza,Limpieza Total Perú SAC,11,9.8,0.03,104.57,71.17,33.4,Pagado,Tarjeta
P11329,2025-07-26,7,C092,Cafetería El Progreso 092,Cafetería,Chiclayo,Norte,Tienda,María Torres,HAR-03,Fideo tallarín 1 kg,Harinas y pastas,Molinos Valle Verde SA,9,7.2,0.02,63.5,46.62,16.88,Pagado,Transferencia
P11329,2025-07-26,7,C092,Cafetería El Progreso 092,Cafetería,Chiclayo,Norte,Tienda,María Torres,CAF-01,Café tostado molido 500 g,Café y cacao,Café Selva Central SAC,8,24.0,0.02,188.16,111.36,76.8,Pagado,Yape
P11335,2025-07-26,7,C105,Restaurante El Ahorro 105,Restaurante,Arequipa,Sur,Tienda,Jorge Huamán,LIM-01,Detergente 2 kg,Limpieza,Limpieza Total Perú SAC,2,19.5,0,39.0,26.9,12.1,Pagado,Tarjeta
P11140,2025-07-27,7,C015,Bodega Pachamama 015,Bodega,Lima,Lima,Tienda,Rodrigo Salas,BEB-05,Té helado 500 ml x 12,Bebidas,Bebidas Norte Pacífico SAC,4,29.0,0.113,102.89,70.76,32.13,Pagado,Transferencia
P11140,2025-07-27,7,C015,Bodega Pachamama 015,Bodega,Lima,Lima,Tienda,Rodrigo Salas,GRA-05,Avena con quinua 900 g,Granos andinos,Agroandina del Sur SAC,2,11.5,0.157,19.39,15.42,3.97,Pagado,Yape
P11272,2025-07-27,7,C091,Cafetería El Puerto 091,Cafetería,Chiclayo,Norte,Tienda,María Torres,CAF-02,Café en grano 1 kg,Café y cacao,Café Selva Central SAC,8,46.0,0.02,360.64,209.76,150.88,Pagado,Yape
P11272,2025-07-27,7,C091,Cafetería El Puerto 091,Cafetería,Chiclayo,Norte,Tienda,María Torres,HAR-01,Harina sin preparar 1 kg,Harinas y pastas,Molinos Valle Verde SA,7,5.4,0.03,36.67,28.0,8.67,Pagado,Plin
P11272,2025-07-27,7,C091,Cafetería El Puerto 091,Cafetería,Chiclayo,Norte,Tienda,María Torres,CAF-02,Café en grano 1 kg,Café y cacao,Café Selva Central SAC,8,46.0,0,368.0,209.76,158.24,Pagado,Tarjeta
P11293,2025-07-27,7,C067,Bodega Las Flores 067,Bodega,Lima,Lima,Tienda,Rodrigo Salas,LIM-04,Desinfectante 1.8 L,Limpieza,Limpieza Total Perú SAC,5,11.9,0.142,51.05,37.5,13.55,Pagado,Yape
P11293,2025-07-27,7,C067,Bodega Las Flores 067,Bodega,Lima,Lima,Tienda,Rodrigo Salas,LIM-05,Jabón de tocador x 3,Limpieza,Limpieza Total Perú SAC,9,6.5,0.119,51.54,39.24,12.3,Pagado,Transferencia
P11316,2025-07-27,7,C057,Bodega La Victoria 057,Bodega,Lima,Lima,Tienda,Luis Paredes,BEB-03,Néctar de durazno 1 L x 6,Bebidas,Bebidas Norte Pacífico SAC,2,27.0,0.05,51.3,34.56,16.74,Pagado,Transferencia
P11316,2025-07-27,7,C057,Bodega La Victoria 057,Bodega,Lima,Lima,Tienda,Luis Paredes,LIM-01,Detergente 2 kg,Limpieza,Limpieza Total Perú SAC,8,19.5,0.03,151.32,107.6,43.72,Pagado,Yape
P11318,2025-07-27,7,C034,Minimarket San Martín 034,Minimarket,Lima,Lima,Tienda,Ana Quispe,BEB-02,Gaseosa 3 L x 4,Bebidas,Bebidas Norte Pacífico SAC,11,32.0,0,352.0,239.36,112.64,Pagado,Yape
P11318,2025-07-27,7,C034,Minimarket San Martín 034,Minimarket,Lima,Lima,Tienda,Ana Quispe,HAR-02,Fideo spaghetti 500 g,Harinas y pastas,Molinos Valle Verde SA,6,3.9,0,23.4,16.62,6.78,Pagado,Yape
P11191,2025-07-28,7,C102,Mayorista El Progreso 102,Mayorista,Tacna,Sur,Mayorista,Jorge Huamán,CAF-04,Chocolate para taza 180 g,Café y cacao,Café Selva Central SAC,28,9.9,0.08,255.02,171.92,83.1,Pagado,Transferencia
P11191,2025-07-28,7,C102,Mayorista El Progreso 102,Mayorista,Tacna,Sur,Mayorista,Jorge Huamán,BEB-03,Néctar de durazno 1 L x 6,Bebidas,Bebidas Norte Pacífico SAC,20,27.0,0.08,496.8,345.6,151.2,Pagado,Transferencia
P11191,2025-07-28,7,C102,Mayorista El Progreso 102,Mayorista,Tacna,Sur,Mayorista,Jorge Huamán,BEB-01,Agua mineral 625 ml x 15,Bebidas,Bebidas Norte Pacífico SAC,36,18.0,0.08,596.16,401.76,194.4,Vencido,Transferencia
P11199,2025-07-28,7,C094,Bodega Santa Rosa 094,Bodega,Trujillo,Norte,Tienda,María Torres,BEB-04,Bebida rehidratante 500 ml x 12,Bebidas,Bebidas Norte Pacífico SAC,6,33.0,0.05,188.1,124.74,63.36,Pagado,Plin
P11199,2025-07-28,7,C094,Bodega Santa Rosa 094,Bodega,Trujillo,Norte,Tienda,María Torres,BEB-04,Bebida rehidratante 500 ml x 12,Bebidas,Bebidas Norte Pacífico SAC,2,33.0,0.05,62.7,41.58,21.12,Pagado,Plin
P11215,2025-07-28,7,C076,Bodega El Trébol 076,Bodega,Chiclayo,Norte,WhatsApp,María Torres,SNA-01,Papas nativas 120 g x 10,Snacks,Snacks Costa Azul EIRL,7,35.0,0.02,240.1,147.0,93.1,Pagado,Plin
P11257,2025-07-28,7,C026,Bodega Mi Perú 026,Bodega,Lima,Lima,WhatsApp,Ana Quispe,BEB-05,Té helado 500 ml x 12,Bebidas,Bebidas Norte Pacífico SAC,5,29.0,0,145.0,88.45,56.55,Pagado,Tarjeta
P11257,2025-07-28,7,C026,Bodega Mi Perú 026,Bodega,Lima,Lima,WhatsApp,Ana Quispe,GRA-05,Avena con quinua 900 g,Granos andinos,Agroandina del Sur SAC,9,11.5,0.05,98.32,69.39,28.93,Pagado,Transferencia
P11257,2025-07-28,7,C026,Bodega Mi Perú 026,Bodega,Lima,Lima,WhatsApp,Ana Quispe,CAF-03,Cacao en polvo 250 g,Café y cacao,Café Selva Central SAC,7,12.5,0.05,83.12,52.5,30.62,Pagado,Plin
P11262,2025-07-28,7,C032,Restaurante Santa Rosa 032,Restaurante,Lima,Lima,WhatsApp,Ana Quispe,BEB-05,Té helado 500 ml x 12,Bebidas,Bebidas Norte Pacífico SAC,4,29.0,0.02,113.68,70.76,42.92,Pagado,Yape
P11262,2025-07-28,7,C032,Restaurante Santa Rosa 032,Restaurante,Lima,Lima,WhatsApp,Ana Quispe,LIM-02,Lejía 4 L,Limpieza,Limpieza Total Perú SAC,10,9.8,0.05,93.1,64.7,28.4,Pagado,Transferencia
P11278,2025-07-28,7,C115,Empresa El Puerto 115,Empresa,Arequipa,Sur,Tienda,Jorge Huamán,GRA-05,Avena con quinua 900 g,Granos andinos,Agroandina del Sur SAC,8,11.5,0.02,90.16,61.68,28.48,Vencido,Yape
P11278,2025-07-28,7,C115,Empresa El Puerto 115,Empresa,Arequipa,Sur,Tienda,Jorge Huamán,CAF-01,Café tostado molido 500 g,Café y cacao,Café Selva Central SAC,8,24.0,0,192.0,111.36,80.64,Pagado,Efectivo
P11295,2025-07-28,7,C125,Bodega El Ahorro 125,Bodega,Cusco,Sur,Tienda,Jorge Huamán,CAF-01,Café tostado molido 500 g,Café y cacao,Café Selva Central SAC,11,24.0,0.02,258.72,153.12,105.6,Pagado,Transferencia
P11368,2025-07-28,7,C107,Minimarket Mi Perú 107,Minimarket,Cusco,Sur,Tienda,Jorge Huamán,GRA-04,Chía 500 g,Granos andinos,Agroandina del Sur SAC,10,13.0,0.02,127.4,83.2,44.2,Pagado,Efectivo
P11368,2025-07-28,7,C107,Minimarket Mi Perú 107,Minimarket,Cusco,Sur,Tienda,Jorge Huamán,SNA-04,Maní salado 200 g x 12,Snacks,Snacks Costa Azul EIRL,5,30.0,0,150.0,93.0,57.0,Pagado,Efectivo
P11382,2025-08-01,8,C064,Restaurante La Victoria 064,Restaurante,Lima,Lima,Tienda,Luis Paredes,BEB-05,Té helado 500 ml x 12,Bebidas,Bebidas Norte Pacífico SAC,3,29.0,0,87.0,53.07,33.93,Pagado,Yape
P11412,2025-08-01,8,C056,Minimarket La Esperanza 056,Minimarket,Lima,Lima,Tienda,Ana Quispe,LIM-01,Detergente 2 kg,Limpieza,Limpieza Total Perú SAC,6,19.5,0,117.0,80.7,36.3,Pagado,Yape
P11412,2025-08-01,8,C056,Minimarket La Esperanza 056,Minimarket,Lima,Lima,Tienda,Ana Quispe,GRA-01,Quinua blanca 1 kg,Granos andinos,Agroandina del Sur SAC,9,14.5,0.05,123.97,86.13,37.84,Pagado,Transferencia
P11413,2025-08-01,8,C128,Empresa Primavera 128,Empresa,Huancayo,Centro,Tienda,Rosa Ccori,CAF-03,Cacao en polvo 250 g,Café y cacao,Café Selva Central SAC,11,12.5,0,137.5,82.5,55.0,Pagado,Transferencia
P11497,2025-08-01,8,C048,Cafetería Inti 048,Cafetería,Lima,Lima,Tienda,Luis Paredes,SNA-05,Camote frito 120 g x 10,Snacks,Snacks Costa Azul EIRL,6,31.0,0.05,176.7,109.74,66.96,Pagado,Tarjeta
P11497,2025-08-01,8,C048,Cafetería Inti 048,Cafetería,Lima,Lima,Tienda,Luis Paredes,GRA-03,Maca en polvo 250 g,Granos andinos,Agroandina del Sur SAC,3,17.0,0,51.0,28.05,22.95,Pagado,Transferencia
P11408,2025-08-02,8,C045,Minimarket Inti 045,Minimarket,Lima,Lima,WhatsApp,Luis Paredes,BEB-01,Agua mineral 625 ml x 15,Bebidas,Bebidas Norte Pacífico SAC,9,18.0,0.03,157.14,100.44,56.7,Pagado,Yape
P11408,2025-08-02,8,C045,Minimarket Inti 045,Minimarket,Lima,Lima,WhatsApp,Luis Paredes,LIM-02,Lejía 4 L,Limpieza,Limpieza Total Perú SAC,7,9.8,0.05,65.17,45.29,19.88,Vencido,Efectivo
P11408,2025-08-02,8,C045,Minimarket Inti 045,Minimarket,Lima,Lima,WhatsApp,Luis Paredes,BEB-03,Néctar de durazno 1 L x 6,Bebidas,Bebidas Norte Pacífico SAC,10,27.0,0.05,256.5,172.8,83.7,Pagado,Efectivo
P11424,2025-08-02,8,C001,Minimarket El Progreso 001,Minimarket,Lima,Lima,Tienda,Ana Quispe,BEB-01,Agua mineral 625 ml x 15,Bebidas,Bebidas Norte Pacífico SAC,2,18.0,0,36.0,22.32,13.68,Pagado,Efectivo
P11424,2025-08-02,8,C001,Minimarket El Progreso 001,Minimarket,Lima,Lima,Tienda,Ana Quispe,BEB-01,Agua mineral 625 ml x 15,Bebidas,Bebidas Norte Pacífico SAC,6,18.0,0.05,102.6,66.96,35.64,Pagado,Tarjeta
P11473,2025-08-02,8,C012,Cafetería Pachamama 012,Cafetería,Lima,Lima,Tienda,Ana Quispe,GRA-04,Chía 500 g,Granos andinos,Agroandina del Sur SAC,4,13.0,0.03,50.44,33.28,17.16,Vencido,Transferencia
P11496,2025-08-02,8,C075,Mayorista Santa Rosa 075,Mayorista,Trujillo,Norte,Mayorista,María Torres,SNA-03,Galletas de avena x 24,Snacks,Snacks Costa Azul EIRL,16,22.0,0.08,323.84,228.8,95.04,Vencido,Transferencia
P11496,2025-08-02,8,C075,Mayorista Santa Rosa 075,Mayorista,Trujillo,Norte,Mayorista,María Torres,SNA-01,Papas nativas 120 g x 10,Snacks,Snacks Costa Azul EIRL,32,35.0,0.08,1030.4,672.0,358.4,Vencido,Transferencia
P11507,2025-08-02,8,C100,Restaurante El Ahorro 100,Restaurante,Cusco,Sur,Tienda,Jorge Huamán,HAR-05,Sémola 500 g,Harinas y pastas,Molinos Valle Verde SA,2,4.1,0.05,7.79,5.74,2.05,Pagado,Efectivo
P11507,2025-08-02,8,C100,Restaurante El Ahorro 100,Restaurante,Cusco,Sur,Tienda,Jorge Huamán,CAF-03,Cacao en polvo 250 g,Café y cacao,Café Selva Central SAC,4,12.5,0,50.0,30.0,20.0,Pagado,Tarjeta
P11518,2025-08-02,8,C013,Empresa Nueva Era 013,Empresa,Lima,Lima,Online,Luis Paredes,HAR-04,Harina preparada 1 kg,Harinas y pastas,Molinos Valle Verde SA,10,6.3,0,63.0,46.0,17.0,Vencido,Yape
P11518,2025-08-02,8,C013,Empresa Nueva Era 013,Empresa,Lima,Lima,Online,Luis Paredes,LIM-03,Lavavajilla 900 g,Limpieza,Limpieza Total Perú SAC,4,8.2,0,32.8,21.0,11.8,Pagado,Plin
P11518,2025-08-02,8,C013,Empresa Nueva Era 013,Empresa,Lima,Lima,Online,Luis Paredes,GRA-02,Kiwicha pop 300 g,Granos andinos,Agroandina del Sur SAC,11,8.9,0.02,95.94,59.73,36.21,Pagado,Tarjeta
P11521,2025-08-02,8,C126,Restaurante La Familia 126,Restaurante,Arequipa,Sur,Tienda,Jorge Huamán,HAR-05,Sémola 500 g,Harinas y pastas,Molinos Valle Verde SA,8,4.1,0.03,31.82,22.96,8.86,Pagado,Transferencia
P11529,2025-08-02,8,C090,Minimarket La Esperanza 090,Minimarket,Piura,Norte,Tienda,María Torres,CAF-04,Chocolate para taza 180 g,Café y cacao,Café Selva Central SAC,11,9.9,0,108.9,67.54,41.36,Pagado,Yape
P11397,2025-08-03,8,C102,Mayorista El Progreso 102,Mayorista,Tacna,Sur,Mayorista,Jorge Huamán,SNA-02,Chifles 150 g x 10,Snacks,Snacks Costa Azul EIRL,40,28.0,0.08,1030.4,649.6,380.8,Vencido,Transferencia
P11430,2025-08-03,8,C026,Bodega Mi Perú 026,Bodega,Lima,Lima,Tienda,Rodrigo Salas,BEB-03,Néctar de durazno 1 L x 6,Bebidas,Bebidas Norte Pacífico SAC,3,27.0,0.153,68.61,51.84,16.77,Vencido,Transferencia
P11430,2025-08-03,8,C026,Bodega Mi Perú 026,Bodega,Lima,Lima,Tienda,Rodrigo Salas,GRA-02,Kiwicha pop 300 g,Granos andinos,Agroandina del Sur SAC,3,8.9,0.141,22.94,16.29,6.65,Vencido,Transferencia
P11430,2025-08-03,8,C026,Bodega Mi Perú 026,Bodega,Lima,Lima,Tienda,Rodrigo Salas,LIM-04,Desinfectante 1.8 L,Limpieza,Limpieza Total Perú SAC,9,11.9,0.17,88.89,67.5,21.39,Pagado,Yape
P11440,2025-08-03,8,C079,Restaurante El Ahorro 079,Restaurante,Trujillo,Norte,Tienda,María Torres,LIM-02,Lejía 4 L,Limpieza,Limpieza Total Perú SAC,4,9.8,0.02,38.42,25.88,12.54,Pagado,Transferencia
P11562,2025-08-03,8,C065,Bodega Virgen de Fátima 065,Bodega,Lima,Lima,Tienda,Ana Quispe,SNA-05,Camote frito 120 g x 10,Snacks,Snacks Costa Azul EIRL,9,31.0,0.05,265.05,164.61,100.44,Pagado,Yape
P11562,2025-08-03,8,C065,Bodega Virgen de Fátima 065,Bodega,Lima,Lima,Tienda,Ana Quispe,CAF-04,Chocolate para taza 180 g,Café y cacao,Café Selva Central SAC,12,9.9,0.03,115.24,73.68,41.56,Pagado,Plin
P11389,2025-08-04,8,C067,Bodega Las Flores 067,Bodega,Lima,Lima,Tienda,Rodrigo Salas,BEB-02,Gaseosa 3 L x 4,Bebidas,Bebidas Norte Pacífico SAC,3,32.0,0.137,82.85,65.28,17.57,Pagado,Yape
P11389,2025-08-04,8,C067,Bodega Las Flores 067,Bodega,Lima,Lima,Tienda,Rodrigo Salas,GRA-03,Maca en polvo 250 g,Granos andinos,Agroandina del Sur SAC,3,17.0,0.131,44.32,28.05,16.27,Pagado,Transferencia
P11464,2025-08-04,8,C012,Cafetería Pachamama 012,Cafetería,Lima,Lima,Tienda,Luis Paredes,SNA-01,Papas nativas 120 g x 10,Snacks,Snacks Costa Azul EIRL,5,35.0,0.03,169.75,105.0,64.75,Pagado,Efectivo
P11464,2025-08-04,8,C012,Cafetería Pachamama 012,Cafetería,Lima,Lima,Tienda,Luis Paredes,HAR-02,Fideo spaghetti 500 g,Harinas y pastas,Molinos Valle Verde SA,2,3.9,0,7.8,5.54,2.26,Pagado,Yape
P11465,2025-08-04,8,C084,Bodega El Progreso 084,Bodega,Piura,Norte,Tienda,María Torres,CAF-01,Café tostado molido 500 g,Café y cacao,Café Selva Central SAC,12,24.0,0,288.0,167.04,120.96,Pagado,Yape
P11476,2025-08-04,8,C034,Minimarket San Martín 034,Minimarket,Lima,Lima,Tienda,Ana Quispe,SNA-02,Chifles 150 g x 10,Snacks,Snacks Costa Azul EIRL,9,28.0,0.05,239.4,146.16,93.24,Pagado,Transferencia
P11527,2025-08-04,8,C011,Mayorista Pachamama 011,Mayorista,Lima,Lima,Mayorista,Ana Quispe,GRA-01,Quinua blanca 1 kg,Granos andinos,Agroandina del Sur SAC,28,14.5,0.08,373.52,267.96,105.56,Pagado,Transferencia
P11533,2025-08-04,8,C122,Bodega El Ahorro 122,Bodega,Tacna,Sur,WhatsApp,Jorge Huamán,GRA-01,Quinua blanca 1 kg,Granos andinos,Agroandina del Sur SAC,10,14.5,0,145.0,95.7,49.3,Pagado,Plin
P11533,2025-08-04,8,C122,Bodega El Ahorro 122,Bodega,Tacna,Sur,WhatsApp,Jorge Huamán,LIM-05,Jabón de tocador x 3,Limpieza,Limpieza Total Perú SAC,7,6.5,0,45.5,30.52,14.98,Pagado,Yape
P11386,2025-08-05,8,C060,Bodega El Sol 060,Bodega,Lima,Lima,Tienda,Ana Quispe,GRA-05,Avena con quinua 900 g,Granos andinos,Agroandina del Sur SAC,12,11.5,0.05,131.1,92.52,38.58,Pagado,Transferencia
P11386,2025-08-05,8,C060,Bodega El Sol 060,Bodega,Lima,Lima,Tienda,Ana Quispe,SNA-02,Chifles 150 g x 10,Snacks,Snacks Costa Azul EIRL,12,28.0,0.05,319.2,194.88,124.32,Pagado,Transferencia
P11410,2025-08-05,8,C033,Minimarket Primavera 033,Minimarket,Lima,Lima,Tienda,Ana Quispe,SNA-02,Chifles 150 g x 10,Snacks,Snacks Costa Azul EIRL,11,28.0,0.03,298.76,178.64,120.12,Vencido,Yape
P11410,2025-08-05,8,C033,Minimarket Primavera 033,Minimarket,Lima,Lima,Tienda,Ana Quispe,CAF-02,Café en grano 1 kg,Café y cacao,Café Selva Central SAC,11,46.0,0.03,490.82,288.42,202.4,Pagado,Transferencia
P11410,2025-08-05,8,C033,Minimarket Primavera 033,Minimarket,Lima,Lima,Tienda,Ana Quispe,HAR-02,Fideo spaghetti 500 g,Harinas y pastas,Molinos Valle Verde SA,10,3.9,0,39.0,27.7,11.3,Pagado,Transferencia
P11421,2025-08-05,8,C128,Empresa Primavera 128,Empresa,Huancayo,Centro,Tienda,Rosa Ccori,LIM-03,Lavavajilla 900 g,Limpieza,Limpieza Total Perú SAC,6,8.2,0.03,47.72,31.5,16.22,Pagado,Yape
P11421,2025-08-05,8,C128,Empresa Primavera 128,Empresa,Huancayo,Centro,Tienda,Rosa Ccori,SNA-04,Maní salado 200 g x 12,Snacks,Snacks Costa Azul EIRL,5,30.0,0,150.0,93.0,57.0,Vencido,Plin
P11461,2025-08-05,8,C118,Bodega El Sol 118,Bodega,Cusco,Sur,Tienda,Jorge Huamán,HAR-03,Fideo tallarín 1 kg,Harinas y pastas,Molinos Valle Verde SA,8,7.2,0.03,55.87,41.44,14.43,Pagado,Transferencia
P11461,2025-08-05,8,C118,Bodega El Sol 118,Bodega,Cusco,Sur,Tienda,Jorge Huamán,LIM-05,Jabón de tocador x 3,Limpieza,Limpieza Total Perú SAC,8,6.5,0,52.0,34.88,17.12,Pagado,Plin
P11461,2025-08-05,8,C118,Bodega El Sol 118,Bodega,Cusco,Sur,Tienda,Jorge Huamán,CAF-04,Chocolate para taza 180 g,Café y cacao,Café Selva Central SAC,7,9.9,0,69.3,42.98,26.32,Pagado,Tarjeta
P11466,2025-08-05,8,C077,Mayorista Inti 077,Mayorista,Trujillo,Norte,Mayorista,María Torres,CAF-05,Café instantáneo 200 g,Café y cacao,Café Selva Central SAC,48,21.0,0.08,927.36,635.04,292.32,Pagado,Transferencia
P11466,2025-08-05,8,C077,Mayorista Inti 077,Mayorista,Trujillo,Norte,Mayorista,María Torres,CAF-04,Chocolate para taza 180 g,Café y cacao,Café Selva Central SAC,32,9.9,0.08,291.46,196.48,94.98,Vencido,Transferencia
P11466,2025-08-05,8,C077,Mayorista Inti 077,Mayorista,Trujillo,Norte,Mayorista,María Torres,CAF-01,Café tostado molido 500 g,Café y cacao,Café Selva Central SAC,32,24.0,0.08,706.56,445.44,261.12,Pagado,Transferencia
P11468,2025-08-05,8,C102,Mayorista El Progreso 102,Mayorista,Tacna,Sur,Mayorista,Jorge Huamán,CAF-01,Café tostado molido 500 g,Café y cacao,Café Selva Central SAC,36,24.0,0.08,794.88,501.12,293.76,Pagado,Transferencia
P11468,2025-08-05,8,C102,Mayorista El Progreso 102,Mayorista,Tacna,Sur,Mayorista,Jorge Huamán,GRA-05,Avena con quinua 900 g,Granos andinos,Agroandina del Sur SAC,8,11.5,0.08,84.64,61.68,22.96,Pagado,Transferencia
P11504,2025-08-05,8,C040,Minimarket La Esperanza 040,Minimarket,Lima,Lima,Tienda,Rodrigo Salas,SNA-05,Camote frito 120 g x 10,Snacks,Snacks Costa Azul EIRL,5,31.0,0.133,134.38,91.45,42.93,Pagado,Transferencia
P11504,2025-08-05,8,C040,Minimarket La Esperanza 040,Minimarket,Lima,Lima,Tienda,Rodrigo Salas,CAF-04,Chocolate para taza 180 g,Café y cacao,Café Selva Central SAC,3,9.9,0.178,24.41,18.42,5.99,Pagado,Plin
P11555,2025-08-05,8,C052,Bodega La Victoria 052,Bodega,Lima,Lima,Online,Luis Paredes,BEB-03,Néctar de durazno 1 L x 6,Bebidas,Bebidas Norte Pacífico SAC,3,27.0,0.02,79.38,51.84,27.54,Pagado,Yape
P11555,2025-08-05,8,C052,Bodega La Victoria 052,Bodega,Lima,Lima,Online,Luis Paredes,CAF-04,Chocolate para taza 180 g,Café y cacao,Café Selva Central SAC,11,9.9,0.02,106.72,67.54,39.18,Pagado,Efectivo
P11560,2025-08-05,8,C093,Empresa Pachamama 093,Empresa,Piura,Norte,Online,María Torres,SNA-03,Galletas de avena x 24,Snacks,Snacks Costa Azul EIRL,5,22.0,0.03,106.7,71.5,35.2,Pagado,Tarjeta
P11414,2025-08-06,8,C073,Minimarket Don Lucho 073,Minimarket,Trujillo,Norte,Tienda,María Torres,SNA-04,Maní salado 200 g x 12,Snacks,Snacks Costa Azul EIRL,2,30.0,0.02,58.8,37.2,21.6,Pagado,Transferencia
P11414,2025-08-06,8,C073,Minimarket Don Lucho 073,Minimarket,Trujillo,Norte,Tienda,María Torres,CAF-02,Café en grano 1 kg,Café y cacao,Café Selva Central SAC,8,46.0,0.02,360.64,209.76,150.88,Vencido,Transferencia
P11526,2025-08-06,8,C022,Empresa La Familia 022,Empresa,Lima,Lima,Tienda,Rodrigo Salas,BEB-05,Té helado 500 ml x 12,Bebidas,Bebidas Norte Pacífico SAC,2,29.0,0.177,47.73,35.38,12.35,Pagado,Transferencia
P11526,2025-08-06,8,C022,Empresa La Familia 022,Empresa,Lima,Lima,Tienda,Rodrigo Salas,HAR-03,Fideo tallarín 1 kg,Harinas y pastas,Molinos Valle Verde SA,4,7.2,0.174,23.79,20.72,3.07,Pagado,Plin
P11539,2025-08-06,8,C074,Empresa Santa Rosa 074,Empresa,Piura,Norte,Tienda,María Torres,SNA-04,Maní salado 200 g x 12,Snacks,Snacks Costa Azul EIRL,9,30.0,0,270.0,167.4,102.6,Pagado,Tarjeta
P11539,2025-08-06,8,C074,Empresa Santa Rosa 074,Empresa,Piura,Norte,Tienda,María Torres,LIM-04,Desinfectante 1.8 L,Limpieza,Limpieza Total Perú SAC,10,11.9,0.03,115.43,75.0,40.43,Pagado,Tarjeta
P11539,2025-08-06,8,C074,Empresa Santa Rosa 074,Empresa,Piura,Norte,Tienda,María Torres,SNA-05,Camote frito 120 g x 10,Snacks,Snacks Costa Azul EIRL,10,31.0,0,310.0,182.9,127.1,Pagado,Plin
P11394,2025-08-07,8,C087,Restaurante El Ahorro 087,Restaurante,Trujillo,Norte,Online,María Torres,HAR-04,Harina preparada 1 kg,Harinas y pastas,Molinos Valle Verde SA,10,6.3,0.03,61.11,46.0,15.11,Pagado,Yape
P11419,2025-08-07,8,C073,Minimarket Don Lucho 073,Minimarket,Trujillo,Norte,Online,María Torres,HAR-02,Fideo spaghetti 500 g,Harinas y pastas,Molinos Valle Verde SA,4,3.9,0.03,15.13,11.08,4.05,Pagado,Yape
P11419,2025-08-07,8,C073,Minimarket Don Lucho 073,Minimarket,Trujillo,Norte,Online,María Torres,GRA-04,Chía 500 g,Granos andinos,Agroandina del Sur SAC,10,13.0,0.02,127.4,83.2,44.2,Pagado,Yape
P11432,2025-08-07,8,C093,Empresa Pachamama 093,Empresa,Piura,Norte,Tienda,María Torres,SNA-05,Camote frito 120 g x 10,Snacks,Snacks Costa Azul EIRL,4,31.0,0.05,117.8,73.16,44.64,Pagado,Yape
P11432,2025-08-07,8,C093,Empresa Pachamama 093,Empresa,Piura,Norte,Tienda,María Torres,CAF-04,Chocolate para taza 180 g,Café y cacao,Café Selva Central SAC,6,9.9,0.03,57.62,36.84,20.78,Pagado,Efectivo
P11475,2025-08-07,8,C095,Bodega La Familia 095,Bodega,Piura,Norte,Tienda,María Torres,CAF-03,Cacao en polvo 250 g,Café y cacao,Café Selva Central SAC,3,12.5,0,37.5,22.5,15.0,Pagado,Plin
P11475,2025-08-07,8,C095,Bodega La Familia 095,Bodega,Piura,Norte,Tienda,María Torres,CAF-02,Café en grano 1 kg,Café y cacao,Café Selva Central SAC,11,46.0,0,506.0,288.42,217.58,Pagado,Efectivo
P11481,2025-08-07,8,C030,Cafetería San Martín 030,Cafetería,Lima,Lima,Tienda,Rodrigo Salas,CAF-05,Café instantáneo 200 g,Café y cacao,Café Selva Central SAC,3,21.0,0.122,55.31,39.69,15.62,Pagado,Plin
P11488,2025-08-07,8,C059,Bodega Santa Rosa 059,Bodega,Lima,Lima,Tienda,Ana Quispe,CAF-01,Café tostado molido 500 g,Café y cacao,Café Selva Central SAC,11,24.0,0.02,258.72,153.12,105.6,Pagado,Yape
P11488,2025-08-07,8,C059,Bodega Santa Rosa 059,Bodega,Lima,Lima,Tienda,Ana Quispe,BEB-02,Gaseosa 3 L x 4,Bebidas,Bebidas Norte Pacífico SAC,4,32.0,0.03,124.16,87.04,37.12,Pagado,Tarjeta
P11490,2025-08-07,8,C126,Restaurante La Familia 126,Restaurante,Arequipa,Sur,Tienda,Jorge Huamán,LIM-05,Jabón de tocador x 3,Limpieza,Limpieza Total Perú SAC,2,6.5,0.02,12.74,8.72,4.02,Pagado,Yape
P11490,2025-08-07,8,C126,Restaurante La Familia 126,Restaurante,Arequipa,Sur,Tienda,Jorge Huamán,GRA-05,Avena con quinua 900 g,Granos andinos,Agroandina del Sur SAC,6,11.5,0.03,66.93,46.26,20.67,Pagado,Transferencia
P11568,2025-08-07,8,C102,Mayorista El Progreso 102,Mayorista,Tacna,Sur,Mayorista,Jorge Huamán,CAF-02,Café en grano 1 kg,Café y cacao,Café Selva Central SAC,28,46.0,0.08,1184.96,734.16,450.8,Pagado,Transferencia
P11379,2025-08-08,8,C018,Bodega La Familia 018,Bodega,Lima,Lima,Tienda,Rodrigo Salas,BEB-02,Gaseosa 3 L x 4,Bebidas,Bebidas Norte Pacífico SAC,8,32.0,0.124,224.26,174.08,50.18,Pagado,Yape
P11379,2025-08-08,8,C018,Bodega La Familia 018,Bodega,Lima,Lima,Tienda,Rodrigo Salas,SNA-04,Maní salado 200 g x 12,Snacks,Snacks Costa Azul EIRL,10,30.0,0.111,266.7,186.0,80.7,Pagado,Efectivo
P11416,2025-08-08,8,C128,Empresa Primavera 128,Empresa,Huancayo,Centro,Tienda,Rosa Ccori,GRA-03,Maca en polvo 250 g,Granos andinos,Agroandina del Sur SAC,11,17.0,0,187.0,102.85,84.15,Pagado,Yape
P11416,2025-08-08,8,C128,Empresa Primavera 128,Empresa,Huancayo,Centro,Tienda,Rosa Ccori,CAF-03,Cacao en polvo 250 g,Café y cacao,Café Selva Central SAC,4,12.5,0,50.0,30.0,20.0,Pagado,Tarjeta
P11450,2025-08-08,8,C077,Mayorista Inti 077,Mayorista,Trujillo,Norte,Mayorista,María Torres,GRA-01,Quinua blanca 1 kg,Granos andinos,Agroandina del Sur SAC,40,14.5,0.08,533.6,382.8,150.8,Vencido,Transferencia
P11450,2025-08-08,8,C077,Mayorista Inti 077,Mayorista,Trujillo,Norte,Mayorista,María Torres,CAF-03,Cacao en polvo 250 g,Café y cacao,Café Selva Central SAC,12,12.5,0.08,138.0,90.0,48.0,Vencido,Transferencia
P11474,2025-08-08,8,C091,Cafetería El Puerto 091,Cafetería,Chiclayo,Norte,Tienda,María Torres,BEB-02,Gaseosa 3 L x 4,Bebidas,Bebidas Norte Pacífico SAC,5,32.0,0,160.0,108.8,51.2,Pagado,Transferencia
P11500,2025-08-08,8,C124,Minimarket Primavera 124,Minimarket,Cusco,Sur,Tienda,Jorge Huamán,CAF-04,Chocolate para taza 180 g,Café y cacao,Café Selva Central SAC,5,9.9,0,49.5,30.7,18.8,Vencido,Yape
P11500,2025-08-08,8,C124,Minimarket Primavera 124,Minimarket,Cusco,Sur,Tienda,Jorge Huamán,SNA-03,Galletas de avena x 24,Snacks,Snacks Costa Azul EIRL,5,22.0,0.02,107.8,71.5,36.3,Pagado,Transferencia
P11500,2025-08-08,8,C124,Minimarket Primavera 124,Minimarket,Cusco,Sur,Tienda,Jorge Huamán,LIM-03,Lavavajilla 900 g,Limpieza,Limpieza Total Perú SAC,5,8.2,0,41.0,26.25,14.75,Pagado,Plin
P11511,2025-08-08,8,C060,Bodega El Sol 060,Bodega,Lima,Lima,Tienda,Ana Quispe,SNA-01,Papas nativas 120 g x 10,Snacks,Snacks Costa Azul EIRL,6,35.0,0.02,205.8,126.0,79.8,Pagado,Efectivo
P11534,2025-08-08,8,C009,Minimarket La Esperanza 009,Minimarket,Lima,Lima,Tienda,Rodrigo Salas,HAR-02,Fideo spaghetti 500 g,Harinas y pastas,Molinos Valle Verde SA,9,3.9,0.157,29.59,24.93,4.66,Pagado,Tarjeta
P11534,2025-08-08,8,C009,Minimarket La Esperanza 009,Minimarket,Lima,Lima,Tienda,Rodrigo Salas,BEB-01,Agua mineral 625 ml x 15,Bebidas,Bebidas Norte Pacífico SAC,6,18.0,0.159,90.83,66.96,23.87,Pagado,Transferencia
P11534,2025-08-08,8,C009,Minimarket La Esperanza 009,Minimarket,Lima,Lima,Tienda,Rodrigo Salas,GRA-02,Kiwicha pop 300 g,Granos andinos,Agroandina del Sur SAC,11,8.9,0.141,84.1,59.73,24.37,Pagado,Transferencia
P11549,2025-08-08,8,C053,Minimarket Don Lucho 053,Minimarket,Lima,Lima,WhatsApp,Ana Quispe,BEB-02,Gaseosa 3 L x 4,Bebidas,Bebidas Norte Pacífico SAC,3,32.0,0.02,94.08,65.28,28.8,Pagado,Transferencia
P11549,2025-08-08,8,C053,Minimarket Don Lucho 053,Minimarket,Lima,Lima,WhatsApp,Ana Quispe,CAF-04,Chocolate para taza 180 g,Café y cacao,Café Selva Central SAC,11,9.9,0.03,105.63,67.54,38.09,Pagado,Plin
P11551,2025-08-08,8,C006,Bodega Mi Perú 006,Bodega,Lima,Lima,Tienda,Luis Paredes,CAF-04,Chocolate para taza 180 g,Café y cacao,Café Selva Central SAC,4,9.9,0,39.6,24.56,15.04,Pagado,Plin
P11395,2025-08-09,8,C074,Empresa Santa Rosa 074,Empresa,Piura,Norte,Tienda,María Torres,GRA-04,Chía 500 g,Granos andinos,Agroandina del Sur SAC,4,13.0,0.05,49.4,33.28,16.12,Pagado,Yape
P11395,2025-08-09,8,C074,Empresa Santa Rosa 074,Empresa,Piura,Norte,Tienda,María Torres,LIM-03,Lavavajilla 900 g,Limpieza,Limpieza Total Perú SAC,3,8.2,0.03,23.86,15.75,8.11,Pagado,Transferencia
P11429,2025-08-09,8,C026,Bodega Mi Perú 026,Bodega,Lima,Lima,Tienda,Ana Quispe,BEB-01,Agua mineral 625 ml x 15,Bebidas,Bebidas Norte Pacífico SAC,6,18.0,0,108.0,66.96,41.04,Pagado,Efectivo
P11437,2025-08-09,8,C066,Empresa La Esperanza 066,Empresa,Lima,Lima,Tienda,Luis Paredes,BEB-03,Néctar de durazno 1 L x 6,Bebidas,Bebidas Norte Pacífico SAC,9,27.0,0.03,235.71,155.52,80.19,Pagado,Yape
P11437,2025-08-09,8,C066,Empresa La Esperanza 066,Empresa,Lima,Lima,Tienda,Luis Paredes,GRA-02,Kiwicha pop 300 g,Granos andinos,Agroandina del Sur SAC,2,8.9,0,17.8,10.86,6.94,Pagado,Yape
P11485,2025-08-09,8,C082,Bodega Mi Perú 082,Bodega,Piura,Norte,Tienda,María Torres,CAF-04,Chocolate para taza 180 g,Café y cacao,Café Selva Central SAC,7,9.9,0,69.3,42.98,26.32,Pagado,Transferencia
P11498,2025-08-09,8,C128,Empresa Primavera 128,Empresa,Huancayo,Centro,Tienda,Rosa Ccori,HAR-01,Harina sin preparar 1 kg,Harinas y pastas,Molinos Valle Verde SA,8,5.4,0.02,42.34,32.0,10.34,Pagado,Plin
P11502,2025-08-09,8,C113,Mayorista El Sol 113,Mayorista,Cusco,Sur,Mayorista,Jorge Huamán,HAR-01,Harina sin preparar 1 kg,Harinas y pastas,Molinos Valle Verde SA,36,5.4,0.08,178.85,144.0,34.85,Vencido,Transferencia
P11545,2025-08-09,8,C069,Restaurante Mi Perú 069,Restaurante,Lima,Lima,Tienda,Ana Quispe,CAF-03,Cacao en polvo 250 g,Café y cacao,Café Selva Central SAC,5,12.5,0.03,60.62,37.5,23.12,Pagado,Plin
P11545,2025-08-09,8,C069,Restaurante Mi Perú 069,Restaurante,Lima,Lima,Tienda,Ana Quispe,BEB-01,Agua mineral 625 ml x 15,Bebidas,Bebidas Norte Pacífico SAC,7,18.0,0.05,119.7,78.12,41.58,Pagado,Plin
P11545,2025-08-09,8,C069,Restaurante Mi Perú 069,Restaurante,Lima,Lima,Tienda,Ana Quispe,BEB-01,Agua mineral 625 ml x 15,Bebidas,Bebidas Norte Pacífico SAC,8,18.0,0,144.0,89.28,54.72,Pagado,Plin
P11556,2025-08-09,8,C001,Minimarket El Progreso 001,Minimarket,Lima,Lima,Tienda,Rodrigo Salas,SNA-01,Papas nativas 120 g x 10,Snacks,Snacks Costa Azul EIRL,5,35.0,0.144,149.8,105.0,44.8,Vencido,Transferencia
P11556,2025-08-09,8,C001,Minimarket El Progreso 001,Minimarket,Lima,Lima,Tienda,Rodrigo Salas,SNA-05,Camote frito 120 g x 10,Snacks,Snacks Costa Azul EIRL,9,31.0,0.161,234.08,164.61,69.47,Pagado,Efectivo
P11564,2025-08-09,8,C011,Mayorista Pachamama 011,Mayorista,Lima,Lima,Mayorista,Luis Paredes,CAF-03,Cacao en polvo 250 g,Café y cacao,Café Selva Central SAC,40,12.5,0.08,460.0,300.0,160.0,Pagado,Transferencia
P11564,2025-08-09,8,C011,Mayorista Pachamama 011,Mayorista,Lima,Lima,Mayorista,Luis Paredes,BEB-04,Bebida rehidratante 500 ml x 12,Bebidas,Bebidas Norte Pacífico SAC,48,33.0,0.08,1457.28,997.92,459.36,Pagado,Transferencia
P11380,2025-08-10,8,C124,Minimarket Primavera 124,Minimarket,Cusco,Sur,Tienda,Jorge Huamán,BEB-02,Gaseosa 3 L x 4,Bebidas,Bebidas Norte Pacífico SAC,2,32.0,0.03,62.08,43.52,18.56,Pagado,Yape
P11380,2025-08-10,8,C124,Minimarket Primavera 124,Minimarket,Cusco,Sur,Tienda,Jorge Huamán,SNA-02,Chifles 150 g x 10,Snacks,Snacks Costa Azul EIRL,2,28.0,0,56.0,32.48,23.52,Pagado,Transferencia
P11380,2025-08-10,8,C124,Minimarket Primavera 124,Minimarket,Cusco,Sur,Tienda,Jorge Huamán,CAF-02,Café en grano 1 kg,Café y cacao,Café Selva Central SAC,5,46.0,0.03,223.1,131.1,92.0,Pagado,Yape
P11387,2025-08-10,8,C072,Empresa Santa Rosa 072,Empresa,Trujillo,Norte,Tienda,María Torres,HAR-02,Fideo spaghetti 500 g,Harinas y pastas,Molinos Valle Verde SA,2,3.9,0,7.8,5.54,2.26,Pagado,Plin
P11387,2025-08-10,8,C072,Empresa Santa Rosa 072,Empresa,Trujillo,Norte,Tienda,María Torres,LIM-02,Lejía 4 L,Limpieza,Limpieza Total Perú SAC,8,9.8,0.02,76.83,51.76,25.07,Vencido,Yape
P11387,2025-08-10,8,C072,Empresa Santa Rosa 072,Empresa,Trujillo,Norte,Tienda,María Torres,HAR-01,Harina sin preparar 1 kg,Harinas y pastas,Molinos Valle Verde SA,6,5.4,0,32.4,24.0,8.4,Pagado,Plin
P11388,2025-08-10,8,C035,Bodega El Trébol 035,Bodega,Lima,Lima,WhatsApp,Ana Quispe,CAF-01,Café tostado molido 500 g,Café y cacao,Café Selva Central SAC,12,24.0,0.03,279.36,167.04,112.32,Pagado,Yape
P11388,2025-08-10,8,C035,Bodega El Trébol 035,Bodega,Lima,Lima,WhatsApp,Ana Quispe,GRA-02,Kiwicha pop 300 g,Granos andinos,Agroandina del Sur SAC,2,8.9,0.02,17.44,10.86,6.58,Pagado,Transferencia
P11428,2025-08-10,8,C126,Restaurante La Familia 126,Restaurante,Arequipa,Sur,Tienda,Jorge Huamán,LIM-02,Lejía 4 L,Limpieza,Limpieza Total Perú SAC,8,9.8,0.05,74.48,51.76,22.72,Pagado,Transferencia
P11433,2025-08-10,8,C126,Restaurante La Familia 126,Restaurante,Arequipa,Sur,Tienda,Jorge Huamán,LIM-01,Detergente 2 kg,Limpieza,Limpieza Total Perú SAC,11,19.5,0.02,210.21,147.95,62.26,Pagado,Yape
P11446,2025-08-10,8,C129,Mayorista La Esperanza 129,Mayorista,Huánuco,Centro,Mayorista,Rosa Ccori,LIM-04,Desinfectante 1.8 L,Limpieza,Limpieza Total Perú SAC,8,11.9,0.08,87.58,60.0,27.58,Pagado,Transferencia
P11447,2025-08-10,8,C028,Restaurante El Ahorro 028,Restaurante,Lima,Lima,Tienda,Luis Paredes,CAF-04,Chocolate para taza 180 g,Café y cacao,Café Selva Central SAC,3,9.9,0.02,29.11,18.42,10.69,Vencido,Efectivo
P11447,2025-08-10,8,C028,Restaurante El Ahorro 028,Restaurante,Lima,Lima,Tienda,Luis Paredes,LIM-02,Lejía 4 L,Limpieza,Limpieza Total Perú SAC,3,9.8,0,29.4,19.41,9.99,Pagado,Yape
P11499,2025-08-10,8,C024,Bodega Los Andes 024,Bodega,Lima,Lima,Online,Luis Paredes,LIM-02,Lejía 4 L,Limpieza,Limpieza Total Perú SAC,12,9.8,0,117.6,77.64,39.96,Vencido,Yape
P11499,2025-08-10,8,C024,Bodega Los Andes 024,Bodega,Lima,Lima,Online,Luis Paredes,CAF-01,Café tostado molido 500 g,Café y cacao,Café Selva Central SAC,5,24.0,0.02,117.6,69.6,48.0,Pagado,Transferencia
P11499,2025-08-10,8,C024,Bodega Los Andes 024,Bodega,Lima,Lima,Online,Luis Paredes,GRA-05,Avena con quinua 900 g,Granos andinos,Agroandina del Sur SAC,4,11.5,0.02,45.08,30.84,14.24,Pagado,Tarjeta
P11542,2025-08-10,8,C132,Restaurante Nueva Era 132,Restaurante,Huánuco,Centro,Tienda,Rosa Ccori,GRA-05,Avena con quinua 900 g,Granos andinos,Agroandina del Sur SAC,2,11.5,0.03,22.31,15.42,6.89,Pagado,Transferencia
P11542,2025-08-10,8,C132,Restaurante Nueva Era 132,Restaurante,Huánuco,Centro,Tienda,Rosa Ccori,LIM-04,Desinfectante 1.8 L,Limpieza,Limpieza Total Perú SAC,8,11.9,0.03,92.34,60.0,32.34,Pagado,Tarjeta
P11542,2025-08-10,8,C132,Restaurante Nueva Era 132,Restaurante,Huánuco,Centro,Tienda,Rosa Ccori,BEB-02,Gaseosa 3 L x 4,Bebidas,Bebidas Norte Pacífico SAC,12,32.0,0.02,376.32,261.12,115.2,Pagado,Yape
P11572,2025-08-10,8,C051,Empresa San Martín 051,Empresa,Lima,Lima,Tienda,Ana Quispe,LIM-04,Desinfectante 1.8 L,Limpieza,Limpieza Total Perú SAC,2,11.9,0.02,23.32,15.0,8.32,Pagado,Transferencia
P11572,2025-08-10,8,C051,Empresa San Martín 051,Empresa,Lima,Lima,Tienda,Ana Quispe,GRA-03,Maca en polvo 250 g,Granos andinos,Agroandina del Sur SAC,2,17.0,0.03,32.98,18.7,14.28,Pagado,Tarjeta
P11572,2025-08-10,8,C051,Empresa San Martín 051,Empresa,Lima,Lima,Tienda,Ana Quispe,GRA-04,Chía 500 g,Granos andinos,Agroandina del Sur SAC,11,13.0,0,143.0,91.52,51.48,Pagado,Transferencia
P11427,2025-08-11,8,C069,Restaurante Mi Perú 069,Restaurante,Lima,Lima,Tienda,Luis Paredes,BEB-01,Agua mineral 625 ml x 15,Bebidas,Bebidas Norte Pacífico SAC,11,18.0,0,198.0,122.76,75.24,Pagado,Yape
P11457,2025-08-11,8,C061,Empresa Inti 061,Empresa,Lima,Lima,Tienda,Rodrigo Salas,SNA-01,Papas nativas 120 g x 10,Snacks,Snacks Costa Azul EIRL,3,35.0,0.159,88.3,63.0,25.3,Pagado,Transferencia
P11459,2025-08-11,8,C015,Bodega Pachamama 015,Bodega,Lima,Lima,Tienda,Rodrigo Salas,LIM-04,Desinfectante 1.8 L,Limpieza,Limpieza Total Perú SAC,2,11.9,0.151,20.21,15.0,5.21,Pagado,Efectivo
P11459,2025-08-11,8,C015,Bodega Pachamama 015,Bodega,Lima,Lima,Tienda,Rodrigo Salas,HAR-02,Fideo spaghetti 500 g,Harinas y pastas,Molinos Valle Verde SA,7,3.9,0.142,23.42,19.39,4.03,Pagado,Yape
P11459,2025-08-11,8,C015,Bodega Pachamama 015,Bodega,Lima,Lima,Tienda,Rodrigo Salas,GRA-02,Kiwicha pop 300 g,Granos andinos,Agroandina del Sur SAC,4,8.9,0.137,30.72,21.72,9.0,Pagado,Tarjeta
P11532,2025-08-11,8,C121,Bodega Don Lucho 121,Bodega,Arequipa,Sur,Tienda,Jorge Huamán,HAR-05,Sémola 500 g,Harinas y pastas,Molinos Valle Verde SA,3,4.1,0.02,12.05,8.61,3.44,Pagado,Efectivo
P11532,2025-08-11,8,C121,Bodega Don Lucho 121,Bodega,Arequipa,Sur,Tienda,Jorge Huamán,SNA-04,Maní salado 200 g x 12,Snacks,Snacks Costa Azul EIRL,9,30.0,0,270.0,167.4,102.6,Vencido,Tarjeta
P11396,2025-08-12,8,C011,Mayorista Pachamama 011,Mayorista,Lima,Lima,Mayorista,Ana Quispe,CAF-04,Chocolate para taza 180 g,Café y cacao,Café Selva Central SAC,16,9.9,0.08,145.73,98.24,47.49,Pagado,Transferencia
P11396,2025-08-12,8,C011,Mayorista Pachamama 011,Mayorista,Lima,Lima,Mayorista,Ana Quispe,SNA-02,Chifles 150 g x 10,Snacks,Snacks Costa Azul EIRL,40,28.0,0.08,1030.4,649.6,380.8,Pagado,Transferencia
P11438,2025-08-12,8,C138,Restaurante Las Flores 138,Restaurante,Huánuco,Centro,Online,Rosa Ccori,HAR-03,Fideo tallarín 1 kg,Harinas y pastas,Molinos Valle Verde SA,4,7.2,0,28.8,20.72,8.08,Pagado,Yape
P11438,2025-08-12,8,C138,Restaurante Las Flores 138,Restaurante,Huánuco,Centro,Online,Rosa Ccori,BEB-04,Bebida rehidratante 500 ml x 12,Bebidas,Bebidas Norte Pacífico SAC,8,33.0,0.05,250.8,166.32,84.48,Pagado,Tarjeta
P11438,2025-08-12,8,C138,Restaurante Las Flores 138,Restaurante,Huánuco,Centro,Online,Rosa Ccori,GRA-04,Chía 500 g,Granos andinos,Agroandina del Sur SAC,4,13.0,0.05,49.4,33.28,16.12,Vencido,Plin
P11467,2025-08-12,8,C084,Bodega El Progreso 084,Bodega,Piura,Norte,Tienda,María Torres,HAR-01,Harina sin preparar 1 kg,Harinas y pastas,Molinos Valle Verde SA,4,5.4,0.02,21.17,16.0,5.17,Pagado,Tarjeta
P11467,2025-08-12,8,C084,Bodega El Progreso 084,Bodega,Piura,Norte,Tienda,María Torres,SNA-01,Papas nativas 120 g x 10,Snacks,Snacks Costa Azul EIRL,9,35.0,0,315.0,189.0,126.0,Pagado,Plin
P11467,2025-08-12,8,C084,Bodega El Progreso 084,Bodega,Piura,Norte,Tienda,María Torres,LIM-05,Jabón de tocador x 3,Limpieza,Limpieza Total Perú SAC,6,6.5,0,39.0,26.16,12.84,Vencido,Tarjeta
P11536,2025-08-12,8,C108,Bodega El Sol 108,Bodega,Tacna,Sur,Tienda,Jorge Huamán,SNA-05,Camote frito 120 g x 10,Snacks,Snacks Costa Azul EIRL,9,31.0,0.03,270.63,164.61,106.02,Pagado,Transferencia
P11566,2025-08-12,8,C015,Bodega Pachamama 015,Bodega,Lima,Lima,Tienda,Luis Paredes,BEB-04,Bebida rehidratante 500 ml x 12,Bebidas,Bebidas Norte Pacífico SAC,2,33.0,0.02,64.68,41.58,23.1,Pagado,Efectivo
P11411,2025-08-13,8,C082,Bodega Mi Perú 082,Bodega,Piura,Norte,Tienda,María Torres,SNA-05,Camote frito 120 g x 10,Snacks,Snacks Costa Azul EIRL,4,31.0,0.03,120.28,73.16,47.12,Pagado,Tarjeta
P11435,2025-08-13,8,C056,Minimarket La Esperanza 056,Minimarket,Lima,Lima,Tienda,Ana Quispe,GRA-02,Kiwicha pop 300 g,Granos andinos,Agroandina del Sur SAC,9,8.9,0,80.1,48.87,31.23,Pagado,Transferencia
P11435,2025-08-13,8,C056,Minimarket La Esperanza 056,Minimarket,Lima,Lima,Tienda,Ana Quispe,SNA-04,Maní salado 200 g x 12,Snacks,Snacks Costa Azul EIRL,5,30.0,0.02,147.0,93.0,54.0,Pagado,Yape
P11439,2025-08-13,8,C082,Bodega Mi Perú 082,Bodega,Piura,Norte,Tienda,María Torres,LIM-03,Lavavajilla 900 g,Limpieza,Limpieza Total Perú SAC,11,8.2,0,90.2,57.75,32.45,Vencido,Transferencia
P11458,2025-08-13,8,C084,Bodega El Progreso 084,Bodega,Piura,Norte,Tienda,María Torres,SNA-03,Galletas de avena x 24,Snacks,Snacks Costa Azul EIRL,4,22.0,0.03,85.36,57.2,28.16,Pagado,Transferencia
P11458,2025-08-13,8,C084,Bodega El Progreso 084,Bodega,Piura,Norte,Tienda,María Torres,GRA-02,Kiwicha pop 300 g,Granos andinos,Agroandina del Sur SAC,7,8.9,0,62.3,38.01,24.29,Pagado,Plin
P11484,2025-08-13,8,C022,Empresa La Familia 022,Empresa,Lima,Lima,Tienda,Rodrigo Salas,LIM-04,Desinfectante 1.8 L,Limpieza,Limpieza Total Perú SAC,7,11.9,0.144,71.3,52.5,18.8,Pagado,Tarjeta
P11484,2025-08-13,8,C022,Empresa La Familia 022,Empresa,Lima,Lima,Tienda,Rodrigo Salas,LIM-01,Detergente 2 kg,Limpieza,Limpieza Total Perú SAC,5,19.5,0.138,84.05,67.25,16.8,Pagado,Transferencia
P11484,2025-08-13,8,C022,Empresa La Familia 022,Empresa,Lima,Lima,Tienda,Rodrigo Salas,LIM-01,Detergente 2 kg,Limpieza,Limpieza Total Perú SAC,6,19.5,0.133,101.44,80.7,20.74,Pagado,Yape
P11506,2025-08-13,8,C009,Minimarket La Esperanza 009,Minimarket,Lima,Lima,Online,Luis Paredes,CAF-01,Café tostado molido 500 g,Café y cacao,Café Selva Central SAC,4,24.0,0,96.0,55.68,40.32,Pagado,Transferencia
P11506,2025-08-13,8,C009,Minimarket La Esperanza 009,Minimarket,Lima,Lima,Online,Luis Paredes,HAR-01,Harina sin preparar 1 kg,Harinas y pastas,Molinos Valle Verde SA,10,5.4,0.02,52.92,40.0,12.92,Pagado,Plin
P11523,2025-08-13,8,C094,Bodega Santa Rosa 094,Bodega,Trujillo,Norte,Tienda,María Torres,LIM-02,Lejía 4 L,Limpieza,Limpieza Total Perú SAC,10,9.8,0.02,96.04,64.7,31.34,Pagado,Yape
P11547,2025-08-13,8,C039,Cafetería El Progreso 039,Cafetería,Lima,Lima,Tienda,Luis Paredes,BEB-01,Agua mineral 625 ml x 15,Bebidas,Bebidas Norte Pacífico SAC,3,18.0,0.03,52.38,33.48,18.9,Pagado,Yape
P11561,2025-08-13,8,C117,Empresa Mi Perú 117,Empresa,Arequipa,Sur,Tienda,Jorge Huamán,LIM-02,Lejía 4 L,Limpieza,Limpieza Total Perú SAC,9,9.8,0.05,83.79,58.23,25.56,Pagado,Transferencia
P11561,2025-08-13,8,C117,Empresa Mi Perú 117,Empresa,Arequipa,Sur,Tienda,Jorge Huamán,LIM-02,Lejía 4 L,Limpieza,Limpieza Total Perú SAC,2,9.8,0.03,19.01,12.94,6.07,Pagado,Transferencia
P11561,2025-08-13,8,C117,Empresa Mi Perú 117,Empresa,Arequipa,Sur,Tienda,Jorge Huamán,SNA-05,Camote frito 120 g x 10,Snacks,Snacks Costa Azul EIRL,12,31.0,0.02,364.56,219.48,145.08,Pagado,Transferencia
P11422,2025-08-14,8,C055,Empresa Inti 055,Empresa,Lima,Lima,Tienda,Luis Paredes,CAF-04,Chocolate para taza 180 g,Café y cacao,Café Selva Central SAC,8,9.9,0.03,76.82,49.12,27.7,Pagado,Tarjeta
P11422,2025-08-14,8,C055,Empresa Inti 055,Empresa,Lima,Lima,Tienda,Luis Paredes,SNA-05,Camote frito 120 g x 10,Snacks,Snacks Costa Azul EIRL,4,31.0,0.03,120.28,73.16,47.12,Pagado,Efectivo
P11426,2025-08-14,8,C093,Empresa Pachamama 093,Empresa,Piura,Norte,Online,María Torres,HAR-01,Harina sin preparar 1 kg,Harinas y pastas,Molinos Valle Verde SA,7,5.4,0.05,35.91,28.0,7.91,Pagado,Efectivo
P11426,2025-08-14,8,C093,Empresa Pachamama 093,Empresa,Piura,Norte,Online,María Torres,BEB-05,Té helado 500 ml x 12,Bebidas,Bebidas Norte Pacífico SAC,11,29.0,0.05,303.05,194.59,108.46,Pagado,Transferencia
P11426,2025-08-14,8,C093,Empresa Pachamama 093,Empresa,Piura,Norte,Online,María Torres,LIM-03,Lavavajilla 900 g,Limpieza,Limpieza Total Perú SAC,5,8.2,0.03,39.77,26.25,13.52,Pagado,Transferencia
P11436,2025-08-14,8,C025,Minimarket Don Lucho 025,Minimarket,Lima,Lima,Tienda,Ana Quispe,BEB-01,Agua mineral 625 ml x 15,Bebidas,Bebidas Norte Pacífico SAC,11,18.0,0.05,188.1,122.76,65.34,Pagado,Efectivo
P11462,2025-08-14,8,C081,Restaurante Las Flores 081,Restaurante,Chiclayo,Norte,Tienda,María Torres,HAR-03,Fideo tallarín 1 kg,Harinas y pastas,Molinos Valle Verde SA,10,7.2,0.02,70.56,51.8,18.76,Pagado,Yape
P11462,2025-08-14,8,C081,Restaurante Las Flores 081,Restaurante,Chiclayo,Norte,Tienda,María Torres,GRA-03,Maca en polvo 250 g,Granos andinos,Agroandina del Sur SAC,9,17.0,0.05,145.35,84.15,61.2,Pagado,Yape
P11472,2025-08-14,8,C059,Bodega Santa Rosa 059,Bodega,Lima,Lima,Tienda,Ana Quispe,BEB-04,Bebida rehidratante 500 ml x 12,Bebidas,Bebidas Norte Pacífico SAC,12,33.0,0.05,376.2,249.48,126.72,Pagado,Transferencia
P11472,2025-08-14,8,C059,Bodega Santa Rosa 059,Bodega,Lima,Lima,Tienda,Ana Quispe,BEB-01,Agua mineral 625 ml x 15,Bebidas,Bebidas Norte Pacífico SAC,12,18.0,0,216.0,133.92,82.08,Pagado,Yape
P11550,2025-08-14,8,C039,Cafetería El Progreso 039,Cafetería,Lima,Lima,Tienda,Rodrigo Salas,LIM-03,Lavavajilla 900 g,Limpieza,Limpieza Total Perú SAC,9,8.2,0.15,62.73,47.25,15.48,Pagado,Transferencia
P11550,2025-08-14,8,C039,Cafetería El Progreso 039,Cafetería,Lima,Lima,Tienda,Rodrigo Salas,BEB-04,Bebida rehidratante 500 ml x 12,Bebidas,Bebidas Norte Pacífico SAC,6,33.0,0.172,163.94,124.74,39.2,Pagado,Plin
P11400,2025-08-15,8,C037,Bodega El Trébol 037,Bodega,Lima,Lima,Tienda,Rodrigo Salas,CAF-05,Café instantáneo 200 g,Café y cacao,Café Selva Central SAC,5,21.0,0.131,91.25,66.15,25.1,Pagado,Yape
P11400,2025-08-15,8,C037,Bodega El Trébol 037,Bodega,Lima,Lima,Tienda,Rodrigo Salas,BEB-05,Té helado 500 ml x 12,Bebidas,Bebidas Norte Pacífico SAC,8,29.0,0.115,205.32,141.52,63.8,Pagado,Plin
P11400,2025-08-15,8,C037,Bodega El Trébol 037,Bodega,Lima,Lima,Tienda,Rodrigo Salas,LIM-04,Desinfectante 1.8 L,Limpieza,Limpieza Total Perú SAC,10,11.9,0.101,106.98,75.0,31.98,Pagado,Plin
P11434,2025-08-15,8,C123,Minimarket La Victoria 123,Minimarket,Tacna,Sur,Tienda,Jorge Huamán,GRA-05,Avena con quinua 900 g,Granos andinos,Agroandina del Sur SAC,3,11.5,0,34.5,23.13,11.37,Pagado,Yape
P11434,2025-08-15,8,C123,Minimarket La Victoria 123,Minimarket,Tacna,Sur,Tienda,Jorge Huamán,LIM-05,Jabón de tocador x 3,Limpieza,Limpieza Total Perú SAC,3,6.5,0,19.5,13.08,6.42,Pagado,Transferencia
P11471,2025-08-15,8,C131,Bodega Virgen de Fátima 131,Bodega,Huánuco,Centro,Tienda,Rosa Ccori,GRA-05,Avena con quinua 900 g,Granos andinos,Agroandina del Sur SAC,10,11.5,0.03,111.55,77.1,34.45,Pagado,Transferencia
P11505,2025-08-15,8,C046,Restaurante Don Lucho 046,Restaurante,Lima,Lima,Tienda,Rodrigo Salas,SNA-01,Papas nativas 120 g x 10,Snacks,Snacks Costa Azul EIRL,8,35.0,0.153,237.16,168.0,69.16,Pagado,Transferencia
P11505,2025-08-15,8,C046,Restaurante Don Lucho 046,Restaurante,Lima,Lima,Tienda,Rodrigo Salas,SNA-01,Papas nativas 120 g x 10,Snacks,Snacks Costa Azul EIRL,11,35.0,0.104,344.96,231.0,113.96,Pagado,Tarjeta
P11522,2025-08-15,8,C100,Restaurante El Ahorro 100,Restaurante,Cusco,Sur,Tienda,Jorge Huamán,BEB-01,Agua mineral 625 ml x 15,Bebidas,Bebidas Norte Pacífico SAC,10,18.0,0,180.0,111.6,68.4,Pagado,Yape
P11537,2025-08-15,8,C070,Minimarket El Ahorro 070,Minimarket,Lima,Lima,Tienda,Ana Quispe,SNA-02,Chifles 150 g x 10,Snacks,Snacks Costa Azul EIRL,8,28.0,0,224.0,129.92,94.08,Pagado,Plin
P11537,2025-08-15,8,C070,Minimarket El Ahorro 070,Minimarket,Lima,Lima,Tienda,Ana Quispe,BEB-01,Agua mineral 625 ml x 15,Bebidas,Bebidas Norte Pacífico SAC,12,18.0,0,216.0,133.92,82.08,Pagado,Tarjeta
P11553,2025-08-15,8,C115,Empresa El Puerto 115,Empresa,Arequipa,Sur,WhatsApp,Jorge Huamán,BEB-05,Té helado 500 ml x 12,Bebidas,Bebidas Norte Pacífico SAC,11,29.0,0.02,312.62,194.59,118.03,Pagado,Yape
P11553,2025-08-15,8,C115,Empresa El Puerto 115,Empresa,Arequipa,Sur,WhatsApp,Jorge Huamán,SNA-04,Maní salado 200 g x 12,Snacks,Snacks Costa Azul EIRL,10,30.0,0,300.0,186.0,114.0,Pagado,Yape
P11571,2025-08-15,8,C064,Restaurante La Victoria 064,Restaurante,Lima,Lima,Tienda,Ana Quispe,LIM-03,Lavavajilla 900 g,Limpieza,Limpieza Total Perú SAC,6,8.2,0,49.2,31.5,17.7,Pagado,Yape
P11571,2025-08-15,8,C064,Restaurante La Victoria 064,Restaurante,Lima,Lima,Tienda,Ana Quispe,LIM-04,Desinfectante 1.8 L,Limpieza,Limpieza Total Perú SAC,2,11.9,0,23.8,15.0,8.8,Pagado,Efectivo
P11391,2025-08-16,8,C117,Empresa Mi Perú 117,Empresa,Arequipa,Sur,Tienda,Jorge Huamán,HAR-01,Harina sin preparar 1 kg,Harinas y pastas,Molinos Valle Verde SA,6,5.4,0.03,31.43,24.0,7.43,Pagado,Transferencia
P11420,2025-08-16,8,C140,Minimarket San Pedro 140,Minimarket,Huancayo,Centro,Tienda,Rosa Ccori,LIM-03,Lavavajilla 900 g,Limpieza,Limpieza Total Perú SAC,8,8.2,0.02,64.29,42.0,22.29,Pagado,Efectivo
P11420,2025-08-16,8,C140,Minimarket San Pedro 140,Minimarket,Huancayo,Centro,Tienda,Rosa Ccori,HAR-05,Sémola 500 g,Harinas y pastas,Molinos Valle Verde SA,2,4.1,0.03,7.95,5.74,2.21,Pagado,Yape
P11456,2025-08-16,8,C025,Minimarket Don Lucho 025,Minimarket,Lima,Lima,Tienda,Rodrigo Salas,GRA-03,Maca en polvo 250 g,Granos andinos,Agroandina del Sur SAC,5,17.0,0.131,73.86,46.75,27.11,Pagado,Transferencia
P11456,2025-08-16,8,C025,Minimarket Don Lucho 025,Minimarket,Lima,Lima,Tienda,Rodrigo Salas,GRA-05,Avena con quinua 900 g,Granos andinos,Agroandina del Sur SAC,4,11.5,0.158,38.73,30.84,7.89,Pagado,Tarjeta
P11479,2025-08-16,8,C062,Restaurante Los Andes 062,Restaurante,Lima,Lima,Online,Luis Paredes,BEB-03,Néctar de durazno 1 L x 6,Bebidas,Bebidas Norte Pacífico SAC,4,27.0,0.02,105.84,69.12,36.72,Pagado,Yape
P11479,2025-08-16,8,C062,Restaurante Los Andes 062,Restaurante,Lima,Lima,Online,Luis Paredes,LIM-01,Detergente 2 kg,Limpieza,Limpieza Total Perú SAC,6,19.5,0,117.0,80.7,36.3,Pagado,Plin
P11479,2025-08-16,8,C062,Restaurante Los Andes 062,Restaurante,Lima,Lima,Online,Luis Paredes,HAR-04,Harina preparada 1 kg,Harinas y pastas,Molinos Valle Verde SA,7,6.3,0,44.1,32.2,11.9,Pagado,Tarjeta
P11493,2025-08-16,8,C135,Cafetería La Esperanza 135,Cafetería,Huancayo,Centro,Tienda,Rosa Ccori,GRA-04,Chía 500 g,Granos andinos,Agroandina del Sur SAC,8,13.0,0.05,98.8,66.56,32.24,Pagado,Tarjeta
P11548,2025-08-16,8,C026,Bodega Mi Perú 026,Bodega,Lima,Lima,Tienda,Ana Quispe,BEB-01,Agua mineral 625 ml x 15,Bebidas,Bebidas Norte Pacífico SAC,7,18.0,0.02,123.48,78.12,45.36,Pagado,Yape
P11548,2025-08-16,8,C026,Bodega Mi Perú 026,Bodega,Lima,Lima,Tienda,Ana Quispe,HAR-01,Harina sin preparar 1 kg,Harinas y pastas,Molinos Valle Verde SA,9,5.4,0.02,47.63,36.0,11.63,Pagado,Transferencia
P11557,2025-08-16,8,C118,Bodega El Sol 118,Bodega,Cusco,Sur,WhatsApp,Jorge Huamán,CAF-04,Chocolate para taza 180 g,Café y cacao,Café Selva Central SAC,9,9.9,0,89.1,55.26,33.84,Pagado,Tarjeta
P11557,2025-08-16,8,C118,Bodega El Sol 118,Bodega,Cusco,Sur,WhatsApp,Jorge Huamán,GRA-05,Avena con quinua 900 g,Granos andinos,Agroandina del Sur SAC,4,11.5,0.02,45.08,30.84,14.24,Pagado,Yape
P11393,2025-08-17,8,C105,Restaurante El Ahorro 105,Restaurante,Arequipa,Sur,Tienda,Jorge Huamán,BEB-03,Néctar de durazno 1 L x 6,Bebidas,Bebidas Norte Pacífico SAC,8,27.0,0.05,205.2,138.24,66.96,Pagado,Yape
P11393,2025-08-17,8,C105,Restaurante El Ahorro 105,Restaurante,Arequipa,Sur,Tienda,Jorge Huamán,HAR-04,Harina preparada 1 kg,Harinas y pastas,Molinos Valle Verde SA,3,6.3,0.05,17.95,13.8,4.15,Pagado,Transferencia
P11451,2025-08-17,8,C070,Minimarket El Ahorro 070,Minimarket,Lima,Lima,Tienda,Rodrigo Salas,LIM-02,Lejía 4 L,Limpieza,Limpieza Total Perú SAC,10,9.8,0.171,81.24,64.7,16.54,Pagado,Efectivo
P11510,2025-08-17,8,C132,Restaurante Nueva Era 132,Restaurante,Huánuco,Centro,Tienda,Rosa Ccori,BEB-03,Néctar de durazno 1 L x 6,Bebidas,Bebidas Norte Pacífico SAC,12,27.0,0.05,307.8,207.36,100.44,Pagado,Transferencia
P11510,2025-08-17,8,C132,Restaurante Nueva Era 132,Restaurante,Huánuco,Centro,Tienda,Rosa Ccori,SNA-04,Maní salado 200 g x 12,Snacks,Snacks Costa Azul EIRL,10,30.0,0,300.0,186.0,114.0,Vencido,Plin
P11510,2025-08-17,8,C132,Restaurante Nueva Era 132,Restaurante,Huánuco,Centro,Tienda,Rosa Ccori,LIM-01,Detergente 2 kg,Limpieza,Limpieza Total Perú SAC,4,19.5,0.02,76.44,53.8,22.64,Pagado,Transferencia
P11513,2025-08-17,8,C009,Minimarket La Esperanza 009,Minimarket,Lima,Lima,Tienda,Rodrigo Salas,BEB-05,Té helado 500 ml x 12,Bebidas,Bebidas Norte Pacífico SAC,7,29.0,0.163,169.91,123.83,46.08,Pagado,Tarjeta
P11513,2025-08-17,8,C009,Minimarket La Esperanza 009,Minimarket,Lima,Lima,Tienda,Rodrigo Salas,LIM-04,Desinfectante 1.8 L,Limpieza,Limpieza Total Perú SAC,6,11.9,0.156,60.26,45.0,15.26,Pagado,Efectivo
P11514,2025-08-17,8,C024,Bodega Los Andes 024,Bodega,Lima,Lima,Tienda,Ana Quispe,GRA-05,Avena con quinua 900 g,Granos andinos,Agroandina del Sur SAC,3,11.5,0.02,33.81,23.13,10.68,Pagado,Transferencia
P11514,2025-08-17,8,C024,Bodega Los Andes 024,Bodega,Lima,Lima,Tienda,Ana Quispe,SNA-03,Galletas de avena x 24,Snacks,Snacks Costa Azul EIRL,6,22.0,0.02,129.36,85.8,43.56,Pagado,Yape
P11514,2025-08-17,8,C024,Bodega Los Andes 024,Bodega,Lima,Lima,Tienda,Ana Quispe,LIM-03,Lavavajilla 900 g,Limpieza,Limpieza Total Perú SAC,7,8.2,0.03,55.68,36.75,18.93,Pagado,Yape
P11538,2025-08-17,8,C068,Minimarket San Pedro 068,Minimarket,Lima,Lima,Tienda,Luis Paredes,GRA-02,Kiwicha pop 300 g,Granos andinos,Agroandina del Sur SAC,9,8.9,0.03,77.7,48.87,28.83,Pagado,Tarjeta
P11538,2025-08-17,8,C068,Minimarket San Pedro 068,Minimarket,Lima,Lima,Tienda,Luis Paredes,LIM-04,Desinfectante 1.8 L,Limpieza,Limpieza Total Perú SAC,3,11.9,0,35.7,22.5,13.2,Pagado,Transferencia
P11546,2025-08-17,8,C134,Bodega El Puerto 134,Bodega,Huancayo,Centro,WhatsApp,Rosa Ccori,HAR-02,Fideo spaghetti 500 g,Harinas y pastas,Molinos Valle Verde SA,2,3.9,0,7.8,5.54,2.26,Pagado,Plin
P11417,2025-08-18,8,C099,Restaurante Los Andes 099,Restaurante,Cusco,Sur,Online,Jorge Huamán,BEB-04,Bebida rehidratante 500 ml x 12,Bebidas,Bebidas Norte Pacífico SAC,4,33.0,0,132.0,83.16,48.84,Pagado,Plin
P11417,2025-08-18,8,C099,Restaurante Los Andes 099,Restaurante,Cusco,Sur,Online,Jorge Huamán,LIM-02,Lejía 4 L,Limpieza,Limpieza Total Perú SAC,9,9.8,0.02,86.44,58.23,28.21,Pagado,Efectivo
P11443,2025-08-18,8,C100,Restaurante El Ahorro 100,Restaurante,Cusco,Sur,Tienda,Jorge Huamán,HAR-01,Harina sin preparar 1 kg,Harinas y pastas,Molinos Valle Verde SA,6,5.4,0.05,30.78,24.0,6.78,Pagado,Transferencia
P11517,2025-08-18,8,C092,Cafetería El Progreso 092,Cafetería,Chiclayo,Norte,WhatsApp,María Torres,GRA-01,Quinua blanca 1 kg,Granos andinos,Agroandina del Sur SAC,3,14.5,0.02,42.63,28.71,13.92,Pagado,Efectivo
P11517,2025-08-18,8,C092,Cafetería El Progreso 092,Cafetería,Chiclayo,Norte,WhatsApp,María Torres,HAR-03,Fideo tallarín 1 kg,Harinas y pastas,Molinos Valle Verde SA,11,7.2,0,79.2,56.98,22.22,Pagado,Transferencia
P11519,2025-08-18,8,C017,Minimarket El Progreso 017,Minimarket,Lima,Lima,Tienda,Luis Paredes,SNA-02,Chifles 150 g x 10,Snacks,Snacks Costa Azul EIRL,5,28.0,0.05,133.0,81.2,51.8,Pagado,Transferencia
P11519,2025-08-18,8,C017,Minimarket El Progreso 017,Minimarket,Lima,Lima,Tienda,Luis Paredes,LIM-02,Lejía 4 L,Limpieza,Limpieza Total Perú SAC,2,9.8,0.02,19.21,12.94,6.27,Pagado,Transferencia
P11519,2025-08-18,8,C017,Minimarket El Progreso 017,Minimarket,Lima,Lima,Tienda,Luis Paredes,CAF-05,Café instantáneo 200 g,Café y cacao,Café Selva Central SAC,9,21.0,0.05,179.55,119.07,60.48,Pagado,Yape
P11569,2025-08-18,8,C060,Bodega El Sol 060,Bodega,Lima,Lima,Tienda,Ana Quispe,SNA-03,Galletas de avena x 24,Snacks,Snacks Costa Azul EIRL,6,22.0,0.03,128.04,85.8,42.24,Pagado,Yape
P11405,2025-08-19,8,C115,Empresa El Puerto 115,Empresa,Arequipa,Sur,Tienda,Jorge Huamán,HAR-03,Fideo tallarín 1 kg,Harinas y pastas,Molinos Valle Verde SA,4,7.2,0,28.8,20.72,8.08,Pagado,Transferencia
P11405,2025-08-19,8,C115,Empresa El Puerto 115,Empresa,Arequipa,Sur,Tienda,Jorge Huamán,LIM-04,Desinfectante 1.8 L,Limpieza,Limpieza Total Perú SAC,2,11.9,0.03,23.09,15.0,8.09,Pagado,Efectivo
P11441,2025-08-19,8,C100,Restaurante El Ahorro 100,Restaurante,Cusco,Sur,Tienda,Jorge Huamán,HAR-05,Sémola 500 g,Harinas y pastas,Molinos Valle Verde SA,10,4.1,0.02,40.18,28.7,11.48,Pagado,Transferencia
P11441,2025-08-19,8,C100,Restaurante El Ahorro 100,Restaurante,Cusco,Sur,Tienda,Jorge Huamán,HAR-05,Sémola 500 g,Harinas y pastas,Molinos Valle Verde SA,7,4.1,0,28.7,20.09,8.61,Pagado,Tarjeta
P11441,2025-08-19,8,C100,Restaurante El Ahorro 100,Restaurante,Cusco,Sur,Tienda,Jorge Huamán,BEB-01,Agua mineral 625 ml x 15,Bebidas,Bebidas Norte Pacífico SAC,7,18.0,0.02,123.48,78.12,45.36,Pagado,Plin
P11477,2025-08-19,8,C011,Mayorista Pachamama 011,Mayorista,Lima,Lima,Mayorista,Luis Paredes,LIM-04,Desinfectante 1.8 L,Limpieza,Limpieza Total Perú SAC,20,11.9,0.08,218.96,150.0,68.96,Pagado,Transferencia
P11477,2025-08-19,8,C011,Mayorista Pachamama 011,Mayorista,Lima,Lima,Mayorista,Luis Paredes,BEB-05,Té helado 500 ml x 12,Bebidas,Bebidas Norte Pacífico SAC,40,29.0,0.08,1067.2,707.6,359.6,Pagado,Transferencia
P11483,2025-08-19,8,C080,Restaurante El Ahorro 080,Restaurante,Trujillo,Norte,Tienda,María Torres,CAF-05,Café instantáneo 200 g,Café y cacao,Café Selva Central SAC,11,21.0,0,231.0,145.53,85.47,Pagado,Tarjeta
P11483,2025-08-19,8,C080,Restaurante El Ahorro 080,Restaurante,Trujillo,Norte,Tienda,María Torres,CAF-02,Café en grano 1 kg,Café y cacao,Café Selva Central SAC,5,46.0,0,230.0,131.1,98.9,Pagado,Plin
P11494,2025-08-19,8,C043,Restaurante Mi Perú 043,Restaurante,Lima,Lima,Tienda,Rodrigo Salas,SNA-03,Galletas de avena x 24,Snacks,Snacks Costa Azul EIRL,10,22.0,0.106,196.68,143.0,53.68,Pagado,Yape
P11503,2025-08-19,8,C029,Minimarket Las Flores 029,Minimarket,Lima,Lima,Tienda,Luis Paredes,SNA-01,Papas nativas 120 g x 10,Snacks,Snacks Costa Azul EIRL,5,35.0,0.03,169.75,105.0,64.75,Pagado,Yape
P11554,2025-08-19,8,C094,Bodega Santa Rosa 094,Bodega,Trujillo,Norte,Tienda,María Torres,BEB-05,Té helado 500 ml x 12,Bebidas,Bebidas Norte Pacífico SAC,6,29.0,0,174.0,106.14,67.86,Pagado,Yape
P11554,2025-08-19,8,C094,Bodega Santa Rosa 094,Bodega,Trujillo,Norte,Tienda,María Torres,CAF-05,Café instantáneo 200 g,Café y cacao,Café Selva Central SAC,5,21.0,0.05,99.75,66.15,33.6,Pagado,Tarjeta
P11381,2025-08-20,8,C001,Minimarket El Progreso 001,Minimarket,Lima,Lima,Tienda,Luis Paredes,HAR-05,Sémola 500 g,Harinas y pastas,Molinos Valle Verde SA,6,4.1,0,24.6,17.22,7.38,Pagado,Yape
P11460,2025-08-20,8,C017,Minimarket El Progreso 017,Minimarket,Lima,Lima,WhatsApp,Rodrigo Salas,SNA-01,Papas nativas 120 g x 10,Snacks,Snacks Costa Azul EIRL,11,35.0,0.147,328.4,231.0,97.4,Pagado,Transferencia
P11501,2025-08-20,8,C036,Restaurante El Ahorro 036,Restaurante,Lima,Lima,Tienda,Rodrigo Salas,HAR-03,Fideo tallarín 1 kg,Harinas y pastas,Molinos Valle Verde SA,12,7.2,0.15,73.44,62.16,11.28,Pagado,Transferencia
P11501,2025-08-20,8,C036,Restaurante El Ahorro 036,Restaurante,Lima,Lima,Tienda,Rodrigo Salas,BEB-04,Bebida rehidratante 500 ml x 12,Bebidas,Bebidas Norte Pacífico SAC,8,33.0,0.109,235.22,166.32,68.9,Pagado,Transferencia
P11512,2025-08-20,8,C081,Restaurante Las Flores 081,Restaurante,Chiclayo,Norte,Tienda,María Torres,GRA-02,Kiwicha pop 300 g,Granos andinos,Agroandina del Sur SAC,5,8.9,0,44.5,27.15,17.35,Pagado,Tarjeta
P11512,2025-08-20,8,C081,Restaurante Las Flores 081,Restaurante,Chiclayo,Norte,Tienda,María Torres,HAR-04,Harina preparada 1 kg,Harinas y pastas,Molinos Valle Verde SA,10,6.3,0.02,61.74,46.0,15.74,Pagado,Efectivo
P11512,2025-08-20,8,C081,Restaurante Las Flores 081,Restaurante,Chiclayo,Norte,Tienda,María Torres,LIM-03,Lavavajilla 900 g,Limpieza,Limpieza Total Perú SAC,12,8.2,0.05,93.48,63.0,30.48,Pagado,Yape
P11515,2025-08-20,8,C062,Restaurante Los Andes 062,Restaurante,Lima,Lima,Tienda,Ana Quispe,CAF-02,Café en grano 1 kg,Café y cacao,Café Selva Central SAC,8,46.0,0.05,349.6,209.76,139.84,Pagado,Tarjeta
P11515,2025-08-20,8,C062,Restaurante Los Andes 062,Restaurante,Lima,Lima,Tienda,Ana Quispe,SNA-05,Camote frito 120 g x 10,Snacks,Snacks Costa Azul EIRL,10,31.0,0.02,303.8,182.9,120.9,Pagado,Tarjeta
P11515,2025-08-20,8,C062,Restaurante Los Andes 062,Restaurante,Lima,Lima,Tienda,Ana Quispe,GRA-04,Chía 500 g,Granos andinos,Agroandina del Sur SAC,3,13.0,0.05,37.05,24.96,12.09,Pagado,Plin
P11552,2025-08-20,8,C140,Minimarket San Pedro 140,Minimarket,Huancayo,Centro,Tienda,Rosa Ccori,BEB-03,Néctar de durazno 1 L x 6,Bebidas,Bebidas Norte Pacífico SAC,2,27.0,0.03,52.38,34.56,17.82,Pagado,Transferencia
P11398,2025-08-21,8,C027,Mayorista El Ahorro 027,Mayorista,Lima,Lima,Mayorista,Ana Quispe,GRA-02,Kiwicha pop 300 g,Granos andinos,Agroandina del Sur SAC,12,8.9,0.08,98.26,65.16,33.1,Pagado,Transferencia
P11418,2025-08-21,8,C021,Empresa Nueva Era 021,Empresa,Lima,Lima,Tienda,Ana Quispe,BEB-04,Bebida rehidratante 500 ml x 12,Bebidas,Bebidas Norte Pacífico SAC,8,33.0,0.02,258.72,166.32,92.4,Pagado,Tarjeta
P11418,2025-08-21,8,C021,Empresa Nueva Era 021,Empresa,Lima,Lima,Tienda,Ana Quispe,GRA-03,Maca en polvo 250 g,Granos andinos,Agroandina del Sur SAC,11,17.0,0.02,183.26,102.85,80.41,Pagado,Transferencia
P11442,2025-08-21,8,C049,Restaurante San Pedro 049,Restaurante,Lima,Lima,Online,Rodrigo Salas,SNA-02,Chifles 150 g x 10,Snacks,Snacks Costa Azul EIRL,2,28.0,0.15,47.6,32.48,15.12,Pagado,Plin
P11470,2025-08-21,8,C017,Minimarket El Progreso 017,Minimarket,Lima,Lima,Tienda,Luis Paredes,CAF-05,Café instantáneo 200 g,Café y cacao,Café Selva Central SAC,3,21.0,0.05,59.85,39.69,20.16,Pagado,Transferencia
P11470,2025-08-21,8,C017,Minimarket El Progreso 017,Minimarket,Lima,Lima,Tienda,Luis Paredes,BEB-03,Néctar de durazno 1 L x 6,Bebidas,Bebidas Norte Pacífico SAC,5,27.0,0.02,132.3,86.4,45.9,Pagado,Yape
P11487,2025-08-21,8,C027,Mayorista El Ahorro 027,Mayorista,Lima,Lima,Mayorista,Ana Quispe,LIM-02,Lejía 4 L,Limpieza,Limpieza Total Perú SAC,8,9.8,0.08,72.13,51.76,20.37,Vencido,Transferencia
P11487,2025-08-21,8,C027,Mayorista El Ahorro 027,Mayorista,Lima,Lima,Mayorista,Ana Quispe,HAR-03,Fideo tallarín 1 kg,Harinas y pastas,Molinos Valle Verde SA,8,7.2,0.08,52.99,41.44,11.55,Vencido,Transferencia
P11528,2025-08-21,8,C084,Bodega El Progreso 084,Bodega,Piura,Norte,Tienda,María Torres,GRA-03,Maca en polvo 250 g,Granos andinos,Agroandina del Sur SAC,7,17.0,0,119.0,65.45,53.55,Vencido,Yape
P11531,2025-08-21,8,C031,Bodega El Ahorro 031,Bodega,Lima,Lima,Tienda,Ana Quispe,BEB-05,Té helado 500 ml x 12,Bebidas,Bebidas Norte Pacífico SAC,7,29.0,0,203.0,123.83,79.17,Pagado,Yape
P11531,2025-08-21,8,C031,Bodega El Ahorro 031,Bodega,Lima,Lima,Tienda,Ana Quispe,BEB-05,Té helado 500 ml x 12,Bebidas,Bebidas Norte Pacífico SAC,8,29.0,0.03,225.04,141.52,83.52,Pagado,Transferencia
P11415,2025-08-22,8,C023,Bodega El Sol 023,Bodega,Lima,Lima,Tienda,Rodrigo Salas,BEB-02,Gaseosa 3 L x 4,Bebidas,Bebidas Norte Pacífico SAC,12,32.0,0.113,340.61,261.12,79.49,Pagado,Transferencia
P11415,2025-08-22,8,C023,Bodega El Sol 023,Bodega,Lima,Lima,Tienda,Rodrigo Salas,LIM-05,Jabón de tocador x 3,Limpieza,Limpieza Total Perú SAC,4,6.5,0.163,21.76,17.44,4.32,Pagado,Transferencia
P11415,2025-08-22,8,C023,Bodega El Sol 023,Bodega,Lima,Lima,Tienda,Rodrigo Salas,HAR-01,Harina sin preparar 1 kg,Harinas y pastas,Molinos Valle Verde SA,2,5.4,0.152,9.16,8.0,1.16,Pagado,Transferencia
P11489,2025-08-22,8,C014,Minimarket San Pedro 014,Minimarket,Lima,Lima,Tienda,Rodrigo Salas,BEB-01,Agua mineral 625 ml x 15,Bebidas,Bebidas Norte Pacífico SAC,8,18.0,0.178,118.37,89.28,29.09,Pagado,Efectivo
P11489,2025-08-22,8,C014,Minimarket San Pedro 014,Minimarket,Lima,Lima,Tienda,Rodrigo Salas,BEB-01,Agua mineral 625 ml x 15,Bebidas,Bebidas Norte Pacífico SAC,5,18.0,0.153,76.23,55.8,20.43,Pagado,Yape
P11491,2025-08-22,8,C124,Minimarket Primavera 124,Minimarket,Cusco,Sur,Tienda,Jorge Huamán,SNA-02,Chifles 150 g x 10,Snacks,Snacks Costa Azul EIRL,12,28.0,0.05,319.2,194.88,124.32,Pagado,Efectivo
P11491,2025-08-22,8,C124,Minimarket Primavera 124,Minimarket,Cusco,Sur,Tienda,Jorge Huamán,SNA-02,Chifles 150 g x 10,Snacks,Snacks Costa Azul EIRL,7,28.0,0.03,190.12,113.68,76.44,Pagado,Transferencia
P11540,2025-08-22,8,C051,Empresa San Martín 051,Empresa,Lima,Lima,Tienda,Luis Paredes,HAR-02,Fideo spaghetti 500 g,Harinas y pastas,Molinos Valle Verde SA,2,3.9,0.05,7.41,5.54,1.87,Pagado,Transferencia
P11540,2025-08-22,8,C051,Empresa San Martín 051,Empresa,Lima,Lima,Tienda,Luis Paredes,BEB-01,Agua mineral 625 ml x 15,Bebidas,Bebidas Norte Pacífico SAC,5,18.0,0,90.0,55.8,34.2,Pagado,Transferencia
P11541,2025-08-22,8,C133,Empresa Las Flores 133,Empresa,Huánuco,Centro,WhatsApp,Rosa Ccori,SNA-03,Galletas de avena x 24,Snacks,Snacks Costa Azul EIRL,12,22.0,0,264.0,171.6,92.4,Pagado,Transferencia
P11541,2025-08-22,8,C133,Empresa Las Flores 133,Empresa,Huánuco,Centro,WhatsApp,Rosa Ccori,SNA-04,Maní salado 200 g x 12,Snacks,Snacks Costa Azul EIRL,10,30.0,0.02,294.0,186.0,108.0,Pagado,Tarjeta
P11563,2025-08-22,8,C130,Restaurante San Pedro 130,Restaurante,Huancayo,Centro,Online,Rosa Ccori,LIM-01,Detergente 2 kg,Limpieza,Limpieza Total Perú SAC,3,19.5,0.03,56.74,40.35,16.39,Pagado,Yape
P11563,2025-08-22,8,C130,Restaurante San Pedro 130,Restaurante,Huancayo,Centro,Online,Rosa Ccori,LIM-01,Detergente 2 kg,Limpieza,Limpieza Total Perú SAC,6,19.5,0,117.0,80.7,36.3,Pagado,Plin
P11563,2025-08-22,8,C130,Restaurante San Pedro 130,Restaurante,Huancayo,Centro,Online,Rosa Ccori,GRA-02,Kiwicha pop 300 g,Granos andinos,Agroandina del Sur SAC,2,8.9,0,17.8,10.86,6.94,Pagado,Efectivo
P11385,2025-08-23,8,C020,Bodega Santa Rosa 020,Bodega,Lima,Lima,Tienda,Ana Quispe,CAF-02,Café en grano 1 kg,Café y cacao,Café Selva Central SAC,6,46.0,0,276.0,157.32,118.68,Pagado,Efectivo
P11404,2025-08-23,8,C087,Restaurante El Ahorro 087,Restaurante,Trujillo,Norte,Tienda,María Torres,SNA-01,Papas nativas 120 g x 10,Snacks,Snacks Costa Azul EIRL,8,35.0,0,280.0,168.0,112.0,Pagado,Tarjeta
P11404,2025-08-23,8,C087,Restaurante El Ahorro 087,Restaurante,Trujillo,Norte,Tienda,María Torres,SNA-01,Papas nativas 120 g x 10,Snacks,Snacks Costa Azul EIRL,10,35.0,0.03,339.5,210.0,129.5,Vencido,Yape
P11404,2025-08-23,8,C087,Restaurante El Ahorro 087,Restaurante,Trujillo,Norte,Tienda,María Torres,HAR-01,Harina sin preparar 1 kg,Harinas y pastas,Molinos Valle Verde SA,8,5.4,0.05,41.04,32.0,9.04,Vencido,Plin
P11423,2025-08-23,8,C080,Restaurante El Ahorro 080,Restaurante,Trujillo,Norte,Online,María Torres,HAR-01,Harina sin preparar 1 kg,Harinas y pastas,Molinos Valle Verde SA,9,5.4,0.05,46.17,36.0,10.17,Pagado,Transferencia
P11423,2025-08-23,8,C080,Restaurante El Ahorro 080,Restaurante,Trujillo,Norte,Online,María Torres,GRA-03,Maca en polvo 250 g,Granos andinos,Agroandina del Sur SAC,11,17.0,0,187.0,102.85,84.15,Pagado,Transferencia
P11454,2025-08-23,8,C034,Minimarket San Martín 034,Minimarket,Lima,Lima,Tienda,Luis Paredes,SNA-05,Camote frito 120 g x 10,Snacks,Snacks Costa Azul EIRL,6,31.0,0.03,180.42,109.74,70.68,Pagado,Transferencia
P11454,2025-08-23,8,C034,Minimarket San Martín 034,Minimarket,Lima,Lima,Tienda,Luis Paredes,LIM-03,Lavavajilla 900 g,Limpieza,Limpieza Total Perú SAC,8,8.2,0,65.6,42.0,23.6,Pagado,Transferencia
P11455,2025-08-23,8,C123,Minimarket La Victoria 123,Minimarket,Tacna,Sur,Tienda,Jorge Huamán,SNA-05,Camote frito 120 g x 10,Snacks,Snacks Costa Azul EIRL,11,31.0,0,341.0,201.19,139.81,Pagado,Transferencia
P11455,2025-08-23,8,C123,Minimarket La Victoria 123,Minimarket,Tacna,Sur,Tienda,Jorge Huamán,HAR-02,Fideo spaghetti 500 g,Harinas y pastas,Molinos Valle Verde SA,2,3.9,0,7.8,5.54,2.26,Pagado,Yape
P11478,2025-08-23,8,C063,Restaurante Don Lucho 063,Restaurante,Lima,Lima,Tienda,Luis Paredes,HAR-01,Harina sin preparar 1 kg,Harinas y pastas,Molinos Valle Verde SA,10,5.4,0.05,51.3,40.0,11.3,Pagado,Transferencia
P11516,2025-08-23,8,C023,Bodega El Sol 023,Bodega,Lima,Lima,Online,Rodrigo Salas,BEB-04,Bebida rehidratante 500 ml x 12,Bebidas,Bebidas Norte Pacífico SAC,8,33.0,0.14,227.04,166.32,60.72,Pagado,Yape
P11516,2025-08-23,8,C023,Bodega El Sol 023,Bodega,Lima,Lima,Online,Rodrigo Salas,HAR-05,Sémola 500 g,Harinas y pastas,Molinos Valle Verde SA,3,4.1,0.165,10.27,8.61,1.66,Pagado,Transferencia
P11383,2025-08-24,8,C002,Bodega Pachamama 002,Bodega,Lima,Lima,Tienda,Luis Paredes,CAF-04,Chocolate para taza 180 g,Café y cacao,Café Selva Central SAC,8,9.9,0.03,76.82,49.12,27.7,Pagado,Transferencia
P11383,2025-08-24,8,C002,Bodega Pachamama 002,Bodega,Lima,Lima,Tienda,Luis Paredes,LIM-01,Detergente 2 kg,Limpieza,Limpieza Total Perú SAC,11,19.5,0.05,203.77,147.95,55.82,Pagado,Efectivo
P11406,2025-08-24,8,C066,Empresa La Esperanza 066,Empresa,Lima,Lima,Tienda,Ana Quispe,GRA-04,Chía 500 g,Granos andinos,Agroandina del Sur SAC,10,13.0,0,130.0,83.2,46.8,Pagado,Transferencia
P11486,2025-08-24,8,C089,Minimarket Nueva Era 089,Minimarket,Chiclayo,Norte,WhatsApp,María Torres,CAF-04,Chocolate para taza 180 g,Café y cacao,Café Selva Central SAC,9,9.9,0.02,87.32,55.26,32.06,Pagado,Tarjeta
P11486,2025-08-24,8,C089,Minimarket Nueva Era 089,Minimarket,Chiclayo,Norte,WhatsApp,María Torres,GRA-04,Chía 500 g,Granos andinos,Agroandina del Sur SAC,9,13.0,0,117.0,74.88,42.12,Vencido,Yape
P11509,2025-08-24,8,C118,Bodega El Sol 118,Bodega,Cusco,Sur,Tienda,Jorge Huamán,LIM-02,Lejía 4 L,Limpieza,Limpieza Total Perú SAC,10,9.8,0.03,95.06,64.7,30.36,Pagado,Yape
P11509,2025-08-24,8,C118,Bodega El Sol 118,Bodega,Cusco,Sur,Tienda,Jorge Huamán,BEB-04,Bebida rehidratante 500 ml x 12,Bebidas,Bebidas Norte Pacífico SAC,11,33.0,0.05,344.85,228.69,116.16,Pagado,Tarjeta
P11525,2025-08-24,8,C126,Restaurante La Familia 126,Restaurante,Arequipa,Sur,WhatsApp,Jorge Huamán,SNA-01,Papas nativas 120 g x 10,Snacks,Snacks Costa Azul EIRL,9,35.0,0.02,308.7,189.0,119.7,Vencido,Yape
P11544,2025-08-24,8,C102,Mayorista El Progreso 102,Mayorista,Tacna,Sur,Mayorista,Jorge Huamán,GRA-05,Avena con quinua 900 g,Granos andinos,Agroandina del Sur SAC,8,11.5,0.08,84.64,61.68,22.96,Vencido,Transferencia
P11544,2025-08-24,8,C102,Mayorista El Progreso 102,Mayorista,Tacna,Sur,Mayorista,Jorge Huamán,BEB-01,Agua mineral 625 ml x 15,Bebidas,Bebidas Norte Pacífico SAC,44,18.0,0.08,728.64,491.04,237.6,Vencido,Transferencia
P11570,2025-08-24,8,C060,Bodega El Sol 060,Bodega,Lima,Lima,Tienda,Rodrigo Salas,HAR-05,Sémola 500 g,Harinas y pastas,Molinos Valle Verde SA,6,4.1,0.147,20.98,17.22,3.76,Pagado,Plin
P11425,2025-08-25,8,C116,Bodega Las Flores 116,Bodega,Tacna,Sur,Tienda,Jorge Huamán,LIM-04,Desinfectante 1.8 L,Limpieza,Limpieza Total Perú SAC,11,11.9,0.05,124.36,82.5,41.86,Pagado,Efectivo
P11425,2025-08-25,8,C116,Bodega Las Flores 116,Bodega,Tacna,Sur,Tienda,Jorge Huamán,BEB-01,Agua mineral 625 ml x 15,Bebidas,Bebidas Norte Pacífico SAC,7,18.0,0.03,122.22,78.12,44.1,Vencido,Efectivo
P11431,2025-08-25,8,C004,Bodega San Pedro 004,Bodega,Lima,Lima,Tienda,Luis Paredes,LIM-02,Lejía 4 L,Limpieza,Limpieza Total Perú SAC,8,9.8,0,78.4,51.76,26.64,Pagado,Efectivo
P11445,2025-08-25,8,C029,Minimarket Las Flores 029,Minimarket,Lima,Lima,Tienda,Ana Quispe,CAF-03,Cacao en polvo 250 g,Café y cacao,Café Selva Central SAC,11,12.5,0.02,134.75,82.5,52.25,Pagado,Transferencia
P11445,2025-08-25,8,C029,Minimarket Las Flores 029,Minimarket,Lima,Lima,Tienda,Ana Quispe,HAR-02,Fideo spaghetti 500 g,Harinas y pastas,Molinos Valle Verde SA,9,3.9,0.03,34.05,24.93,9.12,Pagado,Yape
P11452,2025-08-25,8,C091,Cafetería El Puerto 091,Cafetería,Chiclayo,Norte,Tienda,María Torres,LIM-03,Lavavajilla 900 g,Limpieza,Limpieza Total Perú SAC,9,8.2,0,73.8,47.25,26.55,Pagado,Yape
P11452,2025-08-25,8,C091,Cafetería El Puerto 091,Cafetería,Chiclayo,Norte,Tienda,María Torres,GRA-02,Kiwicha pop 300 g,Granos andinos,Agroandina del Sur SAC,6,8.9,0,53.4,32.58,20.82,Pagado,Yape
P11453,2025-08-25,8,C020,Bodega Santa Rosa 020,Bodega,Lima,Lima,Tienda,Luis Paredes,CAF-01,Café tostado molido 500 g,Café y cacao,Café Selva Central SAC,7,24.0,0,168.0,97.44,70.56,Pagado,Transferencia
P11520,2025-08-25,8,C088,Empresa Pachamama 088,Empresa,Trujillo,Norte,Tienda,María Torres,CAF-04,Chocolate para taza 180 g,Café y cacao,Café Selva Central SAC,9,9.9,0.03,86.43,55.26,31.17,Pagado,Yape
P11520,2025-08-25,8,C088,Empresa Pachamama 088,Empresa,Trujillo,Norte,Tienda,María Torres,SNA-02,Chifles 150 g x 10,Snacks,Snacks Costa Azul EIRL,12,28.0,0,336.0,194.88,141.12,Pagado,Yape
P11520,2025-08-25,8,C088,Empresa Pachamama 088,Empresa,Trujillo,Norte,Tienda,María Torres,CAF-03,Cacao en polvo 250 g,Café y cacao,Café Selva Central SAC,5,12.5,0,62.5,37.5,25.0,Pagado,Transferencia
P11558,2025-08-25,8,C098,Empresa Pachamama 098,Empresa,Trujillo,Norte,Tienda,María Torres,CAF-03,Cacao en polvo 250 g,Café y cacao,Café Selva Central SAC,5,12.5,0,62.5,37.5,25.0,Pagado,Yape
P11558,2025-08-25,8,C098,Empresa Pachamama 098,Empresa,Trujillo,Norte,Tienda,María Torres,CAF-02,Café en grano 1 kg,Café y cacao,Café Selva Central SAC,12,46.0,0,552.0,314.64,237.36,Pagado,Transferencia
P11567,2025-08-25,8,C047,Restaurante Primavera 047,Restaurante,Lima,Lima,Tienda,Rodrigo Salas,LIM-04,Desinfectante 1.8 L,Limpieza,Limpieza Total Perú SAC,11,11.9,0.118,115.45,82.5,32.95,Pagado,Yape
P11567,2025-08-25,8,C047,Restaurante Primavera 047,Restaurante,Lima,Lima,Tienda,Rodrigo Salas,LIM-03,Lavavajilla 900 g,Limpieza,Limpieza Total Perú SAC,6,8.2,0.11,43.79,31.5,12.29,Pagado,Efectivo
P11574,2025-08-25,8,C092,Cafetería El Progreso 092,Cafetería,Chiclayo,Norte,Online,María Torres,LIM-02,Lejía 4 L,Limpieza,Limpieza Total Perú SAC,8,9.8,0.02,76.83,51.76,25.07,Pagado,Tarjeta
P11574,2025-08-25,8,C092,Cafetería El Progreso 092,Cafetería,Chiclayo,Norte,Online,María Torres,CAF-05,Café instantáneo 200 g,Café y cacao,Café Selva Central SAC,12,21.0,0.05,239.4,158.76,80.64,Pagado,Efectivo
P11401,2025-08-26,8,C044,Bodega Inti 044,Bodega,Lima,Lima,Tienda,Ana Quispe,LIM-04,Desinfectante 1.8 L,Limpieza,Limpieza Total Perú SAC,12,11.9,0.05,135.66,90.0,45.66,Pagado,Plin
P11401,2025-08-26,8,C044,Bodega Inti 044,Bodega,Lima,Lima,Tienda,Ana Quispe,SNA-05,Camote frito 120 g x 10,Snacks,Snacks Costa Azul EIRL,4,31.0,0.02,121.52,73.16,48.36,Pagado,Plin
P11401,2025-08-26,8,C044,Bodega Inti 044,Bodega,Lima,Lima,Tienda,Ana Quispe,BEB-02,Gaseosa 3 L x 4,Bebidas,Bebidas Norte Pacífico SAC,4,32.0,0.05,121.6,87.04,34.56,Pagado,Yape
P11403,2025-08-26,8,C072,Empresa Santa Rosa 072,Empresa,Trujillo,Norte,Tienda,María Torres,CAF-04,Chocolate para taza 180 g,Café y cacao,Café Selva Central SAC,2,9.9,0.03,19.21,12.28,6.93,Pagado,Efectivo
P11403,2025-08-26,8,C072,Empresa Santa Rosa 072,Empresa,Trujillo,Norte,Tienda,María Torres,SNA-02,Chifles 150 g x 10,Snacks,Snacks Costa Azul EIRL,4,28.0,0.03,108.64,64.96,43.68,Vencido,Transferencia
P11469,2025-08-26,8,C016,Cafetería Primavera 016,Cafetería,Lima,Lima,Tienda,Luis Paredes,SNA-04,Maní salado 200 g x 12,Snacks,Snacks Costa Azul EIRL,10,30.0,0.05,285.0,186.0,99.0,Pagado,Tarjeta
P11469,2025-08-26,8,C016,Cafetería Primavera 016,Cafetería,Lima,Lima,Tienda,Luis Paredes,HAR-01,Harina sin preparar 1 kg,Harinas y pastas,Molinos Valle Verde SA,7,5.4,0,37.8,28.0,9.8,Pagado,Transferencia
P11492,2025-08-26,8,C021,Empresa Nueva Era 021,Empresa,Lima,Lima,Tienda,Luis Paredes,CAF-02,Café en grano 1 kg,Café y cacao,Café Selva Central SAC,3,46.0,0,138.0,78.66,59.34,Pagado,Efectivo
P11508,2025-08-26,8,C032,Restaurante Santa Rosa 032,Restaurante,Lima,Lima,Tienda,Rodrigo Salas,HAR-04,Harina preparada 1 kg,Harinas y pastas,Molinos Valle Verde SA,4,6.3,0.148,21.47,18.4,3.07,Pagado,Yape
P11508,2025-08-26,8,C032,Restaurante Santa Rosa 032,Restaurante,Lima,Lima,Tienda,Rodrigo Salas,CAF-04,Chocolate para taza 180 g,Café y cacao,Café Selva Central SAC,4,9.9,0.178,32.55,24.56,7.99,Pagado,Transferencia
P11543,2025-08-26,8,C096,Cafetería La Familia 096,Cafetería,Piura,Norte,Tienda,María Torres,GRA-01,Quinua blanca 1 kg,Granos andinos,Agroandina del Sur SAC,11,14.5,0,159.5,105.27,54.23,Pagado,Transferencia
P11399,2025-08-27,8,C056,Minimarket La Esperanza 056,Minimarket,Lima,Lima,Online,Ana Quispe,BEB-01,Agua mineral 625 ml x 15,Bebidas,Bebidas Norte Pacífico SAC,3,18.0,0,54.0,33.48,20.52,Pagado,Tarjeta
P11399,2025-08-27,8,C056,Minimarket La Esperanza 056,Minimarket,Lima,Lima,Online,Ana Quispe,SNA-02,Chifles 150 g x 10,Snacks,Snacks Costa Azul EIRL,2,28.0,0.03,54.32,32.48,21.84,Pagado,Transferencia
P11449,2025-08-27,8,C067,Bodega Las Flores 067,Bodega,Lima,Lima,Tienda,Rodrigo Salas,LIM-04,Desinfectante 1.8 L,Limpieza,Limpieza Total Perú SAC,2,11.9,0.13,20.71,15.0,5.71,Pagado,Yape
P11449,2025-08-27,8,C067,Bodega Las Flores 067,Bodega,Lima,Lima,Tienda,Rodrigo Salas,BEB-03,Néctar de durazno 1 L x 6,Bebidas,Bebidas Norte Pacífico SAC,3,27.0,0.115,71.69,51.84,19.85,Pagado,Yape
P11495,2025-08-27,8,C065,Bodega Virgen de Fátima 065,Bodega,Lima,Lima,Tienda,Ana Quispe,SNA-05,Camote frito 120 g x 10,Snacks,Snacks Costa Azul EIRL,7,31.0,0.05,206.15,128.03,78.12,Pagado,Transferencia
P11524,2025-08-27,8,C055,Empresa Inti 055,Empresa,Lima,Lima,Tienda,Ana Quispe,HAR-04,Harina preparada 1 kg,Harinas y pastas,Molinos Valle Verde SA,5,6.3,0.05,29.92,23.0,6.92,Pagado,Transferencia
P11524,2025-08-27,8,C055,Empresa Inti 055,Empresa,Lima,Lima,Tienda,Ana Quispe,HAR-02,Fideo spaghetti 500 g,Harinas y pastas,Molinos Valle Verde SA,10,3.9,0.03,37.83,27.7,10.13,Pagado,Yape
P11530,2025-08-27,8,C040,Minimarket La Esperanza 040,Minimarket,Lima,Lima,WhatsApp,Luis Paredes,LIM-02,Lejía 4 L,Limpieza,Limpieza Total Perú SAC,11,9.8,0.05,102.41,71.17,31.24,Pagado,Transferencia
P11530,2025-08-27,8,C040,Minimarket La Esperanza 040,Minimarket,Lima,Lima,WhatsApp,Luis Paredes,BEB-01,Agua mineral 625 ml x 15,Bebidas,Bebidas Norte Pacífico SAC,2,18.0,0.03,34.92,22.32,12.6,Pagado,Efectivo
P11565,2025-08-27,8,C137,Minimarket El Puerto 137,Minimarket,Huánuco,Centro,WhatsApp,Rosa Ccori,CAF-01,Café tostado molido 500 g,Café y cacao,Café Selva Central SAC,6,24.0,0.02,141.12,83.52,57.6,Pagado,Yape
P11565,2025-08-27,8,C137,Minimarket El Puerto 137,Minimarket,Huánuco,Centro,WhatsApp,Rosa Ccori,LIM-04,Desinfectante 1.8 L,Limpieza,Limpieza Total Perú SAC,3,11.9,0,35.7,22.5,13.2,Pagado,Efectivo
P11384,2025-08-28,8,C077,Mayorista Inti 077,Mayorista,Trujillo,Norte,Mayorista,María Torres,CAF-04,Chocolate para taza 180 g,Café y cacao,Café Selva Central SAC,12,9.9,0.08,109.3,73.68,35.62,Pagado,Transferencia
P11384,2025-08-28,8,C077,Mayorista Inti 077,Mayorista,Trujillo,Norte,Mayorista,María Torres,LIM-02,Lejía 4 L,Limpieza,Limpieza Total Perú SAC,16,9.8,0.08,144.26,103.52,40.74,Pagado,Transferencia
P11390,2025-08-28,8,C082,Bodega Mi Perú 082,Bodega,Piura,Norte,Tienda,María Torres,SNA-02,Chifles 150 g x 10,Snacks,Snacks Costa Azul EIRL,6,28.0,0,168.0,97.44,70.56,Pagado,Efectivo
P11390,2025-08-28,8,C082,Bodega Mi Perú 082,Bodega,Piura,Norte,Tienda,María Torres,HAR-05,Sémola 500 g,Harinas y pastas,Molinos Valle Verde SA,9,4.1,0.02,36.16,25.83,10.33,Pagado,Yape
P11392,2025-08-28,8,C072,Empresa Santa Rosa 072,Empresa,Trujillo,Norte,Tienda,María Torres,HAR-02,Fideo spaghetti 500 g,Harinas y pastas,Molinos Valle Verde SA,4,3.9,0,15.6,11.08,4.52,Pagado,Tarjeta
P11392,2025-08-28,8,C072,Empresa Santa Rosa 072,Empresa,Trujillo,Norte,Tienda,María Torres,CAF-02,Café en grano 1 kg,Café y cacao,Café Selva Central SAC,8,46.0,0.03,356.96,209.76,147.2,Pagado,Yape
P11392,2025-08-28,8,C072,Empresa Santa Rosa 072,Empresa,Trujillo,Norte,Tienda,María Torres,HAR-03,Fideo tallarín 1 kg,Harinas y pastas,Molinos Valle Verde SA,4,7.2,0,28.8,20.72,8.08,Pagado,Yape
P11402,2025-08-28,8,C005,Minimarket Inti 005,Minimarket,Lima,Lima,WhatsApp,Ana Quispe,HAR-05,Sémola 500 g,Harinas y pastas,Molinos Valle Verde SA,5,4.1,0.02,20.09,14.35,5.74,Pagado,Efectivo
P11407,2025-08-28,8,C029,Minimarket Las Flores 029,Minimarket,Lima,Lima,Tienda,Rodrigo Salas,LIM-04,Desinfectante 1.8 L,Limpieza,Limpieza Total Perú SAC,8,11.9,0.106,85.11,60.0,25.11,Pagado,Yape
P11407,2025-08-28,8,C029,Minimarket Las Flores 029,Minimarket,Lima,Lima,Tienda,Rodrigo Salas,BEB-02,Gaseosa 3 L x 4,Bebidas,Bebidas Norte Pacífico SAC,11,32.0,0.122,309.06,239.36,69.7,Vencido,Plin
P11409,2025-08-28,8,C047,Restaurante Primavera 047,Restaurante,Lima,Lima,Tienda,Luis Paredes,GRA-01,Quinua blanca 1 kg,Granos andinos,Agroandina del Sur SAC,4,14.5,0,58.0,38.28,19.72,Pagado,Yape
P11409,2025-08-28,8,C047,Restaurante Primavera 047,Restaurante,Lima,Lima,Tienda,Luis Paredes,CAF-05,Café instantáneo 200 g,Café y cacao,Café Selva Central SAC,9,21.0,0.02,185.22,119.07,66.15,Pagado,Transferencia
P11444,2025-08-28,8,C065,Bodega Virgen de Fátima 065,Bodega,Lima,Lima,Tienda,Luis Paredes,SNA-05,Camote frito 120 g x 10,Snacks,Snacks Costa Azul EIRL,5,31.0,0.03,150.35,91.45,58.9,Pagado,Transferencia
P11444,2025-08-28,8,C065,Bodega Virgen de Fátima 065,Bodega,Lima,Lima,Tienda,Luis Paredes,GRA-03,Maca en polvo 250 g,Granos andinos,Agroandina del Sur SAC,12,17.0,0,204.0,112.2,91.8,Pagado,Yape
P11448,2025-08-28,8,C117,Empresa Mi Perú 117,Empresa,Arequipa,Sur,Tienda,Jorge Huamán,HAR-01,Harina sin preparar 1 kg,Harinas y pastas,Molinos Valle Verde SA,10,5.4,0.03,52.38,40.0,12.38,Pagado,Transferencia
P11448,2025-08-28,8,C117,Empresa Mi Perú 117,Empresa,Arequipa,Sur,Tienda,Jorge Huamán,SNA-01,Papas nativas 120 g x 10,Snacks,Snacks Costa Azul EIRL,11,35.0,0,385.0,231.0,154.0,Pagado,Tarjeta
P11480,2025-08-28,8,C109,Bodega Los Andes 109,Bodega,Tacna,Sur,Tienda,Jorge Huamán,HAR-01,Harina sin preparar 1 kg,Harinas y pastas,Molinos Valle Verde SA,10,5.4,0,54.0,40.0,14.0,Pagado,Transferencia
P11480,2025-08-28,8,C109,Bodega Los Andes 109,Bodega,Tacna,Sur,Tienda,Jorge Huamán,CAF-01,Café tostado molido 500 g,Café y cacao,Café Selva Central SAC,3,24.0,0.05,68.4,41.76,26.64,Vencido,Yape
P11482,2025-08-28,8,C024,Bodega Los Andes 024,Bodega,Lima,Lima,Tienda,Luis Paredes,SNA-04,Maní salado 200 g x 12,Snacks,Snacks Costa Azul EIRL,6,30.0,0,180.0,111.6,68.4,Pagado,Yape
P11559,2025-08-28,8,C079,Restaurante El Ahorro 079,Restaurante,Trujillo,Norte,WhatsApp,María Torres,SNA-05,Camote frito 120 g x 10,Snacks,Snacks Costa Azul EIRL,2,31.0,0.05,58.9,36.58,22.32,Pagado,Transferencia
P11559,2025-08-28,8,C079,Restaurante El Ahorro 079,Restaurante,Trujillo,Norte,WhatsApp,María Torres,BEB-05,Té helado 500 ml x 12,Bebidas,Bebidas Norte Pacífico SAC,3,29.0,0,87.0,53.07,33.93,Pagado,Efectivo
P11573,2025-08-28,8,C005,Minimarket Inti 005,Minimarket,Lima,Lima,Tienda,Rodrigo Salas,HAR-02,Fideo spaghetti 500 g,Harinas y pastas,Molinos Valle Verde SA,7,3.9,0.155,23.07,19.39,3.68,Pagado,Transferencia
P11595,2025-09-01,9,C036,Restaurante El Ahorro 036,Restaurante,Lima,Lima,WhatsApp,Ana Quispe,GRA-01,Quinua blanca 1 kg,Granos andinos,Agroandina del Sur SAC,10,14.5,0.03,140.65,95.7,44.95,Pagado,Transferencia
P11595,2025-09-01,9,C036,Restaurante El Ahorro 036,Restaurante,Lima,Lima,WhatsApp,Ana Quispe,LIM-03,Lavavajilla 900 g,Limpieza,Limpieza Total Perú SAC,8,8.2,0,65.6,42.0,23.6,Pagado,Yape
P11595,2025-09-01,9,C036,Restaurante El Ahorro 036,Restaurante,Lima,Lima,WhatsApp,Ana Quispe,HAR-01,Harina sin preparar 1 kg,Harinas y pastas,Molinos Valle Verde SA,4,5.4,0.05,20.52,16.0,4.52,Pagado,Plin
P11623,2025-09-01,9,C136,Bodega El Ahorro 136,Bodega,Huánuco,Centro,Online,Rosa Ccori,BEB-03,Néctar de durazno 1 L x 6,Bebidas,Bebidas Norte Pacífico SAC,6,27.0,0.03,157.14,103.68,53.46,Pagado,Tarjeta
P11623,2025-09-01,9,C136,Bodega El Ahorro 136,Bodega,Huánuco,Centro,Online,Rosa Ccori,SNA-02,Chifles 150 g x 10,Snacks,Snacks Costa Azul EIRL,3,28.0,0.05,79.8,48.72,31.08,Pagado,Yape
P11680,2025-09-01,9,C009,Minimarket La Esperanza 009,Minimarket,Lima,Lima,Tienda,Rodrigo Salas,HAR-03,Fideo tallarín 1 kg,Harinas y pastas,Molinos Valle Verde SA,8,7.2,0.136,49.77,41.44,8.33,Pagado,Transferencia
P11680,2025-09-01,9,C009,Minimarket La Esperanza 009,Minimarket,Lima,Lima,Tienda,Rodrigo Salas,LIM-04,Desinfectante 1.8 L,Limpieza,Limpieza Total Perú SAC,9,11.9,0.126,93.61,67.5,26.11,Pagado,Transferencia
P11686,2025-09-01,9,C029,Minimarket Las Flores 029,Minimarket,Lima,Lima,Tienda,Luis Paredes,CAF-01,Café tostado molido 500 g,Café y cacao,Café Selva Central SAC,9,24.0,0,216.0,125.28,90.72,Pagado,Tarjeta
P11686,2025-09-01,9,C029,Minimarket Las Flores 029,Minimarket,Lima,Lima,Tienda,Luis Paredes,BEB-03,Néctar de durazno 1 L x 6,Bebidas,Bebidas Norte Pacífico SAC,3,27.0,0.02,79.38,51.84,27.54,Pagado,Yape
P11686,2025-09-01,9,C029,Minimarket Las Flores 029,Minimarket,Lima,Lima,Tienda,Luis Paredes,GRA-03,Maca en polvo 250 g,Granos andinos,Agroandina del Sur SAC,9,17.0,0,153.0,84.15,68.85,Pagado,Tarjeta
P11719,2025-09-01,9,C101,Bodega La Esperanza 101,Bodega,Tacna,Sur,Tienda,Jorge Huamán,SNA-01,Papas nativas 120 g x 10,Snacks,Snacks Costa Azul EIRL,7,35.0,0.05,232.75,147.0,85.75,Vencido,Yape
P11735,2025-09-01,9,C128,Empresa Primavera 128,Empresa,Huancayo,Centro,Tienda,Rosa Ccori,LIM-03,Lavavajilla 900 g,Limpieza,Limpieza Total Perú SAC,4,8.2,0,32.8,21.0,11.8,Pagado,Plin
P11735,2025-09-01,9,C128,Empresa Primavera 128,Empresa,Huancayo,Centro,Tienda,Rosa Ccori,CAF-02,Café en grano 1 kg,Café y cacao,Café Selva Central SAC,10,46.0,0.03,446.2,262.2,184.0,Pagado,Transferencia
P11758,2025-09-01,9,C071,Minimarket Santa Rosa 071,Minimarket,Chiclayo,Norte,Tienda,María Torres,HAR-01,Harina sin preparar 1 kg,Harinas y pastas,Molinos Valle Verde SA,12,5.4,0.03,62.86,48.0,14.86,Pagado,Efectivo
P11758,2025-09-01,9,C071,Minimarket Santa Rosa 071,Minimarket,Chiclayo,Norte,Tienda,María Torres,CAF-01,Café tostado molido 500 g,Café y cacao,Café Selva Central SAC,7,24.0,0,168.0,97.44,70.56,Vencido,Plin
P11635,2025-09-02,9,C130,Restaurante San Pedro 130,Restaurante,Huancayo,Centro,Tienda,Rosa Ccori,SNA-01,Papas nativas 120 g x 10,Snacks,Snacks Costa Azul EIRL,7,35.0,0.05,232.75,147.0,85.75,Vencido,Efectivo
P11639,2025-09-02,9,C026,Bodega Mi Perú 026,Bodega,Lima,Lima,Tienda,Luis Paredes,LIM-02,Lejía 4 L,Limpieza,Limpieza Total Perú SAC,9,9.8,0,88.2,58.23,29.97,Pagado,Plin
P11723,2025-09-02,9,C120,Restaurante Virgen de Fátima 120,Restaurante,Cusco,Sur,Tienda,Jorge Huamán,SNA-04,Maní salado 200 g x 12,Snacks,Snacks Costa Azul EIRL,9,30.0,0,270.0,167.4,102.6,Pagado,Yape
P11723,2025-09-02,9,C120,Restaurante Virgen de Fátima 120,Restaurante,Cusco,Sur,Tienda,Jorge Huamán,HAR-03,Fideo tallarín 1 kg,Harinas y pastas,Molinos Valle Verde SA,7,7.2,0,50.4,36.26,14.14,Pagado,Plin
P11723,2025-09-02,9,C120,Restaurante Virgen de Fátima 120,Restaurante,Cusco,Sur,Tienda,Jorge Huamán,BEB-03,Néctar de durazno 1 L x 6,Bebidas,Bebidas Norte Pacífico SAC,4,27.0,0.05,102.6,69.12,33.48,Pagado,Plin
P11756,2025-09-02,9,C132,Restaurante Nueva Era 132,Restaurante,Huánuco,Centro,Tienda,Rosa Ccori,BEB-04,Bebida rehidratante 500 ml x 12,Bebidas,Bebidas Norte Pacífico SAC,12,33.0,0,396.0,249.48,146.52,Pagado,Transferencia
P11579,2025-09-03,9,C130,Restaurante San Pedro 130,Restaurante,Huancayo,Centro,Tienda,Rosa Ccori,HAR-05,Sémola 500 g,Harinas y pastas,Molinos Valle Verde SA,8,4.1,0,32.8,22.96,9.84,Pagado,Transferencia
P11579,2025-09-03,9,C130,Restaurante San Pedro 130,Restaurante,Huancayo,Centro,Tienda,Rosa Ccori,SNA-04,Maní salado 200 g x 12,Snacks,Snacks Costa Azul EIRL,5,30.0,0,150.0,93.0,57.0,Pagado,Yape
P11579,2025-09-03,9,C130,Restaurante San Pedro 130,Restaurante,Huancayo,Centro,Tienda,Rosa Ccori,LIM-05,Jabón de tocador x 3,Limpieza,Limpieza Total Perú SAC,2,6.5,0.02,12.74,8.72,4.02,Pagado,Plin
P11631,2025-09-03,9,C126,Restaurante La Familia 126,Restaurante,Arequipa,Sur,Tienda,Jorge Huamán,GRA-02,Kiwicha pop 300 g,Granos andinos,Agroandina del Sur SAC,12,8.9,0,106.8,65.16,41.64,Pagado,Transferencia
P11702,2025-09-03,9,C007,Restaurante El Puerto 007,Restaurante,Lima,Lima,Tienda,Luis Paredes,SNA-02,Chifles 150 g x 10,Snacks,Snacks Costa Azul EIRL,10,28.0,0,280.0,162.4,117.6,Pagado,Transferencia
P11748,2025-09-03,9,C040,Minimarket La Esperanza 040,Minimarket,Lima,Lima,Tienda,Rodrigo Salas,BEB-05,Té helado 500 ml x 12,Bebidas,Bebidas Norte Pacífico SAC,11,29.0,0.105,285.5,194.59,90.91,Pagado,Plin
P11748,2025-09-03,9,C040,Minimarket La Esperanza 040,Minimarket,Lima,Lima,Tienda,Rodrigo Salas,GRA-05,Avena con quinua 900 g,Granos andinos,Agroandina del Sur SAC,12,11.5,0.137,119.09,92.52,26.57,Pagado,Transferencia
P11748,2025-09-03,9,C040,Minimarket La Esperanza 040,Minimarket,Lima,Lima,Tienda,Rodrigo Salas,BEB-02,Gaseosa 3 L x 4,Bebidas,Bebidas Norte Pacífico SAC,6,32.0,0.135,166.08,130.56,35.52,Pagado,Plin
P11581,2025-09-04,9,C132,Restaurante Nueva Era 132,Restaurante,Huánuco,Centro,Tienda,Rosa Ccori,LIM-02,Lejía 4 L,Limpieza,Limpieza Total Perú SAC,3,9.8,0,29.4,19.41,9.99,Pagado,Transferencia
P11581,2025-09-04,9,C132,Restaurante Nueva Era 132,Restaurante,Huánuco,Centro,Tienda,Rosa Ccori,CAF-05,Café instantáneo 200 g,Café y cacao,Café Selva Central SAC,7,21.0,0.03,142.59,92.61,49.98,Pagado,Transferencia
P11618,2025-09-04,9,C086,Restaurante Los Andes 086,Restaurante,Piura,Norte,Tienda,María Torres,GRA-03,Maca en polvo 250 g,Granos andinos,Agroandina del Sur SAC,2,17.0,0,34.0,18.7,15.3,Pagado,Efectivo
P11618,2025-09-04,9,C086,Restaurante Los Andes 086,Restaurante,Piura,Norte,Tienda,María Torres,SNA-01,Papas nativas 120 g x 10,Snacks,Snacks Costa Azul EIRL,10,35.0,0.02,343.0,210.0,133.0,Pagado,Efectivo
P11618,2025-09-04,9,C086,Restaurante Los Andes 086,Restaurante,Piura,Norte,Tienda,María Torres,HAR-04,Harina preparada 1 kg,Harinas y pastas,Molinos Valle Verde SA,10,6.3,0.05,59.85,46.0,13.85,Pagado,Transferencia
P11619,2025-09-04,9,C085,Minimarket Virgen de Fátima 085,Minimarket,Chiclayo,Norte,Tienda,María Torres,HAR-02,Fideo spaghetti 500 g,Harinas y pastas,Molinos Valle Verde SA,3,3.9,0,11.7,8.31,3.39,Pagado,Plin
P11654,2025-09-04,9,C024,Bodega Los Andes 024,Bodega,Lima,Lima,Tienda,Rodrigo Salas,GRA-04,Chía 500 g,Granos andinos,Agroandina del Sur SAC,7,13.0,0.118,80.26,58.24,22.02,Pagado,Yape
P11654,2025-09-04,9,C024,Bodega Los Andes 024,Bodega,Lima,Lima,Tienda,Rodrigo Salas,SNA-03,Galletas de avena x 24,Snacks,Snacks Costa Azul EIRL,12,22.0,0.175,217.8,171.6,46.2,Pagado,Transferencia
P11672,2025-09-04,9,C038,Bodega El Ahorro 038,Bodega,Lima,Lima,Tienda,Rodrigo Salas,GRA-02,Kiwicha pop 300 g,Granos andinos,Agroandina del Sur SAC,8,8.9,0.127,62.16,43.44,18.72,Vencido,Plin
P11672,2025-09-04,9,C038,Bodega El Ahorro 038,Bodega,Lima,Lima,Tienda,Rodrigo Salas,SNA-03,Galletas de avena x 24,Snacks,Snacks Costa Azul EIRL,9,22.0,0.125,173.25,128.7,44.55,Pagado,Yape
P11672,2025-09-04,9,C038,Bodega El Ahorro 038,Bodega,Lima,Lima,Tienda,Rodrigo Salas,CAF-03,Cacao en polvo 250 g,Café y cacao,Café Selva Central SAC,8,12.5,0.126,87.4,60.0,27.4,Pagado,Transferencia
P11679,2025-09-04,9,C020,Bodega Santa Rosa 020,Bodega,Lima,Lima,Tienda,Rodrigo Salas,HAR-05,Sémola 500 g,Harinas y pastas,Molinos Valle Verde SA,5,4.1,0.169,17.04,14.35,2.69,Pagado,Yape
P11679,2025-09-04,9,C020,Bodega Santa Rosa 020,Bodega,Lima,Lima,Tienda,Rodrigo Salas,HAR-03,Fideo tallarín 1 kg,Harinas y pastas,Molinos Valle Verde SA,3,7.2,0.116,19.09,15.54,3.55,Pagado,Plin
P11737,2025-09-04,9,C106,Cafetería El Progreso 106,Cafetería,Cusco,Sur,Tienda,Jorge Huamán,LIM-02,Lejía 4 L,Limpieza,Limpieza Total Perú SAC,7,9.8,0.03,66.54,45.29,21.25,Pagado,Efectivo
P11737,2025-09-04,9,C106,Cafetería El Progreso 106,Cafetería,Cusco,Sur,Tienda,Jorge Huamán,BEB-02,Gaseosa 3 L x 4,Bebidas,Bebidas Norte Pacífico SAC,10,32.0,0.03,310.4,217.6,92.8,Pagado,Efectivo
P11737,2025-09-04,9,C106,Cafetería El Progreso 106,Cafetería,Cusco,Sur,Tienda,Jorge Huamán,LIM-01,Detergente 2 kg,Limpieza,Limpieza Total Perú SAC,7,19.5,0.02,133.77,94.15,39.62,Pagado,Yape
P11604,2025-09-05,9,C095,Bodega La Familia 095,Bodega,Piura,Norte,Tienda,María Torres,BEB-01,Agua mineral 625 ml x 15,Bebidas,Bebidas Norte Pacífico SAC,5,18.0,0.05,85.5,55.8,29.7,Vencido,Efectivo
P11605,2025-09-05,9,C136,Bodega El Ahorro 136,Bodega,Huánuco,Centro,Tienda,Rosa Ccori,GRA-05,Avena con quinua 900 g,Granos andinos,Agroandina del Sur SAC,9,11.5,0.02,101.43,69.39,32.04,Pagado,Transferencia
P11605,2025-09-05,9,C136,Bodega El Ahorro 136,Bodega,Huánuco,Centro,Tienda,Rosa Ccori,BEB-05,Té helado 500 ml x 12,Bebidas,Bebidas Norte Pacífico SAC,6,29.0,0.03,168.78,106.14,62.64,Pagado,Transferencia
P11629,2025-09-05,9,C062,Restaurante Los Andes 062,Restaurante,Lima,Lima,WhatsApp,Rodrigo Salas,HAR-04,Harina preparada 1 kg,Harinas y pastas,Molinos Valle Verde SA,4,6.3,0.151,21.39,18.4,2.99,Pagado,Tarjeta
P11629,2025-09-05,9,C062,Restaurante Los Andes 062,Restaurante,Lima,Lima,WhatsApp,Rodrigo Salas,CAF-02,Café en grano 1 kg,Café y cacao,Café Selva Central SAC,3,46.0,0.121,121.3,78.66,42.64,Pagado,Yape
P11685,2025-09-05,9,C105,Restaurante El Ahorro 105,Restaurante,Arequipa,Sur,Online,Jorge Huamán,HAR-02,Fideo spaghetti 500 g,Harinas y pastas,Molinos Valle Verde SA,3,3.9,0.03,11.35,8.31,3.04,Pagado,Efectivo
P11685,2025-09-05,9,C105,Restaurante El Ahorro 105,Restaurante,Arequipa,Sur,Online,Jorge Huamán,BEB-04,Bebida rehidratante 500 ml x 12,Bebidas,Bebidas Norte Pacífico SAC,6,33.0,0.05,188.1,124.74,63.36,Vencido,Transferencia
P11689,2025-09-05,9,C061,Empresa Inti 061,Empresa,Lima,Lima,Tienda,Ana Quispe,BEB-04,Bebida rehidratante 500 ml x 12,Bebidas,Bebidas Norte Pacífico SAC,4,33.0,0.03,128.04,83.16,44.88,Pagado,Yape
P11716,2025-09-05,9,C061,Empresa Inti 061,Empresa,Lima,Lima,Tienda,Ana Quispe,CAF-03,Cacao en polvo 250 g,Café y cacao,Café Selva Central SAC,5,12.5,0.02,61.25,37.5,23.75,Pagado,Yape
P11727,2025-09-05,9,C128,Empresa Primavera 128,Empresa,Huancayo,Centro,Online,Rosa Ccori,BEB-02,Gaseosa 3 L x 4,Bebidas,Bebidas Norte Pacífico SAC,10,32.0,0.02,313.6,217.6,96.0,Pagado,Yape
P11727,2025-09-05,9,C128,Empresa Primavera 128,Empresa,Huancayo,Centro,Online,Rosa Ccori,HAR-02,Fideo spaghetti 500 g,Harinas y pastas,Molinos Valle Verde SA,9,3.9,0,35.1,24.93,10.17,Vencido,Efectivo
P11746,2025-09-05,9,C121,Bodega Don Lucho 121,Bodega,Arequipa,Sur,Tienda,Jorge Huamán,GRA-05,Avena con quinua 900 g,Granos andinos,Agroandina del Sur SAC,11,11.5,0,126.5,84.81,41.69,Pagado,Yape
P11746,2025-09-05,9,C121,Bodega Don Lucho 121,Bodega,Arequipa,Sur,Tienda,Jorge Huamán,GRA-01,Quinua blanca 1 kg,Granos andinos,Agroandina del Sur SAC,11,14.5,0.03,154.72,105.27,49.45,Pagado,Transferencia
P11592,2025-09-06,9,C077,Mayorista Inti 077,Mayorista,Trujillo,Norte,Mayorista,María Torres,SNA-01,Papas nativas 120 g x 10,Snacks,Snacks Costa Azul EIRL,24,35.0,0.08,772.8,504.0,268.8,Vencido,Transferencia
P11594,2025-09-06,9,C051,Empresa San Martín 051,Empresa,Lima,Lima,Tienda,Ana Quispe,BEB-02,Gaseosa 3 L x 4,Bebidas,Bebidas Norte Pacífico SAC,12,32.0,0,384.0,261.12,122.88,Pagado,Efectivo
P11594,2025-09-06,9,C051,Empresa San Martín 051,Empresa,Lima,Lima,Tienda,Ana Quispe,SNA-04,Maní salado 200 g x 12,Snacks,Snacks Costa Azul EIRL,6,30.0,0.05,171.0,111.6,59.4,Pagado,Yape
P11594,2025-09-06,9,C051,Empresa San Martín 051,Empresa,Lima,Lima,Tienda,Ana Quispe,SNA-05,Camote frito 120 g x 10,Snacks,Snacks Costa Azul EIRL,7,31.0,0.02,212.66,128.03,84.63,Pagado,Yape
P11603,2025-09-06,9,C022,Empresa La Familia 022,Empresa,Lima,Lima,Tienda,Ana Quispe,HAR-01,Harina sin preparar 1 kg,Harinas y pastas,Molinos Valle Verde SA,9,5.4,0.03,47.14,36.0,11.14,Pagado,Yape
P11603,2025-09-06,9,C022,Empresa La Familia 022,Empresa,Lima,Lima,Tienda,Ana Quispe,GRA-04,Chía 500 g,Granos andinos,Agroandina del Sur SAC,4,13.0,0.02,50.96,33.28,17.68,Pagado,Yape
P11650,2025-09-06,9,C079,Restaurante El Ahorro 079,Restaurante,Trujillo,Norte,Tienda,María Torres,CAF-01,Café tostado molido 500 g,Café y cacao,Café Selva Central SAC,12,24.0,0,288.0,167.04,120.96,Pagado,Tarjeta
P11650,2025-09-06,9,C079,Restaurante El Ahorro 079,Restaurante,Trujillo,Norte,Tienda,María Torres,LIM-03,Lavavajilla 900 g,Limpieza,Limpieza Total Perú SAC,12,8.2,0.05,93.48,63.0,30.48,Pagado,Yape
P11717,2025-09-06,9,C037,Bodega El Trébol 037,Bodega,Lima,Lima,Tienda,Luis Paredes,CAF-01,Café tostado molido 500 g,Café y cacao,Café Selva Central SAC,4,24.0,0.03,93.12,55.68,37.44,Vencido,Plin
P11733,2025-09-06,9,C036,Restaurante El Ahorro 036,Restaurante,Lima,Lima,Tienda,Rodrigo Salas,GRA-04,Chía 500 g,Granos andinos,Agroandina del Sur SAC,12,13.0,0.136,134.78,99.84,34.94,Pagado,Transferencia
P11733,2025-09-06,9,C036,Restaurante El Ahorro 036,Restaurante,Lima,Lima,Tienda,Rodrigo Salas,SNA-04,Maní salado 200 g x 12,Snacks,Snacks Costa Azul EIRL,3,30.0,0.1,81.0,55.8,25.2,Pagado,Yape
P11587,2025-09-07,9,C125,Bodega El Ahorro 125,Bodega,Cusco,Sur,WhatsApp,Jorge Huamán,LIM-03,Lavavajilla 900 g,Limpieza,Limpieza Total Perú SAC,6,8.2,0.03,47.72,31.5,16.22,Pagado,Tarjeta
P11587,2025-09-07,9,C125,Bodega El Ahorro 125,Bodega,Cusco,Sur,WhatsApp,Jorge Huamán,LIM-02,Lejía 4 L,Limpieza,Limpieza Total Perú SAC,7,9.8,0,68.6,45.29,23.31,Pagado,Tarjeta
P11614,2025-09-07,9,C054,Bodega Nueva Era 054,Bodega,Lima,Lima,Tienda,Rodrigo Salas,GRA-02,Kiwicha pop 300 g,Granos andinos,Agroandina del Sur SAC,9,8.9,0.173,66.24,48.87,17.37,Vencido,Transferencia
P11658,2025-09-07,9,C039,Cafetería El Progreso 039,Cafetería,Lima,Lima,Tienda,Rodrigo Salas,LIM-02,Lejía 4 L,Limpieza,Limpieza Total Perú SAC,8,9.8,0.159,65.93,51.76,14.17,Pagado,Transferencia
P11658,2025-09-07,9,C039,Cafetería El Progreso 039,Cafetería,Lima,Lima,Tienda,Rodrigo Salas,BEB-03,Néctar de durazno 1 L x 6,Bebidas,Bebidas Norte Pacífico SAC,9,27.0,0.168,202.18,155.52,46.66,Pagado,Efectivo
P11658,2025-09-07,9,C039,Cafetería El Progreso 039,Cafetería,Lima,Lima,Tienda,Rodrigo Salas,LIM-04,Desinfectante 1.8 L,Limpieza,Limpieza Total Perú SAC,5,11.9,0.138,51.29,37.5,13.79,Pagado,Yape
P11671,2025-09-07,9,C055,Empresa Inti 055,Empresa,Lima,Lima,Tienda,Ana Quispe,SNA-05,Camote frito 120 g x 10,Snacks,Snacks Costa Azul EIRL,10,31.0,0.05,294.5,182.9,111.6,Pagado,Yape
P11690,2025-09-07,9,C089,Minimarket Nueva Era 089,Minimarket,Chiclayo,Norte,Tienda,María Torres,LIM-03,Lavavajilla 900 g,Limpieza,Limpieza Total Perú SAC,10,8.2,0.02,80.36,52.5,27.86,Pagado,Efectivo
P11698,2025-09-07,9,C008,Minimarket El Trébol 008,Minimarket,Lima,Lima,Online,Luis Paredes,GRA-05,Avena con quinua 900 g,Granos andinos,Agroandina del Sur SAC,7,11.5,0,80.5,53.97,26.53,Pagado,Tarjeta
P11698,2025-09-07,9,C008,Minimarket El Trébol 008,Minimarket,Lima,Lima,Online,Luis Paredes,CAF-05,Café instantáneo 200 g,Café y cacao,Café Selva Central SAC,8,21.0,0.02,164.64,105.84,58.8,Pagado,Efectivo
P11755,2025-09-07,9,C059,Bodega Santa Rosa 059,Bodega,Lima,Lima,Tienda,Luis Paredes,CAF-01,Café tostado molido 500 g,Café y cacao,Café Selva Central SAC,3,24.0,0.03,69.84,41.76,28.08,Pagado,Yape
P11755,2025-09-07,9,C059,Bodega Santa Rosa 059,Bodega,Lima,Lima,Tienda,Luis Paredes,CAF-02,Café en grano 1 kg,Café y cacao,Café Selva Central SAC,7,46.0,0.05,305.9,183.54,122.36,Vencido,Yape
P11755,2025-09-07,9,C059,Bodega Santa Rosa 059,Bodega,Lima,Lima,Tienda,Luis Paredes,SNA-04,Maní salado 200 g x 12,Snacks,Snacks Costa Azul EIRL,4,30.0,0.05,114.0,74.4,39.6,Pagado,Yape
P11606,2025-09-08,9,C020,Bodega Santa Rosa 020,Bodega,Lima,Lima,Tienda,Luis Paredes,HAR-02,Fideo spaghetti 500 g,Harinas y pastas,Molinos Valle Verde SA,9,3.9,0.03,34.05,24.93,9.12,Pagado,Efectivo
P11621,2025-09-08,9,C060,Bodega El Sol 060,Bodega,Lima,Lima,Tienda,Ana Quispe,CAF-04,Chocolate para taza 180 g,Café y cacao,Café Selva Central SAC,12,9.9,0,118.8,73.68,45.12,Pagado,Transferencia
P11645,2025-09-08,9,C089,Minimarket Nueva Era 089,Minimarket,Chiclayo,Norte,Online,María Torres,HAR-02,Fideo spaghetti 500 g,Harinas y pastas,Molinos Valle Verde SA,5,3.9,0.05,18.52,13.85,4.67,Pagado,Transferencia
P11665,2025-09-08,9,C030,Cafetería San Martín 030,Cafetería,Lima,Lima,Online,Luis Paredes,GRA-04,Chía 500 g,Granos andinos,Agroandina del Sur SAC,5,13.0,0.02,63.7,41.6,22.1,Pagado,Transferencia
P11665,2025-09-08,9,C030,Cafetería San Martín 030,Cafetería,Lima,Lima,Online,Luis Paredes,BEB-02,Gaseosa 3 L x 4,Bebidas,Bebidas Norte Pacífico SAC,7,32.0,0.05,212.8,152.32,60.48,Vencido,Tarjeta
P11674,2025-09-08,9,C117,Empresa Mi Perú 117,Empresa,Arequipa,Sur,Tienda,Jorge Huamán,BEB-04,Bebida rehidratante 500 ml x 12,Bebidas,Bebidas Norte Pacífico SAC,12,33.0,0.03,384.12,249.48,134.64,Pagado,Yape
P11674,2025-09-08,9,C117,Empresa Mi Perú 117,Empresa,Arequipa,Sur,Tienda,Jorge Huamán,GRA-05,Avena con quinua 900 g,Granos andinos,Agroandina del Sur SAC,7,11.5,0.05,76.47,53.97,22.5,Pagado,Transferencia
P11705,2025-09-08,9,C120,Restaurante Virgen de Fátima 120,Restaurante,Cusco,Sur,Tienda,Jorge Huamán,HAR-03,Fideo tallarín 1 kg,Harinas y pastas,Molinos Valle Verde SA,3,7.2,0,21.6,15.54,6.06,Pagado,Yape
P11720,2025-09-08,9,C003,Bodega La Esperanza 003,Bodega,Lima,Lima,Tienda,Ana Quispe,SNA-01,Papas nativas 120 g x 10,Snacks,Snacks Costa Azul EIRL,9,35.0,0,315.0,189.0,126.0,Pagado,Transferencia
P11750,2025-09-08,9,C078,Bodega Inti 078,Bodega,Piura,Norte,Tienda,María Torres,HAR-03,Fideo tallarín 1 kg,Harinas y pastas,Molinos Valle Verde SA,8,7.2,0.05,54.72,41.44,13.28,Vencido,Yape
P11750,2025-09-08,9,C078,Bodega Inti 078,Bodega,Piura,Norte,Tienda,María Torres,SNA-01,Papas nativas 120 g x 10,Snacks,Snacks Costa Azul EIRL,4,35.0,0,140.0,84.0,56.0,Pagado,Plin
P11759,2025-09-08,9,C091,Cafetería El Puerto 091,Cafetería,Chiclayo,Norte,WhatsApp,María Torres,LIM-03,Lavavajilla 900 g,Limpieza,Limpieza Total Perú SAC,2,8.2,0.05,15.58,10.5,5.08,Pagado,Efectivo
P11765,2025-09-08,9,C098,Empresa Pachamama 098,Empresa,Trujillo,Norte,Tienda,María Torres,LIM-05,Jabón de tocador x 3,Limpieza,Limpieza Total Perú SAC,7,6.5,0,45.5,30.52,14.98,Pagado,Transferencia
P11765,2025-09-08,9,C098,Empresa Pachamama 098,Empresa,Trujillo,Norte,Tienda,María Torres,HAR-02,Fideo spaghetti 500 g,Harinas y pastas,Molinos Valle Verde SA,2,3.9,0.03,7.57,5.54,2.03,Pagado,Efectivo
P11765,2025-09-08,9,C098,Empresa Pachamama 098,Empresa,Trujillo,Norte,Tienda,María Torres,CAF-01,Café tostado molido 500 g,Café y cacao,Café Selva Central SAC,3,24.0,0.03,69.84,41.76,28.08,Pagado,Tarjeta
P11766,2025-09-08,9,C060,Bodega El Sol 060,Bodega,Lima,Lima,Tienda,Rodrigo Salas,HAR-03,Fideo tallarín 1 kg,Harinas y pastas,Molinos Valle Verde SA,9,7.2,0.166,54.04,46.62,7.42,Pagado,Yape
P11766,2025-09-08,9,C060,Bodega El Sol 060,Bodega,Lima,Lima,Tienda,Rodrigo Salas,SNA-05,Camote frito 120 g x 10,Snacks,Snacks Costa Azul EIRL,5,31.0,0.142,132.99,91.45,41.54,Vencido,Transferencia
P11582,2025-09-09,9,C126,Restaurante La Familia 126,Restaurante,Arequipa,Sur,Tienda,Jorge Huamán,BEB-03,Néctar de durazno 1 L x 6,Bebidas,Bebidas Norte Pacífico SAC,9,27.0,0.03,235.71,155.52,80.19,Vencido,Plin
P11582,2025-09-09,9,C126,Restaurante La Familia 126,Restaurante,Arequipa,Sur,Tienda,Jorge Huamán,CAF-01,Café tostado molido 500 g,Café y cacao,Café Selva Central SAC,6,24.0,0.02,141.12,83.52,57.6,Pagado,Tarjeta
P11615,2025-09-09,9,C098,Empresa Pachamama 098,Empresa,Trujillo,Norte,Tienda,María Torres,CAF-03,Cacao en polvo 250 g,Café y cacao,Café Selva Central SAC,10,12.5,0,125.0,75.0,50.0,Pagado,Yape
P11616,2025-09-09,9,C125,Bodega El Ahorro 125,Bodega,Cusco,Sur,Tienda,Jorge Huamán,LIM-02,Lejía 4 L,Limpieza,Limpieza Total Perú SAC,3,9.8,0.03,28.52,19.41,9.11,Pagado,Transferencia
P11721,2025-09-09,9,C102,Mayorista El Progreso 102,Mayorista,Tacna,Sur,Mayorista,Jorge Huamán,LIM-04,Desinfectante 1.8 L,Limpieza,Limpieza Total Perú SAC,40,11.9,0.08,437.92,300.0,137.92,Pagado,Transferencia
P11721,2025-09-09,9,C102,Mayorista El Progreso 102,Mayorista,Tacna,Sur,Mayorista,Jorge Huamán,SNA-03,Galletas de avena x 24,Snacks,Snacks Costa Azul EIRL,36,22.0,0.08,728.64,514.8,213.84,Pagado,Transferencia
P11752,2025-09-09,9,C093,Empresa Pachamama 093,Empresa,Piura,Norte,Tienda,María Torres,CAF-01,Café tostado molido 500 g,Café y cacao,Café Selva Central SAC,9,24.0,0.05,205.2,125.28,79.92,Pagado,Tarjeta
P11752,2025-09-09,9,C093,Empresa Pachamama 093,Empresa,Piura,Norte,Tienda,María Torres,SNA-03,Galletas de avena x 24,Snacks,Snacks Costa Azul EIRL,4,22.0,0.03,85.36,57.2,28.16,Pagado,Yape
P11752,2025-09-09,9,C093,Empresa Pachamama 093,Empresa,Piura,Norte,Tienda,María Torres,GRA-05,Avena con quinua 900 g,Granos andinos,Agroandina del Sur SAC,11,11.5,0.05,120.17,84.81,35.36,Pagado,Transferencia
P11754,2025-09-09,9,C009,Minimarket La Esperanza 009,Minimarket,Lima,Lima,Tienda,Rodrigo Salas,SNA-02,Chifles 150 g x 10,Snacks,Snacks Costa Azul EIRL,11,28.0,0.105,275.66,178.64,97.02,Pagado,Tarjeta
P11598,2025-09-10,9,C026,Bodega Mi Perú 026,Bodega,Lima,Lima,WhatsApp,Luis Paredes,CAF-01,Café tostado molido 500 g,Café y cacao,Café Selva Central SAC,5,24.0,0,120.0,69.6,50.4,Pagado,Yape
P11598,2025-09-10,9,C026,Bodega Mi Perú 026,Bodega,Lima,Lima,WhatsApp,Luis Paredes,LIM-02,Lejía 4 L,Limpieza,Limpieza Total Perú SAC,3,9.8,0.03,28.52,19.41,9.11,Pagado,Transferencia
P11598,2025-09-10,9,C026,Bodega Mi Perú 026,Bodega,Lima,Lima,WhatsApp,Luis Paredes,BEB-04,Bebida rehidratante 500 ml x 12,Bebidas,Bebidas Norte Pacífico SAC,9,33.0,0,297.0,187.11,109.89,Pagado,Yape
P11664,2025-09-10,9,C012,Cafetería Pachamama 012,Cafetería,Lima,Lima,Tienda,Luis Paredes,HAR-01,Harina sin preparar 1 kg,Harinas y pastas,Molinos Valle Verde SA,2,5.4,0.05,10.26,8.0,2.26,Pagado,Yape
P11664,2025-09-10,9,C012,Cafetería Pachamama 012,Cafetería,Lima,Lima,Tienda,Luis Paredes,HAR-04,Harina preparada 1 kg,Harinas y pastas,Molinos Valle Verde SA,7,6.3,0.02,43.22,32.2,11.02,Pagado,Transferencia
P11664,2025-09-10,9,C012,Cafetería Pachamama 012,Cafetería,Lima,Lima,Tienda,Luis Paredes,BEB-02,Gaseosa 3 L x 4,Bebidas,Bebidas Norte Pacífico SAC,2,32.0,0,64.0,43.52,20.48,Pagado,Plin
P11669,2025-09-10,9,C065,Bodega Virgen de Fátima 065,Bodega,Lima,Lima,Tienda,Luis Paredes,GRA-02,Kiwicha pop 300 g,Granos andinos,Agroandina del Sur SAC,8,8.9,0,71.2,43.44,27.76,Pagado,Transferencia
P11691,2025-09-10,9,C091,Cafetería El Puerto 091,Cafetería,Chiclayo,Norte,Tienda,María Torres,LIM-01,Detergente 2 kg,Limpieza,Limpieza Total Perú SAC,12,19.5,0,234.0,161.4,72.6,Pagado,Yape
P11692,2025-09-10,9,C078,Bodega Inti 078,Bodega,Piura,Norte,Tienda,María Torres,HAR-04,Harina preparada 1 kg,Harinas y pastas,Molinos Valle Verde SA,2,6.3,0,12.6,9.2,3.4,Pagado,Yape
P11599,2025-09-11,9,C087,Restaurante El Ahorro 087,Restaurante,Trujillo,Norte,Tienda,María Torres,BEB-02,Gaseosa 3 L x 4,Bebidas,Bebidas Norte Pacífico SAC,11,32.0,0.05,334.4,239.36,95.04,Pagado,Tarjeta
P11599,2025-09-11,9,C087,Restaurante El Ahorro 087,Restaurante,Trujillo,Norte,Tienda,María Torres,SNA-03,Galletas de avena x 24,Snacks,Snacks Costa Azul EIRL,9,22.0,0,198.0,128.7,69.3,Vencido,Efectivo
P11637,2025-09-11,9,C008,Minimarket El Trébol 008,Minimarket,Lima,Lima,Tienda,Ana Quispe,LIM-05,Jabón de tocador x 3,Limpieza,Limpieza Total Perú SAC,3,6.5,0,19.5,13.08,6.42,Pagado,Yape
P11637,2025-09-11,9,C008,Minimarket El Trébol 008,Minimarket,Lima,Lima,Tienda,Ana Quispe,HAR-01,Harina sin preparar 1 kg,Harinas y pastas,Molinos Valle Verde SA,5,5.4,0.05,25.65,20.0,5.65,Pagado,Yape
P11638,2025-09-11,9,C046,Restaurante Don Lucho 046,Restaurante,Lima,Lima,Tienda,Ana Quispe,LIM-04,Desinfectante 1.8 L,Limpieza,Limpieza Total Perú SAC,7,11.9,0,83.3,52.5,30.8,Pagado,Plin
P11738,2025-09-11,9,C059,Bodega Santa Rosa 059,Bodega,Lima,Lima,Tienda,Rodrigo Salas,CAF-01,Café tostado molido 500 g,Café y cacao,Café Selva Central SAC,4,24.0,0.131,83.42,55.68,27.74,Pagado,Tarjeta
P11738,2025-09-11,9,C059,Bodega Santa Rosa 059,Bodega,Lima,Lima,Tienda,Rodrigo Salas,CAF-04,Chocolate para taza 180 g,Café y cacao,Café Selva Central SAC,3,9.9,0.123,26.05,18.42,7.63,Pagado,Yape
P11607,2025-09-12,9,C023,Bodega El Sol 023,Bodega,Lima,Lima,WhatsApp,Luis Paredes,LIM-01,Detergente 2 kg,Limpieza,Limpieza Total Perú SAC,4,19.5,0.02,76.44,53.8,22.64,Vencido,Yape
P11607,2025-09-12,9,C023,Bodega El Sol 023,Bodega,Lima,Lima,WhatsApp,Luis Paredes,HAR-01,Harina sin preparar 1 kg,Harinas y pastas,Molinos Valle Verde SA,12,5.4,0.03,62.86,48.0,14.86,Pagado,Tarjeta
P11607,2025-09-12,9,C023,Bodega El Sol 023,Bodega,Lima,Lima,WhatsApp,Luis Paredes,HAR-03,Fideo tallarín 1 kg,Harinas y pastas,Molinos Valle Verde SA,10,7.2,0.02,70.56,51.8,18.76,Pagado,Transferencia
P11611,2025-09-12,9,C122,Bodega El Ahorro 122,Bodega,Tacna,Sur,Tienda,Jorge Huamán,CAF-05,Café instantáneo 200 g,Café y cacao,Café Selva Central SAC,10,21.0,0.03,203.7,132.3,71.4,Pagado,Tarjeta
P11647,2025-09-12,9,C018,Bodega La Familia 018,Bodega,Lima,Lima,Tienda,Luis Paredes,CAF-01,Café tostado molido 500 g,Café y cacao,Café Selva Central SAC,10,24.0,0.03,232.8,139.2,93.6,Pagado,Transferencia
P11647,2025-09-12,9,C018,Bodega La Familia 018,Bodega,Lima,Lima,Tienda,Luis Paredes,BEB-03,Néctar de durazno 1 L x 6,Bebidas,Bebidas Norte Pacífico SAC,8,27.0,0.03,209.52,138.24,71.28,Pagado,Efectivo
P11649,2025-09-12,9,C070,Minimarket El Ahorro 070,Minimarket,Lima,Lima,Tienda,Ana Quispe,BEB-01,Agua mineral 625 ml x 15,Bebidas,Bebidas Norte Pacífico SAC,5,18.0,0.05,85.5,55.8,29.7,Pagado,Plin
P11649,2025-09-12,9,C070,Minimarket El Ahorro 070,Minimarket,Lima,Lima,Tienda,Ana Quispe,HAR-01,Harina sin preparar 1 kg,Harinas y pastas,Molinos Valle Verde SA,8,5.4,0.02,42.34,32.0,10.34,Pagado,Plin
P11653,2025-09-12,9,C046,Restaurante Don Lucho 046,Restaurante,Lima,Lima,Tienda,Rodrigo Salas,CAF-04,Chocolate para taza 180 g,Café y cacao,Café Selva Central SAC,3,9.9,0.135,25.69,18.42,7.27,Pagado,Tarjeta
P11653,2025-09-12,9,C046,Restaurante Don Lucho 046,Restaurante,Lima,Lima,Tienda,Rodrigo Salas,BEB-02,Gaseosa 3 L x 4,Bebidas,Bebidas Norte Pacífico SAC,7,32.0,0.131,194.66,152.32,42.34,Pagado,Efectivo
P11704,2025-09-12,9,C012,Cafetería Pachamama 012,Cafetería,Lima,Lima,Tienda,Rodrigo Salas,GRA-05,Avena con quinua 900 g,Granos andinos,Agroandina del Sur SAC,10,11.5,0.138,99.13,77.1,22.03,Vencido,Transferencia
P11704,2025-09-12,9,C012,Cafetería Pachamama 012,Cafetería,Lima,Lima,Tienda,Rodrigo Salas,SNA-02,Chifles 150 g x 10,Snacks,Snacks Costa Azul EIRL,9,28.0,0.162,211.18,146.16,65.02,Pagado,Yape
P11704,2025-09-12,9,C012,Cafetería Pachamama 012,Cafetería,Lima,Lima,Tienda,Rodrigo Salas,LIM-01,Detergente 2 kg,Limpieza,Limpieza Total Perú SAC,6,19.5,0.126,102.26,80.7,21.56,Pagado,Tarjeta
P11726,2025-09-12,9,C030,Cafetería San Martín 030,Cafetería,Lima,Lima,Tienda,Luis Paredes,CAF-03,Cacao en polvo 250 g,Café y cacao,Café Selva Central SAC,3,12.5,0.05,35.62,22.5,13.12,Pagado,Yape
P11726,2025-09-12,9,C030,Cafetería San Martín 030,Cafetería,Lima,Lima,Tienda,Luis Paredes,LIM-04,Desinfectante 1.8 L,Limpieza,Limpieza Total Perú SAC,8,11.9,0.03,92.34,60.0,32.34,Pagado,Yape
P11576,2025-09-13,9,C131,Bodega Virgen de Fátima 131,Bodega,Huánuco,Centro,WhatsApp,Rosa Ccori,CAF-05,Café instantáneo 200 g,Café y cacao,Café Selva Central SAC,12,21.0,0.02,246.96,158.76,88.2,Pagado,Yape
P11576,2025-09-13,9,C131,Bodega Virgen de Fátima 131,Bodega,Huánuco,Centro,WhatsApp,Rosa Ccori,GRA-03,Maca en polvo 250 g,Granos andinos,Agroandina del Sur SAC,5,17.0,0.02,83.3,46.75,36.55,Pagado,Yape
P11576,2025-09-13,9,C131,Bodega Virgen de Fátima 131,Bodega,Huánuco,Centro,WhatsApp,Rosa Ccori,CAF-05,Café instantáneo 200 g,Café y cacao,Café Selva Central SAC,12,21.0,0,252.0,158.76,93.24,Vencido,Transferencia
P11681,2025-09-13,9,C007,Restaurante El Puerto 007,Restaurante,Lima,Lima,Tienda,Luis Paredes,CAF-01,Café tostado molido 500 g,Café y cacao,Café Selva Central SAC,9,24.0,0.02,211.68,125.28,86.4,Pagado,Yape
P11707,2025-09-13,9,C005,Minimarket Inti 005,Minimarket,Lima,Lima,Tienda,Rodrigo Salas,GRA-04,Chía 500 g,Granos andinos,Agroandina del Sur SAC,5,13.0,0.154,54.99,41.6,13.39,Pagado,Transferencia
P11713,2025-09-14,9,C070,Minimarket El Ahorro 070,Minimarket,Lima,Lima,Tienda,Luis Paredes,HAR-04,Harina preparada 1 kg,Harinas y pastas,Molinos Valle Verde SA,9,6.3,0.02,55.57,41.4,14.17,Pagado,Yape
P11713,2025-09-14,9,C070,Minimarket El Ahorro 070,Minimarket,Lima,Lima,Tienda,Luis Paredes,GRA-04,Chía 500 g,Granos andinos,Agroandina del Sur SAC,2,13.0,0,26.0,16.64,9.36,Pagado,Plin
P11722,2025-09-14,9,C007,Restaurante El Puerto 007,Restaurante,Lima,Lima,Tienda,Ana Quispe,GRA-01,Quinua blanca 1 kg,Granos andinos,Agroandina del Sur SAC,12,14.5,0.05,165.3,114.84,50.46,Pagado,Transferencia
P11722,2025-09-14,9,C007,Restaurante El Puerto 007,Restaurante,Lima,Lima,Tienda,Ana Quispe,LIM-05,Jabón de tocador x 3,Limpieza,Limpieza Total Perú SAC,12,6.5,0,78.0,52.32,25.68,Pagado,Yape
P11724,2025-09-14,9,C065,Bodega Virgen de Fátima 065,Bodega,Lima,Lima,Tienda,Ana Quispe,LIM-03,Lavavajilla 900 g,Limpieza,Limpieza Total Perú SAC,8,8.2,0.05,62.32,42.0,20.32,Pagado,Yape
P11724,2025-09-14,9,C065,Bodega Virgen de Fátima 065,Bodega,Lima,Lima,Tienda,Ana Quispe,CAF-02,Café en grano 1 kg,Café y cacao,Café Selva Central SAC,5,46.0,0.05,218.5,131.1,87.4,Pagado,Tarjeta
P11762,2025-09-14,9,C103,Mayorista Nueva Era 103,Mayorista,Tacna,Sur,Mayorista,Jorge Huamán,LIM-05,Jabón de tocador x 3,Limpieza,Limpieza Total Perú SAC,36,6.5,0.08,215.28,156.96,58.32,Pagado,Transferencia
P11762,2025-09-14,9,C103,Mayorista Nueva Era 103,Mayorista,Tacna,Sur,Mayorista,Jorge Huamán,BEB-04,Bebida rehidratante 500 ml x 12,Bebidas,Bebidas Norte Pacífico SAC,36,33.0,0.08,1092.96,748.44,344.52,Pagado,Transferencia
P11764,2025-09-14,9,C014,Minimarket San Pedro 014,Minimarket,Lima,Lima,Tienda,Luis Paredes,CAF-04,Chocolate para taza 180 g,Café y cacao,Café Selva Central SAC,8,9.9,0,79.2,49.12,30.08,Pagado,Plin
P11768,2025-09-14,9,C082,Bodega Mi Perú 082,Bodega,Piura,Norte,Tienda,María Torres,CAF-05,Café instantáneo 200 g,Café y cacao,Café Selva Central SAC,10,21.0,0,210.0,132.3,77.7,Pagado,Tarjeta
P11768,2025-09-14,9,C082,Bodega Mi Perú 082,Bodega,Piura,Norte,Tienda,María Torres,CAF-03,Cacao en polvo 250 g,Café y cacao,Café Selva Central SAC,8,12.5,0.03,97.0,60.0,37.0,Pagado,Transferencia
P11583,2025-09-15,9,C107,Minimarket Mi Perú 107,Minimarket,Cusco,Sur,Tienda,Jorge Huamán,HAR-02,Fideo spaghetti 500 g,Harinas y pastas,Molinos Valle Verde SA,6,3.9,0.05,22.23,16.62,5.61,Pagado,Tarjeta
P11586,2025-09-15,9,C121,Bodega Don Lucho 121,Bodega,Arequipa,Sur,Tienda,Jorge Huamán,LIM-02,Lejía 4 L,Limpieza,Limpieza Total Perú SAC,9,9.8,0.05,83.79,58.23,25.56,Pagado,Transferencia
P11673,2025-09-15,9,C030,Cafetería San Martín 030,Cafetería,Lima,Lima,Tienda,Ana Quispe,HAR-03,Fideo tallarín 1 kg,Harinas y pastas,Molinos Valle Verde SA,11,7.2,0.05,75.24,56.98,18.26,Pagado,Transferencia
P11710,2025-09-15,9,C073,Minimarket Don Lucho 073,Minimarket,Trujillo,Norte,Tienda,María Torres,CAF-05,Café instantáneo 200 g,Café y cacao,Café Selva Central SAC,2,21.0,0.02,41.16,26.46,14.7,Pagado,Plin
P11710,2025-09-15,9,C073,Minimarket Don Lucho 073,Minimarket,Trujillo,Norte,Tienda,María Torres,CAF-05,Café instantáneo 200 g,Café y cacao,Café Selva Central SAC,3,21.0,0.03,61.11,39.69,21.42,Pagado,Yape
P11710,2025-09-15,9,C073,Minimarket Don Lucho 073,Minimarket,Trujillo,Norte,Tienda,María Torres,CAF-02,Café en grano 1 kg,Café y cacao,Café Selva Central SAC,9,46.0,0,414.0,235.98,178.02,Pagado,Transferencia
P11739,2025-09-15,9,C109,Bodega Los Andes 109,Bodega,Tacna,Sur,Tienda,Jorge Huamán,BEB-03,Néctar de durazno 1 L x 6,Bebidas,Bebidas Norte Pacífico SAC,6,27.0,0.03,157.14,103.68,53.46,Pagado,Transferencia
P11578,2025-09-16,9,C083,Bodega Mi Perú 083,Bodega,Piura,Norte,Tienda,María Torres,GRA-02,Kiwicha pop 300 g,Granos andinos,Agroandina del Sur SAC,7,8.9,0,62.3,38.01,24.29,Pagado,Tarjeta
P11663,2025-09-16,9,C022,Empresa La Familia 022,Empresa,Lima,Lima,Tienda,Ana Quispe,LIM-04,Desinfectante 1.8 L,Limpieza,Limpieza Total Perú SAC,9,11.9,0,107.1,67.5,39.6,Pagado,Tarjeta
P11663,2025-09-16,9,C022,Empresa La Familia 022,Empresa,Lima,Lima,Tienda,Ana Quispe,LIM-05,Jabón de tocador x 3,Limpieza,Limpieza Total Perú SAC,3,6.5,0.02,19.11,13.08,6.03,Pagado,Yape
P11693,2025-09-16,9,C068,Minimarket San Pedro 068,Minimarket,Lima,Lima,Tienda,Rodrigo Salas,GRA-02,Kiwicha pop 300 g,Granos andinos,Agroandina del Sur SAC,9,8.9,0.174,66.16,48.87,17.29,Pagado,Transferencia
P11696,2025-09-16,9,C027,Mayorista El Ahorro 027,Mayorista,Lima,Lima,Mayorista,Luis Paredes,CAF-01,Café tostado molido 500 g,Café y cacao,Café Selva Central SAC,8,24.0,0.08,176.64,111.36,65.28,Pagado,Transferencia
P11696,2025-09-16,9,C027,Mayorista El Ahorro 027,Mayorista,Lima,Lima,Mayorista,Luis Paredes,SNA-02,Chifles 150 g x 10,Snacks,Snacks Costa Azul EIRL,28,28.0,0.08,721.28,454.72,266.56,Pagado,Transferencia
P11751,2025-09-16,9,C060,Bodega El Sol 060,Bodega,Lima,Lima,Tienda,Ana Quispe,CAF-02,Café en grano 1 kg,Café y cacao,Café Selva Central SAC,2,46.0,0.02,90.16,52.44,37.72,Pagado,Yape
P11751,2025-09-16,9,C060,Bodega El Sol 060,Bodega,Lima,Lima,Tienda,Ana Quispe,CAF-05,Café instantáneo 200 g,Café y cacao,Café Selva Central SAC,7,21.0,0,147.0,92.61,54.39,Pagado,Tarjeta
P11610,2025-09-17,9,C001,Minimarket El Progreso 001,Minimarket,Lima,Lima,Tienda,Rodrigo Salas,SNA-02,Chifles 150 g x 10,Snacks,Snacks Costa Azul EIRL,2,28.0,0.145,47.88,32.48,15.4,Pagado,Tarjeta
P11610,2025-09-17,9,C001,Minimarket El Progreso 001,Minimarket,Lima,Lima,Tienda,Rodrigo Salas,CAF-03,Cacao en polvo 250 g,Café y cacao,Café Selva Central SAC,12,12.5,0.102,134.7,90.0,44.7,Pagado,Transferencia
P11610,2025-09-17,9,C001,Minimarket El Progreso 001,Minimarket,Lima,Lima,Tienda,Rodrigo Salas,GRA-03,Maca en polvo 250 g,Granos andinos,Agroandina del Sur SAC,8,17.0,0.15,115.6,74.8,40.8,Pagado,Transferencia
P11636,2025-09-17,9,C066,Empresa La Esperanza 066,Empresa,Lima,Lima,Tienda,Rodrigo Salas,CAF-04,Chocolate para taza 180 g,Café y cacao,Café Selva Central SAC,5,9.9,0.123,43.41,30.7,12.71,Pagado,Transferencia
P11636,2025-09-17,9,C066,Empresa La Esperanza 066,Empresa,Lima,Lima,Tienda,Rodrigo Salas,BEB-01,Agua mineral 625 ml x 15,Bebidas,Bebidas Norte Pacífico SAC,10,18.0,0.12,158.4,111.6,46.8,Pagado,Efectivo
P11730,2025-09-17,9,C055,Empresa Inti 055,Empresa,Lima,Lima,Tienda,Ana Quispe,CAF-03,Cacao en polvo 250 g,Café y cacao,Café Selva Central SAC,5,12.5,0.03,60.62,37.5,23.12,Pagado,Efectivo
P11742,2025-09-17,9,C121,Bodega Don Lucho 121,Bodega,Arequipa,Sur,Tienda,Jorge Huamán,CAF-01,Café tostado molido 500 g,Café y cacao,Café Selva Central SAC,10,24.0,0.02,235.2,139.2,96.0,Pagado,Tarjeta
P11588,2025-09-18,9,C003,Bodega La Esperanza 003,Bodega,Lima,Lima,Online,Ana Quispe,LIM-03,Lavavajilla 900 g,Limpieza,Limpieza Total Perú SAC,8,8.2,0.05,62.32,42.0,20.32,Pagado,Plin
P11588,2025-09-18,9,C003,Bodega La Esperanza 003,Bodega,Lima,Lima,Online,Ana Quispe,LIM-05,Jabón de tocador x 3,Limpieza,Limpieza Total Perú SAC,7,6.5,0,45.5,30.52,14.98,Pagado,Yape
P11628,2025-09-18,9,C007,Restaurante El Puerto 007,Restaurante,Lima,Lima,Tienda,Luis Paredes,SNA-01,Papas nativas 120 g x 10,Snacks,Snacks Costa Azul EIRL,10,35.0,0.03,339.5,210.0,129.5,Pagado,Yape
P11648,2025-09-18,9,C058,Restaurante La Familia 058,Restaurante,Lima,Lima,WhatsApp,Luis Paredes,HAR-04,Harina preparada 1 kg,Harinas y pastas,Molinos Valle Verde SA,4,6.3,0.03,24.44,18.4,6.04,Pagado,Tarjeta
P11648,2025-09-18,9,C058,Restaurante La Familia 058,Restaurante,Lima,Lima,WhatsApp,Luis Paredes,HAR-02,Fideo spaghetti 500 g,Harinas y pastas,Molinos Valle Verde SA,5,3.9,0.02,19.11,13.85,5.26,Pagado,Yape
P11656,2025-09-18,9,C018,Bodega La Familia 018,Bodega,Lima,Lima,WhatsApp,Rodrigo Salas,CAF-05,Café instantáneo 200 g,Café y cacao,Café Selva Central SAC,6,21.0,0.165,105.21,79.38,25.83,Pagado,Efectivo
P11656,2025-09-18,9,C018,Bodega La Familia 018,Bodega,Lima,Lima,WhatsApp,Rodrigo Salas,HAR-03,Fideo tallarín 1 kg,Harinas y pastas,Molinos Valle Verde SA,3,7.2,0.111,19.2,15.54,3.66,Pagado,Yape
P11656,2025-09-18,9,C018,Bodega La Familia 018,Bodega,Lima,Lima,WhatsApp,Rodrigo Salas,HAR-01,Harina sin preparar 1 kg,Harinas y pastas,Molinos Valle Verde SA,6,5.4,0.173,26.79,24.0,2.79,Pagado,Tarjeta
P11661,2025-09-18,9,C027,Mayorista El Ahorro 027,Mayorista,Lima,Lima,Mayorista,Luis Paredes,LIM-05,Jabón de tocador x 3,Limpieza,Limpieza Total Perú SAC,12,6.5,0.08,71.76,52.32,19.44,Pagado,Transferencia
P11661,2025-09-18,9,C027,Mayorista El Ahorro 027,Mayorista,Lima,Lima,Mayorista,Luis Paredes,SNA-01,Papas nativas 120 g x 10,Snacks,Snacks Costa Azul EIRL,28,35.0,0.08,901.6,588.0,313.6,Pagado,Transferencia
P11662,2025-09-18,9,C120,Restaurante Virgen de Fátima 120,Restaurante,Cusco,Sur,WhatsApp,Jorge Huamán,BEB-03,Néctar de durazno 1 L x 6,Bebidas,Bebidas Norte Pacífico SAC,7,27.0,0.03,183.33,120.96,62.37,Pagado,Transferencia
P11662,2025-09-18,9,C120,Restaurante Virgen de Fátima 120,Restaurante,Cusco,Sur,WhatsApp,Jorge Huamán,GRA-02,Kiwicha pop 300 g,Granos andinos,Agroandina del Sur SAC,4,8.9,0,35.6,21.72,13.88,Pagado,Tarjeta
P11662,2025-09-18,9,C120,Restaurante Virgen de Fátima 120,Restaurante,Cusco,Sur,WhatsApp,Jorge Huamán,BEB-03,Néctar de durazno 1 L x 6,Bebidas,Bebidas Norte Pacífico SAC,2,27.0,0.05,51.3,34.56,16.74,Pagado,Plin
P11712,2025-09-18,9,C124,Minimarket Primavera 124,Minimarket,Cusco,Sur,Tienda,Jorge Huamán,BEB-05,Té helado 500 ml x 12,Bebidas,Bebidas Norte Pacífico SAC,7,29.0,0,203.0,123.83,79.17,Pagado,Transferencia
P11714,2025-09-18,9,C134,Bodega El Puerto 134,Bodega,Huancayo,Centro,Tienda,Rosa Ccori,GRA-03,Maca en polvo 250 g,Granos andinos,Agroandina del Sur SAC,11,17.0,0,187.0,102.85,84.15,Pagado,Yape
P11714,2025-09-18,9,C134,Bodega El Puerto 134,Bodega,Huancayo,Centro,Tienda,Rosa Ccori,LIM-03,Lavavajilla 900 g,Limpieza,Limpieza Total Perú SAC,12,8.2,0.02,96.43,63.0,33.43,Pagado,Transferencia
P11741,2025-09-18,9,C069,Restaurante Mi Perú 069,Restaurante,Lima,Lima,Tienda,Luis Paredes,GRA-02,Kiwicha pop 300 g,Granos andinos,Agroandina del Sur SAC,12,8.9,0,106.8,65.16,41.64,Pagado,Transferencia
P11741,2025-09-18,9,C069,Restaurante Mi Perú 069,Restaurante,Lima,Lima,Tienda,Luis Paredes,HAR-01,Harina sin preparar 1 kg,Harinas y pastas,Molinos Valle Verde SA,11,5.4,0.02,58.21,44.0,14.21,Pagado,Transferencia
P11575,2025-09-19,9,C014,Minimarket San Pedro 014,Minimarket,Lima,Lima,Tienda,Luis Paredes,GRA-01,Quinua blanca 1 kg,Granos andinos,Agroandina del Sur SAC,12,14.5,0.03,168.78,114.84,53.94,Pagado,Efectivo
P11575,2025-09-19,9,C014,Minimarket San Pedro 014,Minimarket,Lima,Lima,Tienda,Luis Paredes,LIM-05,Jabón de tocador x 3,Limpieza,Limpieza Total Perú SAC,8,6.5,0,52.0,34.88,17.12,Pagado,Tarjeta
P11575,2025-09-19,9,C014,Minimarket San Pedro 014,Minimarket,Lima,Lima,Tienda,Luis Paredes,HAR-03,Fideo tallarín 1 kg,Harinas y pastas,Molinos Valle Verde SA,7,7.2,0.05,47.88,36.26,11.62,Pagado,Plin
P11585,2025-09-19,9,C097,Bodega El Puerto 097,Bodega,Trujillo,Norte,Tienda,María Torres,GRA-02,Kiwicha pop 300 g,Granos andinos,Agroandina del Sur SAC,7,8.9,0.05,59.19,38.01,21.18,Pagado,Transferencia
P11676,2025-09-19,9,C129,Mayorista La Esperanza 129,Mayorista,Huánuco,Centro,Mayorista,Rosa Ccori,CAF-02,Café en grano 1 kg,Café y cacao,Café Selva Central SAC,8,46.0,0.08,338.56,209.76,128.8,Vencido,Transferencia
P11676,2025-09-19,9,C129,Mayorista La Esperanza 129,Mayorista,Huánuco,Centro,Mayorista,Rosa Ccori,CAF-01,Café tostado molido 500 g,Café y cacao,Café Selva Central SAC,24,24.0,0.08,529.92,334.08,195.84,Pagado,Transferencia
P11701,2025-09-19,9,C088,Empresa Pachamama 088,Empresa,Trujillo,Norte,Tienda,María Torres,CAF-01,Café tostado molido 500 g,Café y cacao,Café Selva Central SAC,3,24.0,0.02,70.56,41.76,28.8,Pagado,Transferencia
P11708,2025-09-19,9,C058,Restaurante La Familia 058,Restaurante,Lima,Lima,Tienda,Ana Quispe,LIM-05,Jabón de tocador x 3,Limpieza,Limpieza Total Perú SAC,9,6.5,0,58.5,39.24,19.26,Pagado,Transferencia
P11708,2025-09-19,9,C058,Restaurante La Familia 058,Restaurante,Lima,Lima,Tienda,Ana Quispe,LIM-03,Lavavajilla 900 g,Limpieza,Limpieza Total Perú SAC,2,8.2,0.05,15.58,10.5,5.08,Pagado,Efectivo
P11708,2025-09-19,9,C058,Restaurante La Familia 058,Restaurante,Lima,Lima,Tienda,Ana Quispe,BEB-01,Agua mineral 625 ml x 15,Bebidas,Bebidas Norte Pacífico SAC,9,18.0,0.05,153.9,100.44,53.46,Pagado,Efectivo
P11711,2025-09-19,9,C098,Empresa Pachamama 098,Empresa,Trujillo,Norte,Online,María Torres,GRA-05,Avena con quinua 900 g,Granos andinos,Agroandina del Sur SAC,8,11.5,0.05,87.4,61.68,25.72,Pagado,Efectivo
P11725,2025-09-19,9,C123,Minimarket La Victoria 123,Minimarket,Tacna,Sur,Tienda,Jorge Huamán,CAF-03,Cacao en polvo 250 g,Café y cacao,Café Selva Central SAC,10,12.5,0,125.0,75.0,50.0,Pagado,Tarjeta
P11732,2025-09-19,9,C090,Minimarket La Esperanza 090,Minimarket,Piura,Norte,Tienda,María Torres,CAF-05,Café instantáneo 200 g,Café y cacao,Café Selva Central SAC,6,21.0,0,126.0,79.38,46.62,Pagado,Yape
P11577,2025-09-20,9,C014,Minimarket San Pedro 014,Minimarket,Lima,Lima,Tienda,Ana Quispe,SNA-04,Maní salado 200 g x 12,Snacks,Snacks Costa Azul EIRL,9,30.0,0,270.0,167.4,102.6,Pagado,Transferencia
P11577,2025-09-20,9,C014,Minimarket San Pedro 014,Minimarket,Lima,Lima,Tienda,Ana Quispe,CAF-04,Chocolate para taza 180 g,Café y cacao,Café Selva Central SAC,11,9.9,0,108.9,67.54,41.36,Pagado,Yape
P11593,2025-09-20,9,C044,Bodega Inti 044,Bodega,Lima,Lima,WhatsApp,Luis Paredes,SNA-03,Galletas de avena x 24,Snacks,Snacks Costa Azul EIRL,8,22.0,0,176.0,114.4,61.6,Pagado,Plin
P11634,2025-09-20,9,C046,Restaurante Don Lucho 046,Restaurante,Lima,Lima,Tienda,Rodrigo Salas,LIM-03,Lavavajilla 900 g,Limpieza,Limpieza Total Perú SAC,9,8.2,0.176,60.81,47.25,13.56,Pagado,Yape
P11634,2025-09-20,9,C046,Restaurante Don Lucho 046,Restaurante,Lima,Lima,Tienda,Rodrigo Salas,LIM-04,Desinfectante 1.8 L,Limpieza,Limpieza Total Perú SAC,10,11.9,0.143,101.98,75.0,26.98,Pagado,Efectivo
P11644,2025-09-20,9,C128,Empresa Primavera 128,Empresa,Huancayo,Centro,Tienda,Rosa Ccori,HAR-05,Sémola 500 g,Harinas y pastas,Molinos Valle Verde SA,12,4.1,0.05,46.74,34.44,12.3,Vencido,Transferencia
P11644,2025-09-20,9,C128,Empresa Primavera 128,Empresa,Huancayo,Centro,Tienda,Rosa Ccori,GRA-05,Avena con quinua 900 g,Granos andinos,Agroandina del Sur SAC,2,11.5,0.02,22.54,15.42,7.12,Pagado,Transferencia
P11644,2025-09-20,9,C128,Empresa Primavera 128,Empresa,Huancayo,Centro,Tienda,Rosa Ccori,SNA-05,Camote frito 120 g x 10,Snacks,Snacks Costa Azul EIRL,10,31.0,0.02,303.8,182.9,120.9,Pagado,Transferencia
P11659,2025-09-20,9,C018,Bodega La Familia 018,Bodega,Lima,Lima,Tienda,Rodrigo Salas,LIM-01,Detergente 2 kg,Limpieza,Limpieza Total Perú SAC,5,19.5,0.11,86.78,67.25,19.53,Pagado,Yape
P11728,2025-09-20,9,C008,Minimarket El Trébol 008,Minimarket,Lima,Lima,Tienda,Rodrigo Salas,CAF-05,Café instantáneo 200 g,Café y cacao,Café Selva Central SAC,3,21.0,0.149,53.61,39.69,13.92,Pagado,Yape
P11731,2025-09-20,9,C099,Restaurante Los Andes 099,Restaurante,Cusco,Sur,WhatsApp,Jorge Huamán,GRA-03,Maca en polvo 250 g,Granos andinos,Agroandina del Sur SAC,11,17.0,0.02,183.26,102.85,80.41,Pagado,Transferencia
P11731,2025-09-20,9,C099,Restaurante Los Andes 099,Restaurante,Cusco,Sur,WhatsApp,Jorge Huamán,LIM-04,Desinfectante 1.8 L,Limpieza,Limpieza Total Perú SAC,11,11.9,0,130.9,82.5,48.4,Pagado,Tarjeta
P11736,2025-09-20,9,C017,Minimarket El Progreso 017,Minimarket,Lima,Lima,Online,Luis Paredes,HAR-02,Fideo spaghetti 500 g,Harinas y pastas,Molinos Valle Verde SA,2,3.9,0.05,7.41,5.54,1.87,Pagado,Yape
P11745,2025-09-20,9,C064,Restaurante La Victoria 064,Restaurante,Lima,Lima,Tienda,Ana Quispe,GRA-01,Quinua blanca 1 kg,Granos andinos,Agroandina del Sur SAC,3,14.5,0.03,42.2,28.71,13.49,Pagado,Yape
P11601,2025-09-21,9,C068,Minimarket San Pedro 068,Minimarket,Lima,Lima,Tienda,Luis Paredes,BEB-02,Gaseosa 3 L x 4,Bebidas,Bebidas Norte Pacífico SAC,10,32.0,0.05,304.0,217.6,86.4,Pagado,Yape
P11601,2025-09-21,9,C068,Minimarket San Pedro 068,Minimarket,Lima,Lima,Tienda,Luis Paredes,CAF-01,Café tostado molido 500 g,Café y cacao,Café Selva Central SAC,10,24.0,0,240.0,139.2,100.8,Pagado,Transferencia
P11622,2025-09-21,9,C099,Restaurante Los Andes 099,Restaurante,Cusco,Sur,Tienda,Jorge Huamán,SNA-04,Maní salado 200 g x 12,Snacks,Snacks Costa Azul EIRL,3,30.0,0.03,87.3,55.8,31.5,Pagado,Efectivo
P11622,2025-09-21,9,C099,Restaurante Los Andes 099,Restaurante,Cusco,Sur,Tienda,Jorge Huamán,SNA-03,Galletas de avena x 24,Snacks,Snacks Costa Azul EIRL,11,22.0,0,242.0,157.3,84.7,Pagado,Plin
P11625,2025-09-21,9,C045,Minimarket Inti 045,Minimarket,Lima,Lima,Tienda,Luis Paredes,LIM-03,Lavavajilla 900 g,Limpieza,Limpieza Total Perú SAC,11,8.2,0.03,87.49,57.75,29.74,Pagado,Efectivo
P11625,2025-09-21,9,C045,Minimarket Inti 045,Minimarket,Lima,Lima,Tienda,Luis Paredes,SNA-03,Galletas de avena x 24,Snacks,Snacks Costa Azul EIRL,12,22.0,0.05,250.8,171.6,79.2,Pagado,Yape
P11625,2025-09-21,9,C045,Minimarket Inti 045,Minimarket,Lima,Lima,Tienda,Luis Paredes,SNA-02,Chifles 150 g x 10,Snacks,Snacks Costa Azul EIRL,7,28.0,0.02,192.08,113.68,78.4,Pagado,Tarjeta
P11640,2025-09-21,9,C057,Bodega La Victoria 057,Bodega,Lima,Lima,Tienda,Luis Paredes,HAR-05,Sémola 500 g,Harinas y pastas,Molinos Valle Verde SA,2,4.1,0,8.2,5.74,2.46,Pagado,Efectivo
P11643,2025-09-21,9,C054,Bodega Nueva Era 054,Bodega,Lima,Lima,Tienda,Rodrigo Salas,BEB-05,Té helado 500 ml x 12,Bebidas,Bebidas Norte Pacífico SAC,8,29.0,0.159,195.11,141.52,53.59,Pagado,Efectivo
P11643,2025-09-21,9,C054,Bodega Nueva Era 054,Bodega,Lima,Lima,Tienda,Rodrigo Salas,CAF-04,Chocolate para taza 180 g,Café y cacao,Café Selva Central SAC,2,9.9,0.131,17.21,12.28,4.93,Pagado,Efectivo
P11651,2025-09-21,9,C017,Minimarket El Progreso 017,Minimarket,Lima,Lima,Tienda,Rodrigo Salas,BEB-03,Néctar de durazno 1 L x 6,Bebidas,Bebidas Norte Pacífico SAC,12,27.0,0.18,265.68,207.36,58.32,Pagado,Tarjeta
P11666,2025-09-21,9,C118,Bodega El Sol 118,Bodega,Cusco,Sur,Tienda,Jorge Huamán,LIM-05,Jabón de tocador x 3,Limpieza,Limpieza Total Perú SAC,5,6.5,0,32.5,21.8,10.7,Pagado,Transferencia
P11666,2025-09-21,9,C118,Bodega El Sol 118,Bodega,Cusco,Sur,Tienda,Jorge Huamán,SNA-03,Galletas de avena x 24,Snacks,Snacks Costa Azul EIRL,12,22.0,0.02,258.72,171.6,87.12,Pagado,Yape
P11666,2025-09-21,9,C118,Bodega El Sol 118,Bodega,Cusco,Sur,Tienda,Jorge Huamán,SNA-04,Maní salado 200 g x 12,Snacks,Snacks Costa Azul EIRL,10,30.0,0.03,291.0,186.0,105.0,Pagado,Transferencia
P11683,2025-09-21,9,C107,Minimarket Mi Perú 107,Minimarket,Cusco,Sur,Tienda,Jorge Huamán,GRA-05,Avena con quinua 900 g,Granos andinos,Agroandina del Sur SAC,3,11.5,0,34.5,23.13,11.37,Pagado,Yape
P11683,2025-09-21,9,C107,Minimarket Mi Perú 107,Minimarket,Cusco,Sur,Tienda,Jorge Huamán,HAR-01,Harina sin preparar 1 kg,Harinas y pastas,Molinos Valle Verde SA,5,5.4,0.05,25.65,20.0,5.65,Pagado,Tarjeta
P11695,2025-09-21,9,C016,Cafetería Primavera 016,Cafetería,Lima,Lima,WhatsApp,Rodrigo Salas,LIM-03,Lavavajilla 900 g,Limpieza,Limpieza Total Perú SAC,7,8.2,0.132,49.82,36.75,13.07,Pagado,Transferencia
P11763,2025-09-21,9,C106,Cafetería El Progreso 106,Cafetería,Cusco,Sur,Tienda,Jorge Huamán,LIM-03,Lavavajilla 900 g,Limpieza,Limpieza Total Perú SAC,2,8.2,0.05,15.58,10.5,5.08,Pagado,Yape
P11767,2025-09-21,9,C092,Cafetería El Progreso 092,Cafetería,Chiclayo,Norte,Tienda,María Torres,GRA-02,Kiwicha pop 300 g,Granos andinos,Agroandina del Sur SAC,8,8.9,0.02,69.78,43.44,26.34,Pagado,Efectivo
P11767,2025-09-21,9,C092,Cafetería El Progreso 092,Cafetería,Chiclayo,Norte,Tienda,María Torres,CAF-02,Café en grano 1 kg,Café y cacao,Café Selva Central SAC,11,46.0,0.02,495.88,288.42,207.46,Pagado,Yape
P11591,2025-09-22,9,C110,Bodega La Esperanza 110,Bodega,Arequipa,Sur,Tienda,Jorge Huamán,SNA-05,Camote frito 120 g x 10,Snacks,Snacks Costa Azul EIRL,11,31.0,0.02,334.18,201.19,132.99,Pagado,Transferencia
P11591,2025-09-22,9,C110,Bodega La Esperanza 110,Bodega,Arequipa,Sur,Tienda,Jorge Huamán,GRA-02,Kiwicha pop 300 g,Granos andinos,Agroandina del Sur SAC,3,8.9,0.03,25.9,16.29,9.61,Pagado,Plin
P11624,2025-09-22,9,C039,Cafetería El Progreso 039,Cafetería,Lima,Lima,Tienda,Luis Paredes,LIM-05,Jabón de tocador x 3,Limpieza,Limpieza Total Perú SAC,8,6.5,0,52.0,34.88,17.12,Vencido,Yape
P11624,2025-09-22,9,C039,Cafetería El Progreso 039,Cafetería,Lima,Lima,Tienda,Luis Paredes,LIM-04,Desinfectante 1.8 L,Limpieza,Limpieza Total Perú SAC,9,11.9,0,107.1,67.5,39.6,Pagado,Yape
P11682,2025-09-22,9,C112,Minimarket La Familia 112,Minimarket,Cusco,Sur,Tienda,Jorge Huamán,HAR-05,Sémola 500 g,Harinas y pastas,Molinos Valle Verde SA,3,4.1,0.03,11.93,8.61,3.32,Vencido,Transferencia
P11682,2025-09-22,9,C112,Minimarket La Familia 112,Minimarket,Cusco,Sur,Tienda,Jorge Huamán,BEB-04,Bebida rehidratante 500 ml x 12,Bebidas,Bebidas Norte Pacífico SAC,12,33.0,0,396.0,249.48,146.52,Pagado,Yape
P11682,2025-09-22,9,C112,Minimarket La Familia 112,Minimarket,Cusco,Sur,Tienda,Jorge Huamán,SNA-04,Maní salado 200 g x 12,Snacks,Snacks Costa Azul EIRL,8,30.0,0.02,235.2,148.8,86.4,Pagado,Plin
P11688,2025-09-22,9,C057,Bodega La Victoria 057,Bodega,Lima,Lima,Tienda,Ana Quispe,CAF-02,Café en grano 1 kg,Café y cacao,Café Selva Central SAC,2,46.0,0,92.0,52.44,39.56,Pagado,Yape
P11688,2025-09-22,9,C057,Bodega La Victoria 057,Bodega,Lima,Lima,Tienda,Ana Quispe,SNA-02,Chifles 150 g x 10,Snacks,Snacks Costa Azul EIRL,4,28.0,0.03,108.64,64.96,43.68,Pagado,Yape
P11703,2025-09-22,9,C109,Bodega Los Andes 109,Bodega,Tacna,Sur,Tienda,Jorge Huamán,HAR-05,Sémola 500 g,Harinas y pastas,Molinos Valle Verde SA,12,4.1,0,49.2,34.44,14.76,Pagado,Yape
P11703,2025-09-22,9,C109,Bodega Los Andes 109,Bodega,Tacna,Sur,Tienda,Jorge Huamán,GRA-03,Maca en polvo 250 g,Granos andinos,Agroandina del Sur SAC,10,17.0,0.03,164.9,93.5,71.4,Pagado,Tarjeta
P11734,2025-09-22,9,C123,Minimarket La Victoria 123,Minimarket,Tacna,Sur,Tienda,Jorge Huamán,SNA-01,Papas nativas 120 g x 10,Snacks,Snacks Costa Azul EIRL,5,35.0,0.02,171.5,105.0,66.5,Pagado,Yape
P11734,2025-09-22,9,C123,Minimarket La Victoria 123,Minimarket,Tacna,Sur,Tienda,Jorge Huamán,CAF-01,Café tostado molido 500 g,Café y cacao,Café Selva Central SAC,4,24.0,0,96.0,55.68,40.32,Pagado,Transferencia
P11757,2025-09-22,9,C132,Restaurante Nueva Era 132,Restaurante,Huánuco,Centro,Tienda,Rosa Ccori,GRA-02,Kiwicha pop 300 g,Granos andinos,Agroandina del Sur SAC,5,8.9,0,44.5,27.15,17.35,Pagado,Transferencia
P11584,2025-09-23,9,C072,Empresa Santa Rosa 072,Empresa,Trujillo,Norte,Tienda,María Torres,HAR-03,Fideo tallarín 1 kg,Harinas y pastas,Molinos Valle Verde SA,2,7.2,0.02,14.11,10.36,3.75,Pagado,Yape
P11584,2025-09-23,9,C072,Empresa Santa Rosa 072,Empresa,Trujillo,Norte,Tienda,María Torres,HAR-02,Fideo spaghetti 500 g,Harinas y pastas,Molinos Valle Verde SA,12,3.9,0.05,44.46,33.24,11.22,Pagado,Transferencia
P11602,2025-09-23,9,C116,Bodega Las Flores 116,Bodega,Tacna,Sur,Online,Jorge Huamán,LIM-03,Lavavajilla 900 g,Limpieza,Limpieza Total Perú SAC,4,8.2,0,32.8,21.0,11.8,Pagado,Yape
P11602,2025-09-23,9,C116,Bodega Las Flores 116,Bodega,Tacna,Sur,Online,Jorge Huamán,CAF-02,Café en grano 1 kg,Café y cacao,Café Selva Central SAC,7,46.0,0.02,315.56,183.54,132.02,Pagado,Yape
P11602,2025-09-23,9,C116,Bodega Las Flores 116,Bodega,Tacna,Sur,Online,Jorge Huamán,CAF-01,Café tostado molido 500 g,Café y cacao,Café Selva Central SAC,4,24.0,0.05,91.2,55.68,35.52,Pagado,Transferencia
P11612,2025-09-23,9,C127,Minimarket El Progreso 127,Minimarket,Huánuco,Centro,Tienda,Rosa Ccori,HAR-02,Fideo spaghetti 500 g,Harinas y pastas,Molinos Valle Verde SA,8,3.9,0.03,30.26,22.16,8.1,Vencido,Transferencia
P11612,2025-09-23,9,C127,Minimarket El Progreso 127,Minimarket,Huánuco,Centro,Tienda,Rosa Ccori,LIM-03,Lavavajilla 900 g,Limpieza,Limpieza Total Perú SAC,3,8.2,0.03,23.86,15.75,8.11,Pagado,Transferencia
P11612,2025-09-23,9,C127,Minimarket El Progreso 127,Minimarket,Huánuco,Centro,Tienda,Rosa Ccori,SNA-02,Chifles 150 g x 10,Snacks,Snacks Costa Azul EIRL,5,28.0,0.05,133.0,81.2,51.8,Pagado,Transferencia
P11633,2025-09-23,9,C003,Bodega La Esperanza 003,Bodega,Lima,Lima,Tienda,Luis Paredes,HAR-03,Fideo tallarín 1 kg,Harinas y pastas,Molinos Valle Verde SA,4,7.2,0.03,27.94,20.72,7.22,Pagado,Plin
P11633,2025-09-23,9,C003,Bodega La Esperanza 003,Bodega,Lima,Lima,Tienda,Luis Paredes,SNA-03,Galletas de avena x 24,Snacks,Snacks Costa Azul EIRL,8,22.0,0,176.0,114.4,61.6,Pagado,Yape
P11642,2025-09-23,9,C093,Empresa Pachamama 093,Empresa,Piura,Norte,Tienda,María Torres,SNA-02,Chifles 150 g x 10,Snacks,Snacks Costa Azul EIRL,5,28.0,0.02,137.2,81.2,56.0,Pagado,Transferencia
P11646,2025-09-23,9,C122,Bodega El Ahorro 122,Bodega,Tacna,Sur,Tienda,Jorge Huamán,LIM-02,Lejía 4 L,Limpieza,Limpieza Total Perú SAC,4,9.8,0.02,38.42,25.88,12.54,Pagado,Tarjeta
P11646,2025-09-23,9,C122,Bodega El Ahorro 122,Bodega,Tacna,Sur,Tienda,Jorge Huamán,GRA-02,Kiwicha pop 300 g,Granos andinos,Agroandina del Sur SAC,12,8.9,0.05,101.46,65.16,36.3,Pagado,Transferencia
P11646,2025-09-23,9,C122,Bodega El Ahorro 122,Bodega,Tacna,Sur,Tienda,Jorge Huamán,CAF-01,Café tostado molido 500 g,Café y cacao,Café Selva Central SAC,12,24.0,0,288.0,167.04,120.96,Pagado,Efectivo
P11678,2025-09-23,9,C043,Restaurante Mi Perú 043,Restaurante,Lima,Lima,Tienda,Rodrigo Salas,HAR-04,Harina preparada 1 kg,Harinas y pastas,Molinos Valle Verde SA,3,6.3,0.103,16.95,13.8,3.15,Pagado,Efectivo
P11687,2025-09-23,9,C131,Bodega Virgen de Fátima 131,Bodega,Huánuco,Centro,Tienda,Rosa Ccori,HAR-03,Fideo tallarín 1 kg,Harinas y pastas,Molinos Valle Verde SA,10,7.2,0.02,70.56,51.8,18.76,Pagado,Tarjeta
P11753,2025-09-23,9,C084,Bodega El Progreso 084,Bodega,Piura,Norte,Tienda,María Torres,LIM-05,Jabón de tocador x 3,Limpieza,Limpieza Total Perú SAC,5,6.5,0.03,31.52,21.8,9.72,Pagado,Transferencia
P11753,2025-09-23,9,C084,Bodega El Progreso 084,Bodega,Piura,Norte,Tienda,María Torres,HAR-02,Fideo spaghetti 500 g,Harinas y pastas,Molinos Valle Verde SA,9,3.9,0,35.1,24.93,10.17,Vencido,Efectivo
P11608,2025-09-24,9,C037,Bodega El Trébol 037,Bodega,Lima,Lima,Tienda,Rodrigo Salas,LIM-01,Detergente 2 kg,Limpieza,Limpieza Total Perú SAC,5,19.5,0.127,85.12,67.25,17.87,Pagado,Yape
P11608,2025-09-24,9,C037,Bodega El Trébol 037,Bodega,Lima,Lima,Tienda,Rodrigo Salas,SNA-04,Maní salado 200 g x 12,Snacks,Snacks Costa Azul EIRL,11,30.0,0.131,286.77,204.6,82.17,Pagado,Yape
P11609,2025-09-24,9,C097,Bodega El Puerto 097,Bodega,Trujillo,Norte,Tienda,María Torres,SNA-02,Chifles 150 g x 10,Snacks,Snacks Costa Azul EIRL,8,28.0,0.03,217.28,129.92,87.36,Pagado,Efectivo
P11609,2025-09-24,9,C097,Bodega El Puerto 097,Bodega,Trujillo,Norte,Tienda,María Torres,LIM-03,Lavavajilla 900 g,Limpieza,Limpieza Total Perú SAC,5,8.2,0,41.0,26.25,14.75,Pagado,Transferencia
P11626,2025-09-24,9,C035,Bodega El Trébol 035,Bodega,Lima,Lima,Online,Ana Quispe,CAF-05,Café instantáneo 200 g,Café y cacao,Café Selva Central SAC,3,21.0,0,63.0,39.69,23.31,Pagado,Yape
P11667,2025-09-24,9,C050,Mayorista El Sol 050,Mayorista,Lima,Lima,Mayorista,Rodrigo Salas,CAF-02,Café en grano 1 kg,Café y cacao,Café Selva Central SAC,48,46.0,0.133,1914.34,1258.56,655.78,Pagado,Transferencia
P11684,2025-09-24,9,C140,Minimarket San Pedro 140,Minimarket,Huancayo,Centro,Online,Rosa Ccori,LIM-04,Desinfectante 1.8 L,Limpieza,Limpieza Total Perú SAC,4,11.9,0.02,46.65,30.0,16.65,Vencido,Plin
P11684,2025-09-24,9,C140,Minimarket San Pedro 140,Minimarket,Huancayo,Centro,Online,Rosa Ccori,BEB-04,Bebida rehidratante 500 ml x 12,Bebidas,Bebidas Norte Pacífico SAC,3,33.0,0,99.0,62.37,36.63,Pagado,Plin
P11743,2025-09-24,9,C126,Restaurante La Familia 126,Restaurante,Arequipa,Sur,Tienda,Jorge Huamán,SNA-02,Chifles 150 g x 10,Snacks,Snacks Costa Azul EIRL,2,28.0,0,56.0,32.48,23.52,Vencido,Efectivo
P11744,2025-09-24,9,C126,Restaurante La Familia 126,Restaurante,Arequipa,Sur,Tienda,Jorge Huamán,SNA-05,Camote frito 120 g x 10,Snacks,Snacks Costa Azul EIRL,10,31.0,0.03,300.7,182.9,117.8,Pagado,Yape
P11744,2025-09-24,9,C126,Restaurante La Familia 126,Restaurante,Arequipa,Sur,Tienda,Jorge Huamán,SNA-02,Chifles 150 g x 10,Snacks,Snacks Costa Azul EIRL,7,28.0,0,196.0,113.68,82.32,Pagado,Tarjeta
P11760,2025-09-24,9,C139,Minimarket Virgen de Fátima 139,Minimarket,Huancayo,Centro,Tienda,Rosa Ccori,CAF-02,Café en grano 1 kg,Café y cacao,Café Selva Central SAC,11,46.0,0,506.0,288.42,217.58,Pagado,Transferencia
P11580,2025-09-25,9,C006,Bodega Mi Perú 006,Bodega,Lima,Lima,Online,Luis Paredes,GRA-04,Chía 500 g,Granos andinos,Agroandina del Sur SAC,6,13.0,0,78.0,49.92,28.08,Pagado,Transferencia
P11580,2025-09-25,9,C006,Bodega Mi Perú 006,Bodega,Lima,Lima,Online,Luis Paredes,SNA-01,Papas nativas 120 g x 10,Snacks,Snacks Costa Azul EIRL,6,35.0,0,210.0,126.0,84.0,Pagado,Transferencia
P11580,2025-09-25,9,C006,Bodega Mi Perú 006,Bodega,Lima,Lima,Online,Luis Paredes,LIM-02,Lejía 4 L,Limpieza,Limpieza Total Perú SAC,11,9.8,0.05,102.41,71.17,31.24,Pagado,Transferencia
P11613,2025-09-25,9,C064,Restaurante La Victoria 064,Restaurante,Lima,Lima,Tienda,Rodrigo Salas,HAR-02,Fideo spaghetti 500 g,Harinas y pastas,Molinos Valle Verde SA,9,3.9,0.172,29.06,24.93,4.13,Pagado,Yape
P11613,2025-09-25,9,C064,Restaurante La Victoria 064,Restaurante,Lima,Lima,Tienda,Rodrigo Salas,GRA-01,Quinua blanca 1 kg,Granos andinos,Agroandina del Sur SAC,5,14.5,0.12,63.8,47.85,15.95,Pagado,Tarjeta
P11613,2025-09-25,9,C064,Restaurante La Victoria 064,Restaurante,Lima,Lima,Tienda,Rodrigo Salas,GRA-03,Maca en polvo 250 g,Granos andinos,Agroandina del Sur SAC,8,17.0,0.15,115.6,74.8,40.8,Pagado,Efectivo
P11627,2025-09-25,9,C038,Bodega El Ahorro 038,Bodega,Lima,Lima,Tienda,Luis Paredes,SNA-01,Papas nativas 120 g x 10,Snacks,Snacks Costa Azul EIRL,8,35.0,0.02,274.4,168.0,106.4,Pagado,Efectivo
P11627,2025-09-25,9,C038,Bodega El Ahorro 038,Bodega,Lima,Lima,Tienda,Luis Paredes,BEB-02,Gaseosa 3 L x 4,Bebidas,Bebidas Norte Pacífico SAC,8,32.0,0,256.0,174.08,81.92,Pagado,Tarjeta
P11627,2025-09-25,9,C038,Bodega El Ahorro 038,Bodega,Lima,Lima,Tienda,Luis Paredes,LIM-01,Detergente 2 kg,Limpieza,Limpieza Total Perú SAC,10,19.5,0.03,189.15,134.5,54.65,Pagado,Efectivo
P11630,2025-09-25,9,C117,Empresa Mi Perú 117,Empresa,Arequipa,Sur,Tienda,Jorge Huamán,BEB-03,Néctar de durazno 1 L x 6,Bebidas,Bebidas Norte Pacífico SAC,5,27.0,0.03,130.95,86.4,44.55,Pagado,Transferencia
P11630,2025-09-25,9,C117,Empresa Mi Perú 117,Empresa,Arequipa,Sur,Tienda,Jorge Huamán,HAR-04,Harina preparada 1 kg,Harinas y pastas,Molinos Valle Verde SA,7,6.3,0.05,41.89,32.2,9.69,Pagado,Plin
P11675,2025-09-25,9,C013,Empresa Nueva Era 013,Empresa,Lima,Lima,Tienda,Ana Quispe,BEB-02,Gaseosa 3 L x 4,Bebidas,Bebidas Norte Pacífico SAC,6,32.0,0.05,182.4,130.56,51.84,Pagado,Transferencia
P11675,2025-09-25,9,C013,Empresa Nueva Era 013,Empresa,Lima,Lima,Tienda,Ana Quispe,BEB-01,Agua mineral 625 ml x 15,Bebidas,Bebidas Norte Pacífico SAC,4,18.0,0,72.0,44.64,27.36,Pagado,Transferencia
P11699,2025-09-25,9,C122,Bodega El Ahorro 122,Bodega,Tacna,Sur,Tienda,Jorge Huamán,LIM-05,Jabón de tocador x 3,Limpieza,Limpieza Total Perú SAC,8,6.5,0,52.0,34.88,17.12,Vencido,Efectivo
P11700,2025-09-25,9,C012,Cafetería Pachamama 012,Cafetería,Lima,Lima,Tienda,Luis Paredes,LIM-02,Lejía 4 L,Limpieza,Limpieza Total Perú SAC,3,9.8,0,29.4,19.41,9.99,Pagado,Yape
P11740,2025-09-25,9,C013,Empresa Nueva Era 013,Empresa,Lima,Lima,Online,Luis Paredes,CAF-03,Cacao en polvo 250 g,Café y cacao,Café Selva Central SAC,9,12.5,0.03,109.12,67.5,41.62,Pagado,Tarjeta
P11749,2025-09-25,9,C035,Bodega El Trébol 035,Bodega,Lima,Lima,Tienda,Rodrigo Salas,BEB-02,Gaseosa 3 L x 4,Bebidas,Bebidas Norte Pacífico SAC,8,32.0,0.121,225.02,174.08,50.94,Pagado,Efectivo
P11749,2025-09-25,9,C035,Bodega El Trébol 035,Bodega,Lima,Lima,Tienda,Rodrigo Salas,CAF-01,Café tostado molido 500 g,Café y cacao,Café Selva Central SAC,12,24.0,0.175,237.6,167.04,70.56,Pagado,Yape
P11589,2025-09-26,9,C098,Empresa Pachamama 098,Empresa,Trujillo,Norte,Tienda,María Torres,GRA-02,Kiwicha pop 300 g,Granos andinos,Agroandina del Sur SAC,5,8.9,0,44.5,27.15,17.35,Pagado,Yape
P11597,2025-09-26,9,C114,Restaurante San Martín 114,Restaurante,Tacna,Sur,Tienda,Jorge Huamán,BEB-03,Néctar de durazno 1 L x 6,Bebidas,Bebidas Norte Pacífico SAC,11,27.0,0,297.0,190.08,106.92,Pagado,Transferencia
P11597,2025-09-26,9,C114,Restaurante San Martín 114,Restaurante,Tacna,Sur,Tienda,Jorge Huamán,HAR-02,Fideo spaghetti 500 g,Harinas y pastas,Molinos Valle Verde SA,8,3.9,0.05,29.64,22.16,7.48,Pagado,Transferencia
P11600,2025-09-26,9,C025,Minimarket Don Lucho 025,Minimarket,Lima,Lima,Tienda,Luis Paredes,GRA-01,Quinua blanca 1 kg,Granos andinos,Agroandina del Sur SAC,12,14.5,0,174.0,114.84,59.16,Pagado,Efectivo
P11600,2025-09-26,9,C025,Minimarket Don Lucho 025,Minimarket,Lima,Lima,Tienda,Luis Paredes,HAR-04,Harina preparada 1 kg,Harinas y pastas,Molinos Valle Verde SA,5,6.3,0,31.5,23.0,8.5,Pagado,Transferencia
P11600,2025-09-26,9,C025,Minimarket Don Lucho 025,Minimarket,Lima,Lima,Tienda,Luis Paredes,CAF-05,Café instantáneo 200 g,Café y cacao,Café Selva Central SAC,11,21.0,0,231.0,145.53,85.47,Pagado,Yape
P11641,2025-09-26,9,C091,Cafetería El Puerto 091,Cafetería,Chiclayo,Norte,Tienda,María Torres,SNA-05,Camote frito 120 g x 10,Snacks,Snacks Costa Azul EIRL,4,31.0,0.03,120.28,73.16,47.12,Pagado,Transferencia
P11655,2025-09-26,9,C039,Cafetería El Progreso 039,Cafetería,Lima,Lima,Online,Ana Quispe,HAR-02,Fideo spaghetti 500 g,Harinas y pastas,Molinos Valle Verde SA,3,3.9,0,11.7,8.31,3.39,Pagado,Transferencia
P11655,2025-09-26,9,C039,Cafetería El Progreso 039,Cafetería,Lima,Lima,Online,Ana Quispe,GRA-01,Quinua blanca 1 kg,Granos andinos,Agroandina del Sur SAC,3,14.5,0.02,42.63,28.71,13.92,Pagado,Transferencia
P11657,2025-09-26,9,C138,Restaurante Las Flores 138,Restaurante,Huánuco,Centro,Tienda,Rosa Ccori,HAR-01,Harina sin preparar 1 kg,Harinas y pastas,Molinos Valle Verde SA,9,5.4,0.03,47.14,36.0,11.14,Pagado,Transferencia
P11657,2025-09-26,9,C138,Restaurante Las Flores 138,Restaurante,Huánuco,Centro,Tienda,Rosa Ccori,LIM-05,Jabón de tocador x 3,Limpieza,Limpieza Total Perú SAC,12,6.5,0.02,76.44,52.32,24.12,Pagado,Transferencia
P11657,2025-09-26,9,C138,Restaurante Las Flores 138,Restaurante,Huánuco,Centro,Tienda,Rosa Ccori,HAR-03,Fideo tallarín 1 kg,Harinas y pastas,Molinos Valle Verde SA,12,7.2,0,86.4,62.16,24.24,Pagado,Tarjeta
P11660,2025-09-26,9,C063,Restaurante Don Lucho 063,Restaurante,Lima,Lima,WhatsApp,Rodrigo Salas,LIM-04,Desinfectante 1.8 L,Limpieza,Limpieza Total Perú SAC,4,11.9,0.118,41.98,30.0,11.98,Pagado,Yape
P11660,2025-09-26,9,C063,Restaurante Don Lucho 063,Restaurante,Lima,Lima,WhatsApp,Rodrigo Salas,BEB-02,Gaseosa 3 L x 4,Bebidas,Bebidas Norte Pacífico SAC,5,32.0,0.157,134.88,108.8,26.08,Pagado,Transferencia
P11677,2025-09-26,9,C072,Empresa Santa Rosa 072,Empresa,Trujillo,Norte,WhatsApp,María Torres,SNA-01,Papas nativas 120 g x 10,Snacks,Snacks Costa Azul EIRL,7,35.0,0,245.0,147.0,98.0,Pagado,Yape
P11677,2025-09-26,9,C072,Empresa Santa Rosa 072,Empresa,Trujillo,Norte,WhatsApp,María Torres,CAF-01,Café tostado molido 500 g,Café y cacao,Café Selva Central SAC,7,24.0,0.03,162.96,97.44,65.52,Pagado,Tarjeta
P11677,2025-09-26,9,C072,Empresa Santa Rosa 072,Empresa,Trujillo,Norte,WhatsApp,María Torres,SNA-02,Chifles 150 g x 10,Snacks,Snacks Costa Azul EIRL,10,28.0,0.02,274.4,162.4,112.0,Pagado,Transferencia
P11709,2025-09-26,9,C117,Empresa Mi Perú 117,Empresa,Arequipa,Sur,WhatsApp,Jorge Huamán,HAR-04,Harina preparada 1 kg,Harinas y pastas,Molinos Valle Verde SA,5,6.3,0.02,30.87,23.0,7.87,Pagado,Transferencia
P11709,2025-09-26,9,C117,Empresa Mi Perú 117,Empresa,Arequipa,Sur,WhatsApp,Jorge Huamán,LIM-03,Lavavajilla 900 g,Limpieza,Limpieza Total Perú SAC,3,8.2,0.03,23.86,15.75,8.11,Pagado,Plin
P11709,2025-09-26,9,C117,Empresa Mi Perú 117,Empresa,Arequipa,Sur,WhatsApp,Jorge Huamán,LIM-04,Desinfectante 1.8 L,Limpieza,Limpieza Total Perú SAC,12,11.9,0.05,135.66,90.0,45.66,Pagado,Plin
P11715,2025-09-26,9,C077,Mayorista Inti 077,Mayorista,Trujillo,Norte,Mayorista,María Torres,CAF-05,Café instantáneo 200 g,Café y cacao,Café Selva Central SAC,20,21.0,0.08,386.4,264.6,121.8,Pagado,Transferencia
P11715,2025-09-26,9,C077,Mayorista Inti 077,Mayorista,Trujillo,Norte,Mayorista,María Torres,GRA-04,Chía 500 g,Granos andinos,Agroandina del Sur SAC,32,13.0,0.08,382.72,266.24,116.48,Pagado,Transferencia
P11729,2025-09-26,9,C093,Empresa Pachamama 093,Empresa,Piura,Norte,Tienda,María Torres,HAR-04,Harina preparada 1 kg,Harinas y pastas,Molinos Valle Verde SA,10,6.3,0,63.0,46.0,17.0,Pagado,Transferencia
P11729,2025-09-26,9,C093,Empresa Pachamama 093,Empresa,Piura,Norte,Tienda,María Torres,CAF-03,Cacao en polvo 250 g,Café y cacao,Café Selva Central SAC,12,12.5,0.02,147.0,90.0,57.0,Pagado,Yape
P11617,2025-09-27,9,C123,Minimarket La Victoria 123,Minimarket,Tacna,Sur,Tienda,Jorge Huamán,LIM-03,Lavavajilla 900 g,Limpieza,Limpieza Total Perú SAC,12,8.2,0.05,93.48,63.0,30.48,Pagado,Efectivo
P11620,2025-09-27,9,C041,Bodega Santa Rosa 041,Bodega,Lima,Lima,Tienda,Rodrigo Salas,CAF-04,Chocolate para taza 180 g,Café y cacao,Café Selva Central SAC,5,9.9,0.168,41.18,30.7,10.48,Pagado,Transferencia
P11620,2025-09-27,9,C041,Bodega Santa Rosa 041,Bodega,Lima,Lima,Tienda,Rodrigo Salas,SNA-03,Galletas de avena x 24,Snacks,Snacks Costa Azul EIRL,7,22.0,0.169,127.97,100.1,27.87,Pagado,Transferencia
P11620,2025-09-27,9,C041,Bodega Santa Rosa 041,Bodega,Lima,Lima,Tienda,Rodrigo Salas,LIM-01,Detergente 2 kg,Limpieza,Limpieza Total Perú SAC,11,19.5,0.154,181.47,147.95,33.52,Pagado,Transferencia
P11668,2025-09-27,9,C036,Restaurante El Ahorro 036,Restaurante,Lima,Lima,WhatsApp,Luis Paredes,CAF-03,Cacao en polvo 250 g,Café y cacao,Café Selva Central SAC,8,12.5,0.02,98.0,60.0,38.0,Pagado,Efectivo
P11670,2025-09-27,9,C023,Bodega El Sol 023,Bodega,Lima,Lima,WhatsApp,Rodrigo Salas,LIM-05,Jabón de tocador x 3,Limpieza,Limpieza Total Perú SAC,6,6.5,0.103,34.98,26.16,8.82,Pagado,Tarjeta
P11670,2025-09-27,9,C023,Bodega El Sol 023,Bodega,Lima,Lima,WhatsApp,Rodrigo Salas,LIM-03,Lavavajilla 900 g,Limpieza,Limpieza Total Perú SAC,5,8.2,0.172,33.95,26.25,7.7,Pagado,Tarjeta
P11761,2025-09-27,9,C120,Restaurante Virgen de Fátima 120,Restaurante,Cusco,Sur,Tienda,Jorge Huamán,SNA-05,Camote frito 120 g x 10,Snacks,Snacks Costa Azul EIRL,2,31.0,0,62.0,36.58,25.42,Pagado,Plin
P11761,2025-09-27,9,C120,Restaurante Virgen de Fátima 120,Restaurante,Cusco,Sur,Tienda,Jorge Huamán,SNA-03,Galletas de avena x 24,Snacks,Snacks Costa Azul EIRL,6,22.0,0,132.0,85.8,46.2,Pagado,Efectivo
P11590,2025-09-28,9,C084,Bodega El Progreso 084,Bodega,Piura,Norte,Tienda,María Torres,HAR-03,Fideo tallarín 1 kg,Harinas y pastas,Molinos Valle Verde SA,10,7.2,0.03,69.84,51.8,18.04,Pagado,Transferencia
P11596,2025-09-28,9,C092,Cafetería El Progreso 092,Cafetería,Chiclayo,Norte,Tienda,María Torres,GRA-01,Quinua blanca 1 kg,Granos andinos,Agroandina del Sur SAC,9,14.5,0.02,127.89,86.13,41.76,Pagado,Yape
P11632,2025-09-28,9,C075,Mayorista Santa Rosa 075,Mayorista,Trujillo,Norte,Mayorista,María Torres,GRA-02,Kiwicha pop 300 g,Granos andinos,Agroandina del Sur SAC,12,8.9,0.08,98.26,65.16,33.1,Pagado,Transferencia
P11632,2025-09-28,9,C075,Mayorista Santa Rosa 075,Mayorista,Trujillo,Norte,Mayorista,María Torres,SNA-03,Galletas de avena x 24,Snacks,Snacks Costa Azul EIRL,8,22.0,0.08,161.92,114.4,47.52,Pagado,Transferencia
P11652,2025-09-28,9,C133,Empresa Las Flores 133,Empresa,Huánuco,Centro,Tienda,Rosa Ccori,BEB-04,Bebida rehidratante 500 ml x 12,Bebidas,Bebidas Norte Pacífico SAC,6,33.0,0.05,188.1,124.74,63.36,Pagado,Plin
P11697,2025-09-28,9,C111,Cafetería Virgen de Fátima 111,Cafetería,Tacna,Sur,Tienda,Jorge Huamán,CAF-04,Chocolate para taza 180 g,Café y cacao,Café Selva Central SAC,7,9.9,0,69.3,42.98,26.32,Pagado,Plin
P11697,2025-09-28,9,C111,Cafetería Virgen de Fátima 111,Cafetería,Tacna,Sur,Tienda,Jorge Huamán,GRA-05,Avena con quinua 900 g,Granos andinos,Agroandina del Sur SAC,11,11.5,0.03,122.7,84.81,37.89,Pagado,Yape
P11706,2025-09-28,9,C015,Bodega Pachamama 015,Bodega,Lima,Lima,Tienda,Luis Paredes,LIM-03,Lavavajilla 900 g,Limpieza,Limpieza Total Perú SAC,2,8.2,0.03,15.91,10.5,5.41,Pagado,Plin
P11706,2025-09-28,9,C015,Bodega Pachamama 015,Bodega,Lima,Lima,Tienda,Luis Paredes,SNA-02,Chifles 150 g x 10,Snacks,Snacks Costa Azul EIRL,11,28.0,0.03,298.76,178.64,120.12,Pagado,Tarjeta
P11718,2025-09-28,9,C082,Bodega Mi Perú 082,Bodega,Piura,Norte,Tienda,María Torres,SNA-03,Galletas de avena x 24,Snacks,Snacks Costa Azul EIRL,3,22.0,0.05,62.7,42.9,19.8,Pagado,Tarjeta
P11718,2025-09-28,9,C082,Bodega Mi Perú 082,Bodega,Piura,Norte,Tienda,María Torres,BEB-04,Bebida rehidratante 500 ml x 12,Bebidas,Bebidas Norte Pacífico SAC,2,33.0,0.05,62.7,41.58,21.12,Pagado,Transferencia
P11718,2025-09-28,9,C082,Bodega Mi Perú 082,Bodega,Piura,Norte,Tienda,María Torres,SNA-02,Chifles 150 g x 10,Snacks,Snacks Costa Azul EIRL,12,28.0,0,336.0,194.88,141.12,Pagado,Transferencia
P11747,2025-09-28,9,C008,Minimarket El Trébol 008,Minimarket,Lima,Lima,Tienda,Luis Paredes,BEB-03,Néctar de durazno 1 L x 6,Bebidas,Bebidas Norte Pacífico SAC,3,27.0,0.03,78.57,51.84,26.73,Pagado,Transferencia
P11747,2025-09-28,9,C008,Minimarket El Trébol 008,Minimarket,Lima,Lima,Tienda,Luis Paredes,HAR-05,Sémola 500 g,Harinas y pastas,Molinos Valle Verde SA,11,4.1,0,45.1,31.57,13.53,Pagado,Tarjeta
P11808,2025-10-01,10,C093,Empresa Pachamama 093,Empresa,Piura,Norte,Tienda,María Torres,SNA-05,Camote frito 120 g x 10,Snacks,Snacks Costa Azul EIRL,3,31.0,0.03,90.21,54.87,35.34,Pagado,Tarjeta
P11808,2025-10-01,10,C093,Empresa Pachamama 093,Empresa,Piura,Norte,Tienda,María Torres,GRA-01,Quinua blanca 1 kg,Granos andinos,Agroandina del Sur SAC,7,14.5,0,101.5,66.99,34.51,Pendiente,Transferencia
P11821,2025-10-01,10,C007,Restaurante El Puerto 007,Restaurante,Lima,Lima,Tienda,Rodrigo Salas,BEB-05,Té helado 500 ml x 12,Bebidas,Bebidas Norte Pacífico SAC,4,29.0,0.102,104.17,70.76,33.41,Pagado,Tarjeta
P11821,2025-10-01,10,C007,Restaurante El Puerto 007,Restaurante,Lima,Lima,Tienda,Rodrigo Salas,HAR-01,Harina sin preparar 1 kg,Harinas y pastas,Molinos Valle Verde SA,4,5.4,0.179,17.73,16.0,1.73,Pagado,Yape
P11823,2025-10-01,10,C136,Bodega El Ahorro 136,Bodega,Huánuco,Centro,Online,Rosa Ccori,SNA-02,Chifles 150 g x 10,Snacks,Snacks Costa Azul EIRL,3,28.0,0,84.0,48.72,35.28,Pagado,Transferencia
P11823,2025-10-01,10,C136,Bodega El Ahorro 136,Bodega,Huánuco,Centro,Online,Rosa Ccori,LIM-03,Lavavajilla 900 g,Limpieza,Limpieza Total Perú SAC,6,8.2,0.02,48.22,31.5,16.72,Pagado,Transferencia
P11823,2025-10-01,10,C136,Bodega El Ahorro 136,Bodega,Huánuco,Centro,Online,Rosa Ccori,BEB-01,Agua mineral 625 ml x 15,Bebidas,Bebidas Norte Pacífico SAC,11,18.0,0.05,188.1,122.76,65.34,Pagado,Transferencia
P11828,2025-10-01,10,C062,Restaurante Los Andes 062,Restaurante,Lima,Lima,Tienda,Rodrigo Salas,CAF-03,Cacao en polvo 250 g,Café y cacao,Café Selva Central SAC,3,12.5,0.153,31.76,22.5,9.26,Pagado,Yape
P11832,2025-10-01,10,C131,Bodega Virgen de Fátima 131,Bodega,Huánuco,Centro,Tienda,Rosa Ccori,HAR-05,Sémola 500 g,Harinas y pastas,Molinos Valle Verde SA,12,4.1,0,49.2,34.44,14.76,Pagado,Tarjeta
P11832,2025-10-01,10,C131,Bodega Virgen de Fátima 131,Bodega,Huánuco,Centro,Tienda,Rosa Ccori,LIM-05,Jabón de tocador x 3,Limpieza,Limpieza Total Perú SAC,6,6.5,0,39.0,26.16,12.84,Pagado,Transferencia
P11884,2025-10-01,10,C073,Minimarket Don Lucho 073,Minimarket,Trujillo,Norte,Tienda,María Torres,LIM-05,Jabón de tocador x 3,Limpieza,Limpieza Total Perú SAC,5,6.5,0,32.5,21.8,10.7,Pagado,Efectivo
P11910,2025-10-01,10,C017,Minimarket El Progreso 017,Minimarket,Lima,Lima,Tienda,Ana Quispe,LIM-04,Desinfectante 1.8 L,Limpieza,Limpieza Total Perú SAC,6,11.9,0,71.4,45.0,26.4,Pendiente,Transferencia
P11922,2025-10-01,10,C112,Minimarket La Familia 112,Minimarket,Cusco,Sur,Tienda,Jorge Huamán,GRA-03,Maca en polvo 250 g,Granos andinos,Agroandina del Sur SAC,4,17.0,0,68.0,37.4,30.6,Pagado,Transferencia
P11922,2025-10-01,10,C112,Minimarket La Familia 112,Minimarket,Cusco,Sur,Tienda,Jorge Huamán,LIM-04,Desinfectante 1.8 L,Limpieza,Limpieza Total Perú SAC,7,11.9,0,83.3,52.5,30.8,Pagado,Efectivo
P11922,2025-10-01,10,C112,Minimarket La Familia 112,Minimarket,Cusco,Sur,Tienda,Jorge Huamán,BEB-05,Té helado 500 ml x 12,Bebidas,Bebidas Norte Pacífico SAC,8,29.0,0,232.0,141.52,90.48,Pagado,Transferencia
P11929,2025-10-01,10,C072,Empresa Santa Rosa 072,Empresa,Trujillo,Norte,Tienda,María Torres,LIM-02,Lejía 4 L,Limpieza,Limpieza Total Perú SAC,2,9.8,0,19.6,12.94,6.66,Pagado,Plin
P11929,2025-10-01,10,C072,Empresa Santa Rosa 072,Empresa,Trujillo,Norte,Tienda,María Torres,BEB-03,Néctar de durazno 1 L x 6,Bebidas,Bebidas Norte Pacífico SAC,5,27.0,0.02,132.3,86.4,45.9,Pagado,Plin
P11954,2025-10-01,10,C114,Restaurante San Martín 114,Restaurante,Tacna,Sur,Online,Jorge Huamán,SNA-03,Galletas de avena x 24,Snacks,Snacks Costa Azul EIRL,7,22.0,0.03,149.38,100.1,49.28,Pagado,Plin
P11791,2025-10-02,10,C041,Bodega Santa Rosa 041,Bodega,Lima,Lima,Tienda,Rodrigo Salas,HAR-03,Fideo tallarín 1 kg,Harinas y pastas,Molinos Valle Verde SA,4,7.2,0.144,24.65,20.72,3.93,Pagado,Yape
P11792,2025-10-02,10,C001,Minimarket El Progreso 001,Minimarket,Lima,Lima,Tienda,Ana Quispe,HAR-03,Fideo tallarín 1 kg,Harinas y pastas,Molinos Valle Verde SA,9,7.2,0.05,61.56,46.62,14.94,Pagado,Yape
P11792,2025-10-02,10,C001,Minimarket El Progreso 001,Minimarket,Lima,Lima,Tienda,Ana Quispe,CAF-01,Café tostado molido 500 g,Café y cacao,Café Selva Central SAC,11,24.0,0.05,250.8,153.12,97.68,Vencido,Tarjeta
P11806,2025-10-02,10,C125,Bodega El Ahorro 125,Bodega,Cusco,Sur,Tienda,Jorge Huamán,HAR-01,Harina sin preparar 1 kg,Harinas y pastas,Molinos Valle Verde SA,4,5.4,0,21.6,16.0,5.6,Pagado,Plin
P11819,2025-10-02,10,C080,Restaurante El Ahorro 080,Restaurante,Trujillo,Norte,Tienda,María Torres,CAF-03,Cacao en polvo 250 g,Café y cacao,Café Selva Central SAC,6,12.5,0,75.0,45.0,30.0,Pagado,Tarjeta
P11819,2025-10-02,10,C080,Restaurante El Ahorro 080,Restaurante,Trujillo,Norte,Tienda,María Torres,LIM-04,Desinfectante 1.8 L,Limpieza,Limpieza Total Perú SAC,5,11.9,0.03,57.71,37.5,20.21,Pagado,Transferencia
P11915,2025-10-02,10,C070,Minimarket El Ahorro 070,Minimarket,Lima,Lima,WhatsApp,Luis Paredes,GRA-04,Chía 500 g,Granos andinos,Agroandina del Sur SAC,5,13.0,0.03,63.05,41.6,21.45,Pagado,Transferencia
P11925,2025-10-02,10,C049,Restaurante San Pedro 049,Restaurante,Lima,Lima,Tienda,Ana Quispe,LIM-01,Detergente 2 kg,Limpieza,Limpieza Total Perú SAC,9,19.5,0.05,166.72,121.05,45.67,Pagado,Plin
P11803,2025-10-03,10,C078,Bodega Inti 078,Bodega,Piura,Norte,WhatsApp,María Torres,HAR-02,Fideo spaghetti 500 g,Harinas y pastas,Molinos Valle Verde SA,6,3.9,0,23.4,16.62,6.78,Pagado,Efectivo
P11803,2025-10-03,10,C078,Bodega Inti 078,Bodega,Piura,Norte,WhatsApp,María Torres,BEB-03,Néctar de durazno 1 L x 6,Bebidas,Bebidas Norte Pacífico SAC,7,27.0,0,189.0,120.96,68.04,Vencido,Efectivo
P11803,2025-10-03,10,C078,Bodega Inti 078,Bodega,Piura,Norte,WhatsApp,María Torres,LIM-03,Lavavajilla 900 g,Limpieza,Limpieza Total Perú SAC,9,8.2,0.03,71.59,47.25,24.34,Pagado,Efectivo
P11825,2025-10-03,10,C116,Bodega Las Flores 116,Bodega,Tacna,Sur,Tienda,Jorge Huamán,SNA-01,Papas nativas 120 g x 10,Snacks,Snacks Costa Azul EIRL,10,35.0,0,350.0,210.0,140.0,Pagado,Yape
P11825,2025-10-03,10,C116,Bodega Las Flores 116,Bodega,Tacna,Sur,Tienda,Jorge Huamán,CAF-02,Café en grano 1 kg,Café y cacao,Café Selva Central SAC,6,46.0,0,276.0,157.32,118.68,Pagado,Transferencia
P11840,2025-10-03,10,C050,Mayorista El Sol 050,Mayorista,Lima,Lima,Mayorista,Ana Quispe,BEB-01,Agua mineral 625 ml x 15,Bebidas,Bebidas Norte Pacífico SAC,20,18.0,0.08,331.2,223.2,108.0,Vencido,Transferencia
P11840,2025-10-03,10,C050,Mayorista El Sol 050,Mayorista,Lima,Lima,Mayorista,Ana Quispe,LIM-04,Desinfectante 1.8 L,Limpieza,Limpieza Total Perú SAC,36,11.9,0.08,394.13,270.0,124.13,Pagado,Transferencia
P11849,2025-10-03,10,C062,Restaurante Los Andes 062,Restaurante,Lima,Lima,Tienda,Rodrigo Salas,LIM-04,Desinfectante 1.8 L,Limpieza,Limpieza Total Perú SAC,3,11.9,0.161,29.95,22.5,7.45,Pagado,Yape
P11849,2025-10-03,10,C062,Restaurante Los Andes 062,Restaurante,Lima,Lima,Tienda,Rodrigo Salas,BEB-02,Gaseosa 3 L x 4,Bebidas,Bebidas Norte Pacífico SAC,12,32.0,0.179,315.26,261.12,54.14,Pagado,Yape
P11849,2025-10-03,10,C062,Restaurante Los Andes 062,Restaurante,Lima,Lima,Tienda,Rodrigo Salas,BEB-01,Agua mineral 625 ml x 15,Bebidas,Bebidas Norte Pacífico SAC,7,18.0,0.128,109.87,78.12,31.75,Pagado,Efectivo
P11851,2025-10-03,10,C093,Empresa Pachamama 093,Empresa,Piura,Norte,Tienda,María Torres,SNA-05,Camote frito 120 g x 10,Snacks,Snacks Costa Azul EIRL,4,31.0,0.05,117.8,73.16,44.64,Pagado,Tarjeta
P11851,2025-10-03,10,C093,Empresa Pachamama 093,Empresa,Piura,Norte,Tienda,María Torres,LIM-04,Desinfectante 1.8 L,Limpieza,Limpieza Total Perú SAC,12,11.9,0.02,139.94,90.0,49.94,Pagado,Tarjeta
P11851,2025-10-03,10,C093,Empresa Pachamama 093,Empresa,Piura,Norte,Tienda,María Torres,SNA-02,Chifles 150 g x 10,Snacks,Snacks Costa Azul EIRL,8,28.0,0,224.0,129.92,94.08,Pagado,Efectivo
P11855,2025-10-03,10,C140,Minimarket San Pedro 140,Minimarket,Huancayo,Centro,Tienda,Rosa Ccori,HAR-04,Harina preparada 1 kg,Harinas y pastas,Molinos Valle Verde SA,3,6.3,0.05,17.95,13.8,4.15,Pagado,Yape
P11855,2025-10-03,10,C140,Minimarket San Pedro 140,Minimarket,Huancayo,Centro,Tienda,Rosa Ccori,HAR-04,Harina preparada 1 kg,Harinas y pastas,Molinos Valle Verde SA,2,6.3,0.02,12.35,9.2,3.15,Pagado,Yape
P11855,2025-10-03,10,C140,Minimarket San Pedro 140,Minimarket,Huancayo,Centro,Tienda,Rosa Ccori,BEB-01,Agua mineral 625 ml x 15,Bebidas,Bebidas Norte Pacífico SAC,11,18.0,0.02,194.04,122.76,71.28,Pagado,Tarjeta
P11897,2025-10-03,10,C020,Bodega Santa Rosa 020,Bodega,Lima,Lima,Tienda,Rodrigo Salas,BEB-05,Té helado 500 ml x 12,Bebidas,Bebidas Norte Pacífico SAC,2,29.0,0.161,48.66,35.38,13.28,Pagado,Yape
P11897,2025-10-03,10,C020,Bodega Santa Rosa 020,Bodega,Lima,Lima,Tienda,Rodrigo Salas,LIM-03,Lavavajilla 900 g,Limpieza,Limpieza Total Perú SAC,4,8.2,0.175,27.06,21.0,6.06,Pagado,Yape
P11904,2025-10-03,10,C001,Minimarket El Progreso 001,Minimarket,Lima,Lima,Tienda,Luis Paredes,HAR-04,Harina preparada 1 kg,Harinas y pastas,Molinos Valle Verde SA,6,6.3,0.02,37.04,27.6,9.44,Pagado,Tarjeta
P11969,2025-10-03,10,C066,Empresa La Esperanza 066,Empresa,Lima,Lima,Tienda,Luis Paredes,LIM-02,Lejía 4 L,Limpieza,Limpieza Total Perú SAC,5,9.8,0.05,46.55,32.35,14.2,Pagado,Efectivo
P11796,2025-10-04,10,C004,Bodega San Pedro 004,Bodega,Lima,Lima,Online,Luis Paredes,LIM-02,Lejía 4 L,Limpieza,Limpieza Total Perú SAC,11,9.8,0.02,105.64,71.17,34.47,Pagado,Transferencia
P11796,2025-10-04,10,C004,Bodega San Pedro 004,Bodega,Lima,Lima,Online,Luis Paredes,GRA-01,Quinua blanca 1 kg,Granos andinos,Agroandina del Sur SAC,10,14.5,0,145.0,95.7,49.3,Pagado,Plin
P11796,2025-10-04,10,C004,Bodega San Pedro 004,Bodega,Lima,Lima,Online,Luis Paredes,SNA-03,Galletas de avena x 24,Snacks,Snacks Costa Azul EIRL,8,22.0,0.05,167.2,114.4,52.8,Pagado,Transferencia
P11861,2025-10-04,10,C074,Empresa Santa Rosa 074,Empresa,Piura,Norte,Tienda,María Torres,SNA-03,Galletas de avena x 24,Snacks,Snacks Costa Azul EIRL,10,22.0,0.05,209.0,143.0,66.0,Pendiente,Plin
P11861,2025-10-04,10,C074,Empresa Santa Rosa 074,Empresa,Piura,Norte,Tienda,María Torres,GRA-03,Maca en polvo 250 g,Granos andinos,Agroandina del Sur SAC,6,17.0,0.02,99.96,56.1,43.86,Pagado,Tarjeta
P11924,2025-10-04,10,C105,Restaurante El Ahorro 105,Restaurante,Arequipa,Sur,Tienda,Jorge Huamán,CAF-03,Cacao en polvo 250 g,Café y cacao,Café Selva Central SAC,7,12.5,0.03,84.88,52.5,32.38,Pagado,Efectivo
P11924,2025-10-04,10,C105,Restaurante El Ahorro 105,Restaurante,Arequipa,Sur,Tienda,Jorge Huamán,CAF-02,Café en grano 1 kg,Café y cacao,Café Selva Central SAC,4,46.0,0,184.0,104.88,79.12,Pagado,Tarjeta
P11949,2025-10-04,10,C053,Minimarket Don Lucho 053,Minimarket,Lima,Lima,Tienda,Ana Quispe,GRA-01,Quinua blanca 1 kg,Granos andinos,Agroandina del Sur SAC,11,14.5,0,159.5,105.27,54.23,Pagado,Plin
P11949,2025-10-04,10,C053,Minimarket Don Lucho 053,Minimarket,Lima,Lima,Tienda,Ana Quispe,HAR-02,Fideo spaghetti 500 g,Harinas y pastas,Molinos Valle Verde SA,6,3.9,0.03,22.7,16.62,6.08,Pagado,Plin
P11974,2025-10-04,10,C110,Bodega La Esperanza 110,Bodega,Arequipa,Sur,Tienda,Jorge Huamán,LIM-04,Desinfectante 1.8 L,Limpieza,Limpieza Total Perú SAC,3,11.9,0,35.7,22.5,13.2,Pagado,Yape
P11785,2025-10-05,10,C056,Minimarket La Esperanza 056,Minimarket,Lima,Lima,Tienda,Rodrigo Salas,CAF-05,Café instantáneo 200 g,Café y cacao,Café Selva Central SAC,2,21.0,0.133,36.41,26.46,9.95,Pagado,Tarjeta
P11785,2025-10-05,10,C056,Minimarket La Esperanza 056,Minimarket,Lima,Lima,Tienda,Rodrigo Salas,CAF-04,Chocolate para taza 180 g,Café y cacao,Café Selva Central SAC,4,9.9,0.138,34.14,24.56,9.58,Pagado,Efectivo
P11867,2025-10-05,10,C098,Empresa Pachamama 098,Empresa,Trujillo,Norte,Online,María Torres,GRA-05,Avena con quinua 900 g,Granos andinos,Agroandina del Sur SAC,2,11.5,0.02,22.54,15.42,7.12,Vencido,Tarjeta
P11886,2025-10-05,10,C014,Minimarket San Pedro 014,Minimarket,Lima,Lima,Tienda,Luis Paredes,CAF-01,Café tostado molido 500 g,Café y cacao,Café Selva Central SAC,7,24.0,0,168.0,97.44,70.56,Pagado,Tarjeta
P11886,2025-10-05,10,C014,Minimarket San Pedro 014,Minimarket,Lima,Lima,Tienda,Luis Paredes,LIM-05,Jabón de tocador x 3,Limpieza,Limpieza Total Perú SAC,11,6.5,0.05,67.92,47.96,19.96,Pagado,Efectivo
P11886,2025-10-05,10,C014,Minimarket San Pedro 014,Minimarket,Lima,Lima,Tienda,Luis Paredes,SNA-03,Galletas de avena x 24,Snacks,Snacks Costa Azul EIRL,4,22.0,0,88.0,57.2,30.8,Pagado,Transferencia
P11931,2025-10-05,10,C131,Bodega Virgen de Fátima 131,Bodega,Huánuco,Centro,Tienda,Rosa Ccori,SNA-02,Chifles 150 g x 10,Snacks,Snacks Costa Azul EIRL,12,28.0,0,336.0,194.88,141.12,Pendiente,Transferencia
P11932,2025-10-05,10,C087,Restaurante El Ahorro 087,Restaurante,Trujillo,Norte,WhatsApp,María Torres,GRA-03,Maca en polvo 250 g,Granos andinos,Agroandina del Sur SAC,8,17.0,0.03,131.92,74.8,57.12,Pagado,Tarjeta
P11957,2025-10-05,10,C133,Empresa Las Flores 133,Empresa,Huánuco,Centro,Tienda,Rosa Ccori,LIM-02,Lejía 4 L,Limpieza,Limpieza Total Perú SAC,11,9.8,0,107.8,71.17,36.63,Pagado,Plin
P11772,2025-10-06,10,C112,Minimarket La Familia 112,Minimarket,Cusco,Sur,Tienda,Jorge Huamán,BEB-04,Bebida rehidratante 500 ml x 12,Bebidas,Bebidas Norte Pacífico SAC,6,33.0,0.02,194.04,124.74,69.3,Pagado,Yape
P11772,2025-10-06,10,C112,Minimarket La Familia 112,Minimarket,Cusco,Sur,Tienda,Jorge Huamán,HAR-02,Fideo spaghetti 500 g,Harinas y pastas,Molinos Valle Verde SA,4,3.9,0.02,15.29,11.08,4.21,Pagado,Yape
P11774,2025-10-06,10,C082,Bodega Mi Perú 082,Bodega,Piura,Norte,Tienda,María Torres,SNA-02,Chifles 150 g x 10,Snacks,Snacks Costa Azul EIRL,3,28.0,0,84.0,48.72,35.28,Pagado,Plin
P11777,2025-10-06,10,C100,Restaurante El Ahorro 100,Restaurante,Cusco,Sur,Tienda,Jorge Huamán,GRA-02,Kiwicha pop 300 g,Granos andinos,Agroandina del Sur SAC,2,8.9,0,17.8,10.86,6.94,Pagado,Plin
P11777,2025-10-06,10,C100,Restaurante El Ahorro 100,Restaurante,Cusco,Sur,Tienda,Jorge Huamán,SNA-02,Chifles 150 g x 10,Snacks,Snacks Costa Azul EIRL,8,28.0,0,224.0,129.92,94.08,Pagado,Transferencia
P11789,2025-10-06,10,C030,Cafetería San Martín 030,Cafetería,Lima,Lima,Tienda,Rodrigo Salas,SNA-05,Camote frito 120 g x 10,Snacks,Snacks Costa Azul EIRL,6,31.0,0.133,161.26,109.74,51.52,Pagado,Plin
P11789,2025-10-06,10,C030,Cafetería San Martín 030,Cafetería,Lima,Lima,Tienda,Rodrigo Salas,HAR-01,Harina sin preparar 1 kg,Harinas y pastas,Molinos Valle Verde SA,3,5.4,0.102,14.55,12.0,2.55,Pagado,Efectivo
P11798,2025-10-06,10,C063,Restaurante Don Lucho 063,Restaurante,Lima,Lima,Tienda,Rodrigo Salas,HAR-05,Sémola 500 g,Harinas y pastas,Molinos Valle Verde SA,8,4.1,0.122,28.8,22.96,5.84,Pagado,Yape
P11798,2025-10-06,10,C063,Restaurante Don Lucho 063,Restaurante,Lima,Lima,Tienda,Rodrigo Salas,BEB-01,Agua mineral 625 ml x 15,Bebidas,Bebidas Norte Pacífico SAC,4,18.0,0.154,60.91,44.64,16.27,Pagado,Tarjeta
P11822,2025-10-06,10,C061,Empresa Inti 061,Empresa,Lima,Lima,Tienda,Luis Paredes,SNA-01,Papas nativas 120 g x 10,Snacks,Snacks Costa Azul EIRL,8,35.0,0.03,271.6,168.0,103.6,Pagado,Tarjeta
P11835,2025-10-06,10,C101,Bodega La Esperanza 101,Bodega,Tacna,Sur,Tienda,Jorge Huamán,HAR-02,Fideo spaghetti 500 g,Harinas y pastas,Molinos Valle Verde SA,7,3.9,0,27.3,19.39,7.91,Pagado,Plin
P11839,2025-10-06,10,C007,Restaurante El Puerto 007,Restaurante,Lima,Lima,WhatsApp,Luis Paredes,SNA-02,Chifles 150 g x 10,Snacks,Snacks Costa Azul EIRL,8,28.0,0,224.0,129.92,94.08,Pagado,Tarjeta
P11839,2025-10-06,10,C007,Restaurante El Puerto 007,Restaurante,Lima,Lima,WhatsApp,Luis Paredes,GRA-02,Kiwicha pop 300 g,Granos andinos,Agroandina del Sur SAC,12,8.9,0.03,103.6,65.16,38.44,Pendiente,Efectivo
P11850,2025-10-06,10,C076,Bodega El Trébol 076,Bodega,Chiclayo,Norte,Online,María Torres,GRA-02,Kiwicha pop 300 g,Granos andinos,Agroandina del Sur SAC,12,8.9,0.03,103.6,65.16,38.44,Pagado,Transferencia
P11850,2025-10-06,10,C076,Bodega El Trébol 076,Bodega,Chiclayo,Norte,Online,María Torres,BEB-03,Néctar de durazno 1 L x 6,Bebidas,Bebidas Norte Pacífico SAC,2,27.0,0.05,51.3,34.56,16.74,Pagado,Transferencia
P11850,2025-10-06,10,C076,Bodega El Trébol 076,Bodega,Chiclayo,Norte,Online,María Torres,LIM-03,Lavavajilla 900 g,Limpieza,Limpieza Total Perú SAC,2,8.2,0.03,15.91,10.5,5.41,Pagado,Efectivo
P11872,2025-10-06,10,C054,Bodega Nueva Era 054,Bodega,Lima,Lima,Tienda,Luis Paredes,SNA-05,Camote frito 120 g x 10,Snacks,Snacks Costa Azul EIRL,5,31.0,0.02,151.9,91.45,60.45,Pagado,Yape
P11872,2025-10-06,10,C054,Bodega Nueva Era 054,Bodega,Lima,Lima,Tienda,Luis Paredes,SNA-05,Camote frito 120 g x 10,Snacks,Snacks Costa Azul EIRL,8,31.0,0.02,243.04,146.32,96.72,Pagado,Transferencia
P11903,2025-10-06,10,C091,Cafetería El Puerto 091,Cafetería,Chiclayo,Norte,Online,María Torres,SNA-01,Papas nativas 120 g x 10,Snacks,Snacks Costa Azul EIRL,5,35.0,0.02,171.5,105.0,66.5,Pagado,Yape
P11903,2025-10-06,10,C091,Cafetería El Puerto 091,Cafetería,Chiclayo,Norte,Online,María Torres,HAR-01,Harina sin preparar 1 kg,Harinas y pastas,Molinos Valle Verde SA,12,5.4,0.03,62.86,48.0,14.86,Pagado,Transferencia
P11775,2025-10-07,10,C117,Empresa Mi Perú 117,Empresa,Arequipa,Sur,Tienda,Jorge Huamán,CAF-01,Café tostado molido 500 g,Café y cacao,Café Selva Central SAC,11,24.0,0.05,250.8,153.12,97.68,Pagado,Efectivo
P11775,2025-10-07,10,C117,Empresa Mi Perú 117,Empresa,Arequipa,Sur,Tienda,Jorge Huamán,LIM-05,Jabón de tocador x 3,Limpieza,Limpieza Total Perú SAC,2,6.5,0,13.0,8.72,4.28,Pagado,Transferencia
P11784,2025-10-07,10,C055,Empresa Inti 055,Empresa,Lima,Lima,Tienda,Ana Quispe,SNA-02,Chifles 150 g x 10,Snacks,Snacks Costa Azul EIRL,4,28.0,0,112.0,64.96,47.04,Pagado,Efectivo
P11801,2025-10-07,10,C071,Minimarket Santa Rosa 071,Minimarket,Chiclayo,Norte,WhatsApp,María Torres,BEB-02,Gaseosa 3 L x 4,Bebidas,Bebidas Norte Pacífico SAC,11,32.0,0.02,344.96,239.36,105.6,Pagado,Plin
P11810,2025-10-07,10,C062,Restaurante Los Andes 062,Restaurante,Lima,Lima,Tienda,Rodrigo Salas,HAR-01,Harina sin preparar 1 kg,Harinas y pastas,Molinos Valle Verde SA,4,5.4,0.174,17.84,16.0,1.84,Pendiente,Transferencia
P11813,2025-10-07,10,C089,Minimarket Nueva Era 089,Minimarket,Chiclayo,Norte,Tienda,María Torres,HAR-01,Harina sin preparar 1 kg,Harinas y pastas,Molinos Valle Verde SA,7,5.4,0,37.8,28.0,9.8,Pagado,Transferencia
P11837,2025-10-07,10,C031,Bodega El Ahorro 031,Bodega,Lima,Lima,Tienda,Rodrigo Salas,GRA-03,Maca en polvo 250 g,Granos andinos,Agroandina del Sur SAC,6,17.0,0.146,87.11,56.1,31.01,Pagado,Transferencia
P11837,2025-10-07,10,C031,Bodega El Ahorro 031,Bodega,Lima,Lima,Tienda,Rodrigo Salas,GRA-04,Chía 500 g,Granos andinos,Agroandina del Sur SAC,3,13.0,0.171,32.33,24.96,7.37,Pagado,Transferencia
P11877,2025-10-07,10,C050,Mayorista El Sol 050,Mayorista,Lima,Lima,Mayorista,Luis Paredes,GRA-05,Avena con quinua 900 g,Granos andinos,Agroandina del Sur SAC,44,11.5,0.08,465.52,339.24,126.28,Pagado,Transferencia
P11900,2025-10-07,10,C038,Bodega El Ahorro 038,Bodega,Lima,Lima,Tienda,Ana Quispe,BEB-05,Té helado 500 ml x 12,Bebidas,Bebidas Norte Pacífico SAC,5,29.0,0.05,137.75,88.45,49.3,Pagado,Tarjeta
P11900,2025-10-07,10,C038,Bodega El Ahorro 038,Bodega,Lima,Lima,Tienda,Ana Quispe,SNA-01,Papas nativas 120 g x 10,Snacks,Snacks Costa Azul EIRL,9,35.0,0.05,299.25,189.0,110.25,Pagado,Plin
P11919,2025-10-07,10,C007,Restaurante El Puerto 007,Restaurante,Lima,Lima,Tienda,Ana Quispe,BEB-04,Bebida rehidratante 500 ml x 12,Bebidas,Bebidas Norte Pacífico SAC,7,33.0,0.03,224.07,145.53,78.54,Pagado,Tarjeta
P11919,2025-10-07,10,C007,Restaurante El Puerto 007,Restaurante,Lima,Lima,Tienda,Ana Quispe,HAR-03,Fideo tallarín 1 kg,Harinas y pastas,Molinos Valle Verde SA,10,7.2,0,72.0,51.8,20.2,Pagado,Efectivo
P11964,2025-10-07,10,C096,Cafetería La Familia 096,Cafetería,Piura,Norte,Tienda,María Torres,BEB-01,Agua mineral 625 ml x 15,Bebidas,Bebidas Norte Pacífico SAC,8,18.0,0,144.0,89.28,54.72,Pagado,Efectivo
P11964,2025-10-07,10,C096,Cafetería La Familia 096,Cafetería,Piura,Norte,Tienda,María Torres,BEB-04,Bebida rehidratante 500 ml x 12,Bebidas,Bebidas Norte Pacífico SAC,4,33.0,0,132.0,83.16,48.84,Pagado,Efectivo
P11964,2025-10-07,10,C096,Cafetería La Familia 096,Cafetería,Piura,Norte,Tienda,María Torres,BEB-05,Té helado 500 ml x 12,Bebidas,Bebidas Norte Pacífico SAC,4,29.0,0.02,113.68,70.76,42.92,Pendiente,Tarjeta
P11776,2025-10-08,10,C116,Bodega Las Flores 116,Bodega,Tacna,Sur,Tienda,Jorge Huamán,HAR-03,Fideo tallarín 1 kg,Harinas y pastas,Molinos Valle Verde SA,6,7.2,0,43.2,31.08,12.12,Pagado,Yape
P11783,2025-10-08,10,C022,Empresa La Familia 022,Empresa,Lima,Lima,WhatsApp,Luis Paredes,HAR-04,Harina preparada 1 kg,Harinas y pastas,Molinos Valle Verde SA,9,6.3,0,56.7,41.4,15.3,Pagado,Transferencia
P11797,2025-10-08,10,C119,Bodega El Sol 119,Bodega,Cusco,Sur,Tienda,Jorge Huamán,HAR-04,Harina preparada 1 kg,Harinas y pastas,Molinos Valle Verde SA,2,6.3,0.05,11.97,9.2,2.77,Pagado,Transferencia
P11797,2025-10-08,10,C119,Bodega El Sol 119,Bodega,Cusco,Sur,Tienda,Jorge Huamán,GRA-02,Kiwicha pop 300 g,Granos andinos,Agroandina del Sur SAC,3,8.9,0.05,25.37,16.29,9.08,Pagado,Efectivo
P11815,2025-10-08,10,C097,Bodega El Puerto 097,Bodega,Trujillo,Norte,Tienda,María Torres,GRA-03,Maca en polvo 250 g,Granos andinos,Agroandina del Sur SAC,4,17.0,0,68.0,37.4,30.6,Pagado,Yape
P11815,2025-10-08,10,C097,Bodega El Puerto 097,Bodega,Trujillo,Norte,Tienda,María Torres,GRA-04,Chía 500 g,Granos andinos,Agroandina del Sur SAC,12,13.0,0.03,151.32,99.84,51.48,Pagado,Plin
P11815,2025-10-08,10,C097,Bodega El Puerto 097,Bodega,Trujillo,Norte,Tienda,María Torres,SNA-05,Camote frito 120 g x 10,Snacks,Snacks Costa Azul EIRL,5,31.0,0.05,147.25,91.45,55.8,Pagado,Yape
P11847,2025-10-08,10,C028,Restaurante El Ahorro 028,Restaurante,Lima,Lima,WhatsApp,Rodrigo Salas,LIM-01,Detergente 2 kg,Limpieza,Limpieza Total Perú SAC,3,19.5,0.153,49.55,40.35,9.2,Pagado,Efectivo
P11847,2025-10-08,10,C028,Restaurante El Ahorro 028,Restaurante,Lima,Lima,WhatsApp,Rodrigo Salas,GRA-03,Maca en polvo 250 g,Granos andinos,Agroandina del Sur SAC,12,17.0,0.13,177.48,112.2,65.28,Pagado,Tarjeta
P11852,2025-10-08,10,C022,Empresa La Familia 022,Empresa,Lima,Lima,Tienda,Luis Paredes,CAF-02,Café en grano 1 kg,Café y cacao,Café Selva Central SAC,7,46.0,0,322.0,183.54,138.46,Pagado,Transferencia
P11852,2025-10-08,10,C022,Empresa La Familia 022,Empresa,Lima,Lima,Tienda,Luis Paredes,LIM-01,Detergente 2 kg,Limpieza,Limpieza Total Perú SAC,4,19.5,0.03,75.66,53.8,21.86,Pagado,Tarjeta
P11816,2025-10-09,10,C061,Empresa Inti 061,Empresa,Lima,Lima,Online,Luis Paredes,CAF-02,Café en grano 1 kg,Café y cacao,Café Selva Central SAC,3,46.0,0.02,135.24,78.66,56.58,Pagado,Yape
P11868,2025-10-09,10,C077,Mayorista Inti 077,Mayorista,Trujillo,Norte,Mayorista,María Torres,GRA-01,Quinua blanca 1 kg,Granos andinos,Agroandina del Sur SAC,8,14.5,0.08,106.72,76.56,30.16,Vencido,Transferencia
P11868,2025-10-09,10,C077,Mayorista Inti 077,Mayorista,Trujillo,Norte,Mayorista,María Torres,GRA-05,Avena con quinua 900 g,Granos andinos,Agroandina del Sur SAC,32,11.5,0.08,338.56,246.72,91.84,Vencido,Transferencia
P11920,2025-10-09,10,C012,Cafetería Pachamama 012,Cafetería,Lima,Lima,Online,Rodrigo Salas,GRA-04,Chía 500 g,Granos andinos,Agroandina del Sur SAC,8,13.0,0.11,92.56,66.56,26.0,Pagado,Transferencia
P11952,2025-10-09,10,C035,Bodega El Trébol 035,Bodega,Lima,Lima,Tienda,Luis Paredes,CAF-05,Café instantáneo 200 g,Café y cacao,Café Selva Central SAC,6,21.0,0,126.0,79.38,46.62,Pagado,Tarjeta
P11956,2025-10-09,10,C011,Mayorista Pachamama 011,Mayorista,Lima,Lima,Mayorista,Rodrigo Salas,HAR-01,Harina sin preparar 1 kg,Harinas y pastas,Molinos Valle Verde SA,44,5.4,0.119,209.33,176.0,33.33,Vencido,Transferencia
P11956,2025-10-09,10,C011,Mayorista Pachamama 011,Mayorista,Lima,Lima,Mayorista,Rodrigo Salas,BEB-02,Gaseosa 3 L x 4,Bebidas,Bebidas Norte Pacífico SAC,24,32.0,0.128,669.7,522.24,147.46,Pagado,Transferencia
P11831,2025-10-10,10,C128,Empresa Primavera 128,Empresa,Huancayo,Centro,Tienda,Rosa Ccori,SNA-05,Camote frito 120 g x 10,Snacks,Snacks Costa Azul EIRL,6,31.0,0,186.0,109.74,76.26,Pagado,Tarjeta
P11831,2025-10-10,10,C128,Empresa Primavera 128,Empresa,Huancayo,Centro,Tienda,Rosa Ccori,SNA-04,Maní salado 200 g x 12,Snacks,Snacks Costa Azul EIRL,3,30.0,0,90.0,55.8,34.2,Pagado,Plin
P11845,2025-10-10,10,C031,Bodega El Ahorro 031,Bodega,Lima,Lima,Tienda,Rodrigo Salas,GRA-01,Quinua blanca 1 kg,Granos andinos,Agroandina del Sur SAC,7,14.5,0.117,89.62,66.99,22.63,Pagado,Tarjeta
P11857,2025-10-10,10,C126,Restaurante La Familia 126,Restaurante,Arequipa,Sur,WhatsApp,Jorge Huamán,SNA-03,Galletas de avena x 24,Snacks,Snacks Costa Azul EIRL,5,22.0,0.05,104.5,71.5,33.0,Pagado,Tarjeta
P11883,2025-10-10,10,C128,Empresa Primavera 128,Empresa,Huancayo,Centro,Tienda,Rosa Ccori,BEB-03,Néctar de durazno 1 L x 6,Bebidas,Bebidas Norte Pacífico SAC,2,27.0,0,54.0,34.56,19.44,Pagado,Transferencia
P11883,2025-10-10,10,C128,Empresa Primavera 128,Empresa,Huancayo,Centro,Tienda,Rosa Ccori,LIM-02,Lejía 4 L,Limpieza,Limpieza Total Perú SAC,2,9.8,0.03,19.01,12.94,6.07,Pagado,Yape
P11883,2025-10-10,10,C128,Empresa Primavera 128,Empresa,Huancayo,Centro,Tienda,Rosa Ccori,HAR-05,Sémola 500 g,Harinas y pastas,Molinos Valle Verde SA,4,4.1,0.05,15.58,11.48,4.1,Pagado,Yape
P11928,2025-10-10,10,C020,Bodega Santa Rosa 020,Bodega,Lima,Lima,Online,Ana Quispe,SNA-04,Maní salado 200 g x 12,Snacks,Snacks Costa Azul EIRL,8,30.0,0,240.0,148.8,91.2,Pagado,Transferencia
P11928,2025-10-10,10,C020,Bodega Santa Rosa 020,Bodega,Lima,Lima,Online,Ana Quispe,HAR-04,Harina preparada 1 kg,Harinas y pastas,Molinos Valle Verde SA,7,6.3,0.05,41.89,32.2,9.69,Pagado,Transferencia
P11944,2025-10-10,10,C012,Cafetería Pachamama 012,Cafetería,Lima,Lima,Tienda,Ana Quispe,CAF-05,Café instantáneo 200 g,Café y cacao,Café Selva Central SAC,2,21.0,0.03,40.74,26.46,14.28,Pagado,Plin
P11944,2025-10-10,10,C012,Cafetería Pachamama 012,Cafetería,Lima,Lima,Tienda,Ana Quispe,LIM-04,Desinfectante 1.8 L,Limpieza,Limpieza Total Perú SAC,8,11.9,0.02,93.3,60.0,33.3,Pagado,Yape
P11951,2025-10-10,10,C056,Minimarket La Esperanza 056,Minimarket,Lima,Lima,Tienda,Rodrigo Salas,GRA-05,Avena con quinua 900 g,Granos andinos,Agroandina del Sur SAC,5,11.5,0.163,48.13,38.55,9.58,Pagado,Efectivo
P11773,2025-10-11,10,C058,Restaurante La Familia 058,Restaurante,Lima,Lima,Tienda,Ana Quispe,LIM-04,Desinfectante 1.8 L,Limpieza,Limpieza Total Perú SAC,5,11.9,0.05,56.52,37.5,19.02,Pagado,Yape
P11773,2025-10-11,10,C058,Restaurante La Familia 058,Restaurante,Lima,Lima,Tienda,Ana Quispe,LIM-05,Jabón de tocador x 3,Limpieza,Limpieza Total Perú SAC,7,6.5,0,45.5,30.52,14.98,Pagado,Efectivo
P11773,2025-10-11,10,C058,Restaurante La Familia 058,Restaurante,Lima,Lima,Tienda,Ana Quispe,GRA-01,Quinua blanca 1 kg,Granos andinos,Agroandina del Sur SAC,11,14.5,0.03,154.72,105.27,49.45,Pagado,Tarjeta
P11824,2025-10-11,10,C098,Empresa Pachamama 098,Empresa,Trujillo,Norte,Tienda,María Torres,SNA-03,Galletas de avena x 24,Snacks,Snacks Costa Azul EIRL,3,22.0,0.05,62.7,42.9,19.8,Pagado,Transferencia
P11824,2025-10-11,10,C098,Empresa Pachamama 098,Empresa,Trujillo,Norte,Tienda,María Torres,LIM-01,Detergente 2 kg,Limpieza,Limpieza Total Perú SAC,7,19.5,0.02,133.77,94.15,39.62,Pagado,Efectivo
P11824,2025-10-11,10,C098,Empresa Pachamama 098,Empresa,Trujillo,Norte,Tienda,María Torres,BEB-03,Néctar de durazno 1 L x 6,Bebidas,Bebidas Norte Pacífico SAC,2,27.0,0.03,52.38,34.56,17.82,Pagado,Plin
P11826,2025-10-11,10,C087,Restaurante El Ahorro 087,Restaurante,Trujillo,Norte,Tienda,María Torres,SNA-03,Galletas de avena x 24,Snacks,Snacks Costa Azul EIRL,5,22.0,0.05,104.5,71.5,33.0,Pagado,Efectivo
P11826,2025-10-11,10,C087,Restaurante El Ahorro 087,Restaurante,Trujillo,Norte,Tienda,María Torres,BEB-04,Bebida rehidratante 500 ml x 12,Bebidas,Bebidas Norte Pacífico SAC,9,33.0,0,297.0,187.11,109.89,Pendiente,Plin
P11856,2025-10-11,10,C025,Minimarket Don Lucho 025,Minimarket,Lima,Lima,Tienda,Ana Quispe,CAF-01,Café tostado molido 500 g,Café y cacao,Café Selva Central SAC,8,24.0,0.02,188.16,111.36,76.8,Pagado,Transferencia
P11858,2025-10-11,10,C137,Minimarket El Puerto 137,Minimarket,Huánuco,Centro,WhatsApp,Rosa Ccori,HAR-03,Fideo tallarín 1 kg,Harinas y pastas,Molinos Valle Verde SA,7,7.2,0.03,48.89,36.26,12.63,Pagado,Transferencia
P11858,2025-10-11,10,C137,Minimarket El Puerto 137,Minimarket,Huánuco,Centro,WhatsApp,Rosa Ccori,LIM-02,Lejía 4 L,Limpieza,Limpieza Total Perú SAC,8,9.8,0,78.4,51.76,26.64,Pagado,Transferencia
P11858,2025-10-11,10,C137,Minimarket El Puerto 137,Minimarket,Huánuco,Centro,WhatsApp,Rosa Ccori,GRA-05,Avena con quinua 900 g,Granos andinos,Agroandina del Sur SAC,7,11.5,0,80.5,53.97,26.53,Pagado,Efectivo
P11876,2025-10-11,10,C081,Restaurante Las Flores 081,Restaurante,Chiclayo,Norte,Tienda,María Torres,CAF-01,Café tostado molido 500 g,Café y cacao,Café Selva Central SAC,9,24.0,0.05,205.2,125.28,79.92,Pagado,Yape
P11876,2025-10-11,10,C081,Restaurante Las Flores 081,Restaurante,Chiclayo,Norte,Tienda,María Torres,HAR-01,Harina sin preparar 1 kg,Harinas y pastas,Molinos Valle Verde SA,7,5.4,0.02,37.04,28.0,9.04,Pagado,Transferencia
P11876,2025-10-11,10,C081,Restaurante Las Flores 081,Restaurante,Chiclayo,Norte,Tienda,María Torres,CAF-04,Chocolate para taza 180 g,Café y cacao,Café Selva Central SAC,12,9.9,0,118.8,73.68,45.12,Pagado,Transferencia
P11896,2025-10-11,10,C028,Restaurante El Ahorro 028,Restaurante,Lima,Lima,Tienda,Luis Paredes,BEB-05,Té helado 500 ml x 12,Bebidas,Bebidas Norte Pacífico SAC,6,29.0,0,174.0,106.14,67.86,Pagado,Transferencia
P11930,2025-10-11,10,C122,Bodega El Ahorro 122,Bodega,Tacna,Sur,Tienda,Jorge Huamán,SNA-03,Galletas de avena x 24,Snacks,Snacks Costa Azul EIRL,12,22.0,0.02,258.72,171.6,87.12,Pagado,Plin
P11829,2025-10-12,10,C138,Restaurante Las Flores 138,Restaurante,Huánuco,Centro,Tienda,Rosa Ccori,BEB-03,Néctar de durazno 1 L x 6,Bebidas,Bebidas Norte Pacífico SAC,7,27.0,0.03,183.33,120.96,62.37,Pagado,Tarjeta
P11878,2025-10-12,10,C123,Minimarket La Victoria 123,Minimarket,Tacna,Sur,Tienda,Jorge Huamán,HAR-01,Harina sin preparar 1 kg,Harinas y pastas,Molinos Valle Verde SA,6,5.4,0,32.4,24.0,8.4,Pagado,Efectivo
P11882,2025-10-12,10,C035,Bodega El Trébol 035,Bodega,Lima,Lima,WhatsApp,Ana Quispe,CAF-05,Café instantáneo 200 g,Café y cacao,Café Selva Central SAC,5,21.0,0.02,102.9,66.15,36.75,Pagado,Efectivo
P11882,2025-10-12,10,C035,Bodega El Trébol 035,Bodega,Lima,Lima,WhatsApp,Ana Quispe,LIM-05,Jabón de tocador x 3,Limpieza,Limpieza Total Perú SAC,5,6.5,0.02,31.85,21.8,10.05,Pagado,Yape
P11913,2025-10-12,10,C115,Empresa El Puerto 115,Empresa,Arequipa,Sur,WhatsApp,Jorge Huamán,CAF-02,Café en grano 1 kg,Café y cacao,Café Selva Central SAC,11,46.0,0.02,495.88,288.42,207.46,Pagado,Transferencia
P11913,2025-10-12,10,C115,Empresa El Puerto 115,Empresa,Arequipa,Sur,WhatsApp,Jorge Huamán,BEB-03,Néctar de durazno 1 L x 6,Bebidas,Bebidas Norte Pacífico SAC,10,27.0,0,270.0,172.8,97.2,Pagado,Yape
P11913,2025-10-12,10,C115,Empresa El Puerto 115,Empresa,Arequipa,Sur,WhatsApp,Jorge Huamán,CAF-02,Café en grano 1 kg,Café y cacao,Café Selva Central SAC,6,46.0,0.05,262.2,157.32,104.88,Pagado,Tarjeta
P11963,2025-10-12,10,C030,Cafetería San Martín 030,Cafetería,Lima,Lima,Tienda,Rodrigo Salas,CAF-04,Chocolate para taza 180 g,Café y cacao,Café Selva Central SAC,11,9.9,0.133,94.42,67.54,26.88,Pagado,Yape
P11963,2025-10-12,10,C030,Cafetería San Martín 030,Cafetería,Lima,Lima,Tienda,Rodrigo Salas,CAF-03,Cacao en polvo 250 g,Café y cacao,Café Selva Central SAC,12,12.5,0.153,127.05,90.0,37.05,Pagado,Transferencia
P11770,2025-10-13,10,C115,Empresa El Puerto 115,Empresa,Arequipa,Sur,Tienda,Jorge Huamán,GRA-03,Maca en polvo 250 g,Granos andinos,Agroandina del Sur SAC,2,17.0,0,34.0,18.7,15.3,Pagado,Transferencia
P11804,2025-10-13,10,C029,Minimarket Las Flores 029,Minimarket,Lima,Lima,Tienda,Ana Quispe,CAF-05,Café instantáneo 200 g,Café y cacao,Café Selva Central SAC,12,21.0,0.02,246.96,158.76,88.2,Pagado,Tarjeta
P11804,2025-10-13,10,C029,Minimarket Las Flores 029,Minimarket,Lima,Lima,Tienda,Ana Quispe,LIM-03,Lavavajilla 900 g,Limpieza,Limpieza Total Perú SAC,12,8.2,0,98.4,63.0,35.4,Pendiente,Yape
P11830,2025-10-13,10,C118,Bodega El Sol 118,Bodega,Cusco,Sur,Tienda,Jorge Huamán,HAR-03,Fideo tallarín 1 kg,Harinas y pastas,Molinos Valle Verde SA,12,7.2,0.05,82.08,62.16,19.92,Pagado,Transferencia
P11830,2025-10-13,10,C118,Bodega El Sol 118,Bodega,Cusco,Sur,Tienda,Jorge Huamán,GRA-03,Maca en polvo 250 g,Granos andinos,Agroandina del Sur SAC,9,17.0,0,153.0,84.15,68.85,Pagado,Yape
P11830,2025-10-13,10,C118,Bodega El Sol 118,Bodega,Cusco,Sur,Tienda,Jorge Huamán,SNA-01,Papas nativas 120 g x 10,Snacks,Snacks Costa Azul EIRL,3,35.0,0.03,101.85,63.0,38.85,Pagado,Transferencia
P11860,2025-10-13,10,C081,Restaurante Las Flores 081,Restaurante,Chiclayo,Norte,Tienda,María Torres,LIM-02,Lejía 4 L,Limpieza,Limpieza Total Perú SAC,8,9.8,0.05,74.48,51.76,22.72,Pagado,Plin
P11863,2025-10-13,10,C128,Empresa Primavera 128,Empresa,Huancayo,Centro,Tienda,Rosa Ccori,CAF-05,Café instantáneo 200 g,Café y cacao,Café Selva Central SAC,9,21.0,0.02,185.22,119.07,66.15,Pagado,Transferencia
P11863,2025-10-13,10,C128,Empresa Primavera 128,Empresa,Huancayo,Centro,Tienda,Rosa Ccori,BEB-01,Agua mineral 625 ml x 15,Bebidas,Bebidas Norte Pacífico SAC,11,18.0,0.02,194.04,122.76,71.28,Vencido,Efectivo
P11902,2025-10-13,10,C037,Bodega El Trébol 037,Bodega,Lima,Lima,Tienda,Rodrigo Salas,LIM-02,Lejía 4 L,Limpieza,Limpieza Total Perú SAC,10,9.8,0.114,86.83,64.7,22.13,Pagado,Yape
P11902,2025-10-13,10,C037,Bodega El Trébol 037,Bodega,Lima,Lima,Tienda,Rodrigo Salas,HAR-02,Fideo spaghetti 500 g,Harinas y pastas,Molinos Valle Verde SA,8,3.9,0.164,26.08,22.16,3.92,Pagado,Tarjeta
P11955,2025-10-13,10,C022,Empresa La Familia 022,Empresa,Lima,Lima,Tienda,Luis Paredes,BEB-02,Gaseosa 3 L x 4,Bebidas,Bebidas Norte Pacífico SAC,3,32.0,0,96.0,65.28,30.72,Pendiente,Transferencia
P11955,2025-10-13,10,C022,Empresa La Familia 022,Empresa,Lima,Lima,Tienda,Luis Paredes,LIM-02,Lejía 4 L,Limpieza,Limpieza Total Perú SAC,10,9.8,0,98.0,64.7,33.3,Pagado,Transferencia
P11793,2025-10-14,10,C088,Empresa Pachamama 088,Empresa,Trujillo,Norte,Tienda,María Torres,CAF-01,Café tostado molido 500 g,Café y cacao,Café Selva Central SAC,8,24.0,0,192.0,111.36,80.64,Pagado,Transferencia
P11812,2025-10-14,10,C034,Minimarket San Martín 034,Minimarket,Lima,Lima,WhatsApp,Ana Quispe,BEB-05,Té helado 500 ml x 12,Bebidas,Bebidas Norte Pacífico SAC,3,29.0,0.02,85.26,53.07,32.19,Pagado,Yape
P11887,2025-10-14,10,C058,Restaurante La Familia 058,Restaurante,Lima,Lima,Tienda,Ana Quispe,LIM-03,Lavavajilla 900 g,Limpieza,Limpieza Total Perú SAC,7,8.2,0.02,56.25,36.75,19.5,Pagado,Yape
P11890,2025-10-14,10,C025,Minimarket Don Lucho 025,Minimarket,Lima,Lima,Tienda,Rodrigo Salas,LIM-02,Lejía 4 L,Limpieza,Limpieza Total Perú SAC,7,9.8,0.153,58.1,45.29,12.81,Pagado,Tarjeta
P11934,2025-10-14,10,C069,Restaurante Mi Perú 069,Restaurante,Lima,Lima,WhatsApp,Rodrigo Salas,LIM-01,Detergente 2 kg,Limpieza,Limpieza Total Perú SAC,7,19.5,0.127,119.16,94.15,25.01,Pagado,Transferencia
P11943,2025-10-14,10,C052,Bodega La Victoria 052,Bodega,Lima,Lima,Tienda,Luis Paredes,SNA-02,Chifles 150 g x 10,Snacks,Snacks Costa Azul EIRL,3,28.0,0.02,82.32,48.72,33.6,Pagado,Tarjeta
P11943,2025-10-14,10,C052,Bodega La Victoria 052,Bodega,Lima,Lima,Tienda,Luis Paredes,CAF-03,Cacao en polvo 250 g,Café y cacao,Café Selva Central SAC,11,12.5,0.02,134.75,82.5,52.25,Pagado,Efectivo
P11781,2025-10-15,10,C010,Restaurante Los Andes 010,Restaurante,Lima,Lima,Tienda,Ana Quispe,CAF-04,Chocolate para taza 180 g,Café y cacao,Café Selva Central SAC,11,9.9,0,108.9,67.54,41.36,Pagado,Efectivo
P11781,2025-10-15,10,C010,Restaurante Los Andes 010,Restaurante,Lima,Lima,Tienda,Ana Quispe,GRA-02,Kiwicha pop 300 g,Granos andinos,Agroandina del Sur SAC,10,8.9,0,89.0,54.3,34.7,Pagado,Yape
P11790,2025-10-15,10,C048,Cafetería Inti 048,Cafetería,Lima,Lima,Tienda,Luis Paredes,HAR-04,Harina preparada 1 kg,Harinas y pastas,Molinos Valle Verde SA,9,6.3,0.03,55.0,41.4,13.6,Pagado,Efectivo
P11790,2025-10-15,10,C048,Cafetería Inti 048,Cafetería,Lima,Lima,Tienda,Luis Paredes,CAF-01,Café tostado molido 500 g,Café y cacao,Café Selva Central SAC,3,24.0,0.05,68.4,41.76,26.64,Pagado,Yape
P11807,2025-10-15,10,C110,Bodega La Esperanza 110,Bodega,Arequipa,Sur,Tienda,Jorge Huamán,CAF-03,Cacao en polvo 250 g,Café y cacao,Café Selva Central SAC,10,12.5,0,125.0,75.0,50.0,Pagado,Transferencia
P11827,2025-10-15,10,C076,Bodega El Trébol 076,Bodega,Chiclayo,Norte,Tienda,María Torres,HAR-05,Sémola 500 g,Harinas y pastas,Molinos Valle Verde SA,2,4.1,0,8.2,5.74,2.46,Pagado,Plin
P11833,2025-10-15,10,C066,Empresa La Esperanza 066,Empresa,Lima,Lima,Tienda,Rodrigo Salas,SNA-01,Papas nativas 120 g x 10,Snacks,Snacks Costa Azul EIRL,10,35.0,0.163,292.95,210.0,82.95,Pagado,Transferencia
P11833,2025-10-15,10,C066,Empresa La Esperanza 066,Empresa,Lima,Lima,Tienda,Rodrigo Salas,CAF-02,Café en grano 1 kg,Café y cacao,Café Selva Central SAC,7,46.0,0.132,279.5,183.54,95.96,Pendiente,Yape
P11842,2025-10-15,10,C108,Bodega El Sol 108,Bodega,Tacna,Sur,Tienda,Jorge Huamán,BEB-05,Té helado 500 ml x 12,Bebidas,Bebidas Norte Pacífico SAC,11,29.0,0,319.0,194.59,124.41,Pagado,Transferencia
P11871,2025-10-15,10,C101,Bodega La Esperanza 101,Bodega,Tacna,Sur,WhatsApp,Jorge Huamán,LIM-05,Jabón de tocador x 3,Limpieza,Limpieza Total Perú SAC,9,6.5,0.02,57.33,39.24,18.09,Pagado,Plin
P11871,2025-10-15,10,C101,Bodega La Esperanza 101,Bodega,Tacna,Sur,WhatsApp,Jorge Huamán,SNA-01,Papas nativas 120 g x 10,Snacks,Snacks Costa Azul EIRL,10,35.0,0.02,343.0,210.0,133.0,Pagado,Yape
P11875,2025-10-15,10,C015,Bodega Pachamama 015,Bodega,Lima,Lima,Tienda,Luis Paredes,HAR-02,Fideo spaghetti 500 g,Harinas y pastas,Molinos Valle Verde SA,12,3.9,0.05,44.46,33.24,11.22,Pagado,Efectivo
P11875,2025-10-15,10,C015,Bodega Pachamama 015,Bodega,Lima,Lima,Tienda,Luis Paredes,LIM-02,Lejía 4 L,Limpieza,Limpieza Total Perú SAC,7,9.8,0.02,67.23,45.29,21.94,Pagado,Tarjeta
P11875,2025-10-15,10,C015,Bodega Pachamama 015,Bodega,Lima,Lima,Tienda,Luis Paredes,HAR-05,Sémola 500 g,Harinas y pastas,Molinos Valle Verde SA,8,4.1,0,32.8,22.96,9.84,Pagado,Yape
P11881,2025-10-15,10,C023,Bodega El Sol 023,Bodega,Lima,Lima,Tienda,Luis Paredes,SNA-01,Papas nativas 120 g x 10,Snacks,Snacks Costa Azul EIRL,7,35.0,0.03,237.65,147.0,90.65,Pendiente,Yape
P11881,2025-10-15,10,C023,Bodega El Sol 023,Bodega,Lima,Lima,Tienda,Luis Paredes,CAF-04,Chocolate para taza 180 g,Café y cacao,Café Selva Central SAC,2,9.9,0.05,18.81,12.28,6.53,Pagado,Plin
P11936,2025-10-15,10,C099,Restaurante Los Andes 099,Restaurante,Cusco,Sur,Online,Jorge Huamán,CAF-04,Chocolate para taza 180 g,Café y cacao,Café Selva Central SAC,4,9.9,0,39.6,24.56,15.04,Pagado,Tarjeta
P11936,2025-10-15,10,C099,Restaurante Los Andes 099,Restaurante,Cusco,Sur,Online,Jorge Huamán,SNA-04,Maní salado 200 g x 12,Snacks,Snacks Costa Azul EIRL,3,30.0,0.03,87.3,55.8,31.5,Pagado,Transferencia
P11782,2025-10-16,10,C132,Restaurante Nueva Era 132,Restaurante,Huánuco,Centro,Tienda,Rosa Ccori,HAR-04,Harina preparada 1 kg,Harinas y pastas,Molinos Valle Verde SA,8,6.3,0.03,48.89,36.8,12.09,Pagado,Plin
P11811,2025-10-16,10,C140,Minimarket San Pedro 140,Minimarket,Huancayo,Centro,Tienda,Rosa Ccori,BEB-04,Bebida rehidratante 500 ml x 12,Bebidas,Bebidas Norte Pacífico SAC,4,33.0,0,132.0,83.16,48.84,Pendiente,Efectivo
P11811,2025-10-16,10,C140,Minimarket San Pedro 140,Minimarket,Huancayo,Centro,Tienda,Rosa Ccori,BEB-01,Agua mineral 625 ml x 15,Bebidas,Bebidas Norte Pacífico SAC,6,18.0,0,108.0,66.96,41.04,Pagado,Yape
P11870,2025-10-16,10,C006,Bodega Mi Perú 006,Bodega,Lima,Lima,Tienda,Rodrigo Salas,LIM-05,Jabón de tocador x 3,Limpieza,Limpieza Total Perú SAC,10,6.5,0.104,58.24,43.6,14.64,Pagado,Tarjeta
P11870,2025-10-16,10,C006,Bodega Mi Perú 006,Bodega,Lima,Lima,Tienda,Rodrigo Salas,BEB-04,Bebida rehidratante 500 ml x 12,Bebidas,Bebidas Norte Pacífico SAC,7,33.0,0.123,202.59,145.53,57.06,Pagado,Yape
P11870,2025-10-16,10,C006,Bodega Mi Perú 006,Bodega,Lima,Lima,Tienda,Rodrigo Salas,BEB-04,Bebida rehidratante 500 ml x 12,Bebidas,Bebidas Norte Pacífico SAC,5,33.0,0.159,138.76,103.95,34.81,Pagado,Transferencia
P11880,2025-10-16,10,C131,Bodega Virgen de Fátima 131,Bodega,Huánuco,Centro,Tienda,Rosa Ccori,LIM-03,Lavavajilla 900 g,Limpieza,Limpieza Total Perú SAC,12,8.2,0,98.4,63.0,35.4,Pagado,Plin
P11880,2025-10-16,10,C131,Bodega Virgen de Fátima 131,Bodega,Huánuco,Centro,Tienda,Rosa Ccori,GRA-02,Kiwicha pop 300 g,Granos andinos,Agroandina del Sur SAC,3,8.9,0.05,25.37,16.29,9.08,Pagado,Yape
P11880,2025-10-16,10,C131,Bodega Virgen de Fátima 131,Bodega,Huánuco,Centro,Tienda,Rosa Ccori,CAF-05,Café instantáneo 200 g,Café y cacao,Café Selva Central SAC,4,21.0,0.03,81.48,52.92,28.56,Pagado,Transferencia
P11891,2025-10-16,10,C034,Minimarket San Martín 034,Minimarket,Lima,Lima,Tienda,Ana Quispe,CAF-03,Cacao en polvo 250 g,Café y cacao,Café Selva Central SAC,4,12.5,0.02,49.0,30.0,19.0,Pagado,Tarjeta
P11891,2025-10-16,10,C034,Minimarket San Martín 034,Minimarket,Lima,Lima,Tienda,Ana Quispe,BEB-05,Té helado 500 ml x 12,Bebidas,Bebidas Norte Pacífico SAC,3,29.0,0.03,84.39,53.07,31.32,Pagado,Efectivo
P11891,2025-10-16,10,C034,Minimarket San Martín 034,Minimarket,Lima,Lima,Tienda,Ana Quispe,GRA-02,Kiwicha pop 300 g,Granos andinos,Agroandina del Sur SAC,12,8.9,0,106.8,65.16,41.64,Pagado,Transferencia
P11907,2025-10-16,10,C071,Minimarket Santa Rosa 071,Minimarket,Chiclayo,Norte,Tienda,María Torres,BEB-02,Gaseosa 3 L x 4,Bebidas,Bebidas Norte Pacífico SAC,11,32.0,0,352.0,239.36,112.64,Pagado,Efectivo
P11921,2025-10-16,10,C132,Restaurante Nueva Era 132,Restaurante,Huánuco,Centro,Tienda,Rosa Ccori,CAF-04,Chocolate para taza 180 g,Café y cacao,Café Selva Central SAC,9,9.9,0.05,84.65,55.26,29.39,Pagado,Transferencia
P11921,2025-10-16,10,C132,Restaurante Nueva Era 132,Restaurante,Huánuco,Centro,Tienda,Rosa Ccori,BEB-05,Té helado 500 ml x 12,Bebidas,Bebidas Norte Pacífico SAC,3,29.0,0,87.0,53.07,33.93,Pagado,Transferencia
P11940,2025-10-16,10,C138,Restaurante Las Flores 138,Restaurante,Huánuco,Centro,Tienda,Rosa Ccori,GRA-01,Quinua blanca 1 kg,Granos andinos,Agroandina del Sur SAC,9,14.5,0.05,123.97,86.13,37.84,Pendiente,Yape
P11940,2025-10-16,10,C138,Restaurante Las Flores 138,Restaurante,Huánuco,Centro,Tienda,Rosa Ccori,HAR-05,Sémola 500 g,Harinas y pastas,Molinos Valle Verde SA,12,4.1,0.02,48.22,34.44,13.78,Pagado,Yape
P11769,2025-10-17,10,C007,Restaurante El Puerto 007,Restaurante,Lima,Lima,Tienda,Ana Quispe,GRA-01,Quinua blanca 1 kg,Granos andinos,Agroandina del Sur SAC,4,14.5,0.03,56.26,38.28,17.98,Pagado,Transferencia
P11769,2025-10-17,10,C007,Restaurante El Puerto 007,Restaurante,Lima,Lima,Tienda,Ana Quispe,CAF-05,Café instantáneo 200 g,Café y cacao,Café Selva Central SAC,2,21.0,0.03,40.74,26.46,14.28,Pagado,Transferencia
P11769,2025-10-17,10,C007,Restaurante El Puerto 007,Restaurante,Lima,Lima,Tienda,Ana Quispe,SNA-05,Camote frito 120 g x 10,Snacks,Snacks Costa Azul EIRL,5,31.0,0,155.0,91.45,63.55,Pagado,Efectivo
P11794,2025-10-17,10,C129,Mayorista La Esperanza 129,Mayorista,Huánuco,Centro,Mayorista,Rosa Ccori,LIM-02,Lejía 4 L,Limpieza,Limpieza Total Perú SAC,32,9.8,0.08,288.51,207.04,81.47,Vencido,Transferencia
P11794,2025-10-17,10,C129,Mayorista La Esperanza 129,Mayorista,Huánuco,Centro,Mayorista,Rosa Ccori,HAR-03,Fideo tallarín 1 kg,Harinas y pastas,Molinos Valle Verde SA,48,7.2,0.08,317.95,248.64,69.31,Pagado,Transferencia
P11794,2025-10-17,10,C129,Mayorista La Esperanza 129,Mayorista,Huánuco,Centro,Mayorista,Rosa Ccori,HAR-04,Harina preparada 1 kg,Harinas y pastas,Molinos Valle Verde SA,24,6.3,0.08,139.1,110.4,28.7,Vencido,Transferencia
P11898,2025-10-17,10,C007,Restaurante El Puerto 007,Restaurante,Lima,Lima,Tienda,Rodrigo Salas,LIM-03,Lavavajilla 900 g,Limpieza,Limpieza Total Perú SAC,9,8.2,0.167,61.48,47.25,14.23,Pagado,Tarjeta
P11916,2025-10-17,10,C039,Cafetería El Progreso 039,Cafetería,Lima,Lima,Online,Rodrigo Salas,LIM-02,Lejía 4 L,Limpieza,Limpieza Total Perú SAC,12,9.8,0.156,99.25,77.64,21.61,Vencido,Transferencia
P11918,2025-10-17,10,C057,Bodega La Victoria 057,Bodega,Lima,Lima,Tienda,Luis Paredes,LIM-03,Lavavajilla 900 g,Limpieza,Limpieza Total Perú SAC,4,8.2,0.05,31.16,21.0,10.16,Pendiente,Tarjeta
P11918,2025-10-17,10,C057,Bodega La Victoria 057,Bodega,Lima,Lima,Tienda,Luis Paredes,HAR-01,Harina sin preparar 1 kg,Harinas y pastas,Molinos Valle Verde SA,8,5.4,0.03,41.9,32.0,9.9,Pagado,Transferencia
P11778,2025-10-18,10,C030,Cafetería San Martín 030,Cafetería,Lima,Lima,Tienda,Luis Paredes,GRA-02,Kiwicha pop 300 g,Granos andinos,Agroandina del Sur SAC,11,8.9,0.02,95.94,59.73,36.21,Pagado,Yape
P11778,2025-10-18,10,C030,Cafetería San Martín 030,Cafetería,Lima,Lima,Tienda,Luis Paredes,GRA-03,Maca en polvo 250 g,Granos andinos,Agroandina del Sur SAC,5,17.0,0.03,82.45,46.75,35.7,Pagado,Transferencia
P11779,2025-10-18,10,C011,Mayorista Pachamama 011,Mayorista,Lima,Lima,Mayorista,Luis Paredes,LIM-05,Jabón de tocador x 3,Limpieza,Limpieza Total Perú SAC,8,6.5,0.08,47.84,34.88,12.96,Pagado,Transferencia
P11779,2025-10-18,10,C011,Mayorista Pachamama 011,Mayorista,Lima,Lima,Mayorista,Luis Paredes,LIM-05,Jabón de tocador x 3,Limpieza,Limpieza Total Perú SAC,12,6.5,0.08,71.76,52.32,19.44,Vencido,Transferencia
P11864,2025-10-18,10,C130,Restaurante San Pedro 130,Restaurante,Huancayo,Centro,Tienda,Rosa Ccori,GRA-05,Avena con quinua 900 g,Granos andinos,Agroandina del Sur SAC,11,11.5,0.03,122.7,84.81,37.89,Pagado,Efectivo
P11864,2025-10-18,10,C130,Restaurante San Pedro 130,Restaurante,Huancayo,Centro,Tienda,Rosa Ccori,CAF-04,Chocolate para taza 180 g,Café y cacao,Café Selva Central SAC,12,9.9,0,118.8,73.68,45.12,Pagado,Tarjeta
P11927,2025-10-18,10,C132,Restaurante Nueva Era 132,Restaurante,Huánuco,Centro,Tienda,Rosa Ccori,HAR-02,Fideo spaghetti 500 g,Harinas y pastas,Molinos Valle Verde SA,8,3.9,0.05,29.64,22.16,7.48,Pagado,Efectivo
P11927,2025-10-18,10,C132,Restaurante Nueva Era 132,Restaurante,Huánuco,Centro,Tienda,Rosa Ccori,LIM-04,Desinfectante 1.8 L,Limpieza,Limpieza Total Perú SAC,8,11.9,0.05,90.44,60.0,30.44,Pagado,Transferencia
P11933,2025-10-18,10,C084,Bodega El Progreso 084,Bodega,Piura,Norte,Tienda,María Torres,BEB-02,Gaseosa 3 L x 4,Bebidas,Bebidas Norte Pacífico SAC,6,32.0,0.05,182.4,130.56,51.84,Pagado,Transferencia
P11933,2025-10-18,10,C084,Bodega El Progreso 084,Bodega,Piura,Norte,Tienda,María Torres,CAF-03,Cacao en polvo 250 g,Café y cacao,Café Selva Central SAC,11,12.5,0.03,133.38,82.5,50.88,Pagado,Yape
P11933,2025-10-18,10,C084,Bodega El Progreso 084,Bodega,Piura,Norte,Tienda,María Torres,SNA-02,Chifles 150 g x 10,Snacks,Snacks Costa Azul EIRL,2,28.0,0,56.0,32.48,23.52,Pagado,Yape
P11935,2025-10-18,10,C057,Bodega La Victoria 057,Bodega,Lima,Lima,Tienda,Luis Paredes,LIM-03,Lavavajilla 900 g,Limpieza,Limpieza Total Perú SAC,11,8.2,0.05,85.69,57.75,27.94,Pagado,Tarjeta
P11946,2025-10-18,10,C093,Empresa Pachamama 093,Empresa,Piura,Norte,Online,María Torres,HAR-04,Harina preparada 1 kg,Harinas y pastas,Molinos Valle Verde SA,12,6.3,0.03,73.33,55.2,18.13,Pagado,Plin
P11953,2025-10-18,10,C070,Minimarket El Ahorro 070,Minimarket,Lima,Lima,Tienda,Rodrigo Salas,BEB-02,Gaseosa 3 L x 4,Bebidas,Bebidas Norte Pacífico SAC,3,32.0,0.153,81.31,65.28,16.03,Pagado,Yape
P11953,2025-10-18,10,C070,Minimarket El Ahorro 070,Minimarket,Lima,Lima,Tienda,Rodrigo Salas,HAR-05,Sémola 500 g,Harinas y pastas,Molinos Valle Verde SA,2,4.1,0.173,6.78,5.74,1.04,Pagado,Transferencia
P11960,2025-10-18,10,C121,Bodega Don Lucho 121,Bodega,Arequipa,Sur,Tienda,Jorge Huamán,HAR-05,Sémola 500 g,Harinas y pastas,Molinos Valle Verde SA,6,4.1,0.02,24.11,17.22,6.89,Pagado,Yape
P11960,2025-10-18,10,C121,Bodega Don Lucho 121,Bodega,Arequipa,Sur,Tienda,Jorge Huamán,LIM-03,Lavavajilla 900 g,Limpieza,Limpieza Total Perú SAC,11,8.2,0.03,87.49,57.75,29.74,Pagado,Transferencia
P11973,2025-10-18,10,C074,Empresa Santa Rosa 074,Empresa,Piura,Norte,WhatsApp,María Torres,GRA-05,Avena con quinua 900 g,Granos andinos,Agroandina del Sur SAC,5,11.5,0.05,54.62,38.55,16.07,Pagado,Tarjeta
P11838,2025-10-19,10,C003,Bodega La Esperanza 003,Bodega,Lima,Lima,Tienda,Rodrigo Salas,GRA-01,Quinua blanca 1 kg,Granos andinos,Agroandina del Sur SAC,9,14.5,0.145,111.58,86.13,25.45,Pagado,Tarjeta
P11838,2025-10-19,10,C003,Bodega La Esperanza 003,Bodega,Lima,Lima,Tienda,Rodrigo Salas,BEB-02,Gaseosa 3 L x 4,Bebidas,Bebidas Norte Pacífico SAC,12,32.0,0.128,334.85,261.12,73.73,Pagado,Transferencia
P11838,2025-10-19,10,C003,Bodega La Esperanza 003,Bodega,Lima,Lima,Tienda,Rodrigo Salas,LIM-04,Desinfectante 1.8 L,Limpieza,Limpieza Total Perú SAC,5,11.9,0.101,53.49,37.5,15.99,Pagado,Transferencia
P11889,2025-10-19,10,C009,Minimarket La Esperanza 009,Minimarket,Lima,Lima,WhatsApp,Ana Quispe,SNA-03,Galletas de avena x 24,Snacks,Snacks Costa Azul EIRL,2,22.0,0.02,43.12,28.6,14.52,Pagado,Yape
P11889,2025-10-19,10,C009,Minimarket La Esperanza 009,Minimarket,Lima,Lima,WhatsApp,Ana Quispe,SNA-04,Maní salado 200 g x 12,Snacks,Snacks Costa Azul EIRL,9,30.0,0,270.0,167.4,102.6,Pagado,Efectivo
P11926,2025-10-19,10,C116,Bodega Las Flores 116,Bodega,Tacna,Sur,WhatsApp,Jorge Huamán,LIM-05,Jabón de tocador x 3,Limpieza,Limpieza Total Perú SAC,3,6.5,0,19.5,13.08,6.42,Pagado,Efectivo
P11962,2025-10-19,10,C023,Bodega El Sol 023,Bodega,Lima,Lima,Tienda,Rodrigo Salas,GRA-03,Maca en polvo 250 g,Granos andinos,Agroandina del Sur SAC,6,17.0,0.116,90.17,56.1,34.07,Pagado,Tarjeta
P11962,2025-10-19,10,C023,Bodega El Sol 023,Bodega,Lima,Lima,Tienda,Rodrigo Salas,SNA-04,Maní salado 200 g x 12,Snacks,Snacks Costa Azul EIRL,7,30.0,0.11,186.9,130.2,56.7,Pagado,Plin
P11805,2025-10-20,10,C107,Minimarket Mi Perú 107,Minimarket,Cusco,Sur,Tienda,Jorge Huamán,CAF-01,Café tostado molido 500 g,Café y cacao,Café Selva Central SAC,2,24.0,0,48.0,27.84,20.16,Pagado,Tarjeta
P11805,2025-10-20,10,C107,Minimarket Mi Perú 107,Minimarket,Cusco,Sur,Tienda,Jorge Huamán,GRA-04,Chía 500 g,Granos andinos,Agroandina del Sur SAC,9,13.0,0,117.0,74.88,42.12,Pagado,Transferencia
P11817,2025-10-20,10,C126,Restaurante La Familia 126,Restaurante,Arequipa,Sur,Tienda,Jorge Huamán,SNA-05,Camote frito 120 g x 10,Snacks,Snacks Costa Azul EIRL,9,31.0,0.02,273.42,164.61,108.81,Pagado,Efectivo
P11869,2025-10-20,10,C135,Cafetería La Esperanza 135,Cafetería,Huancayo,Centro,Tienda,Rosa Ccori,SNA-01,Papas nativas 120 g x 10,Snacks,Snacks Costa Azul EIRL,12,35.0,0.05,399.0,252.0,147.0,Pagado,Yape
P11899,2025-10-20,10,C017,Minimarket El Progreso 017,Minimarket,Lima,Lima,Tienda,Rodrigo Salas,LIM-02,Lejía 4 L,Limpieza,Limpieza Total Perú SAC,6,9.8,0.155,49.69,38.82,10.87,Pagado,Transferencia
P11899,2025-10-20,10,C017,Minimarket El Progreso 017,Minimarket,Lima,Lima,Tienda,Rodrigo Salas,CAF-05,Café instantáneo 200 g,Café y cacao,Café Selva Central SAC,4,21.0,0.11,74.76,52.92,21.84,Pagado,Efectivo
P11901,2025-10-20,10,C036,Restaurante El Ahorro 036,Restaurante,Lima,Lima,Tienda,Luis Paredes,GRA-05,Avena con quinua 900 g,Granos andinos,Agroandina del Sur SAC,9,11.5,0.03,100.39,69.39,31.0,Pagado,Tarjeta
P11901,2025-10-20,10,C036,Restaurante El Ahorro 036,Restaurante,Lima,Lima,Tienda,Luis Paredes,SNA-02,Chifles 150 g x 10,Snacks,Snacks Costa Azul EIRL,5,28.0,0,140.0,81.2,58.8,Pagado,Yape
P11901,2025-10-20,10,C036,Restaurante El Ahorro 036,Restaurante,Lima,Lima,Tienda,Luis Paredes,HAR-03,Fideo tallarín 1 kg,Harinas y pastas,Molinos Valle Verde SA,2,7.2,0,14.4,10.36,4.04,Pagado,Transferencia
P11909,2025-10-20,10,C023,Bodega El Sol 023,Bodega,Lima,Lima,Tienda,Ana Quispe,GRA-05,Avena con quinua 900 g,Granos andinos,Agroandina del Sur SAC,11,11.5,0.03,122.7,84.81,37.89,Pagado,Yape
P11909,2025-10-20,10,C023,Bodega El Sol 023,Bodega,Lima,Lima,Tienda,Ana Quispe,BEB-02,Gaseosa 3 L x 4,Bebidas,Bebidas Norte Pacífico SAC,12,32.0,0.03,372.48,261.12,111.36,Pagado,Yape
P11911,2025-10-20,10,C052,Bodega La Victoria 052,Bodega,Lima,Lima,Tienda,Luis Paredes,GRA-04,Chía 500 g,Granos andinos,Agroandina del Sur SAC,5,13.0,0.02,63.7,41.6,22.1,Pagado,Transferencia
P11967,2025-10-20,10,C096,Cafetería La Familia 096,Cafetería,Piura,Norte,Tienda,María Torres,HAR-05,Sémola 500 g,Harinas y pastas,Molinos Valle Verde SA,12,4.1,0,49.2,34.44,14.76,Pagado,Transferencia
P11967,2025-10-20,10,C096,Cafetería La Familia 096,Cafetería,Piura,Norte,Tienda,María Torres,CAF-03,Cacao en polvo 250 g,Café y cacao,Café Selva Central SAC,11,12.5,0,137.5,82.5,55.0,Pagado,Yape
P11780,2025-10-21,10,C134,Bodega El Puerto 134,Bodega,Huancayo,Centro,Tienda,Rosa Ccori,HAR-05,Sémola 500 g,Harinas y pastas,Molinos Valle Verde SA,7,4.1,0.03,27.84,20.09,7.75,Pagado,Efectivo
P11780,2025-10-21,10,C134,Bodega El Puerto 134,Bodega,Huancayo,Centro,Tienda,Rosa Ccori,CAF-05,Café instantáneo 200 g,Café y cacao,Café Selva Central SAC,11,21.0,0,231.0,145.53,85.47,Pagado,Plin
P11780,2025-10-21,10,C134,Bodega El Puerto 134,Bodega,Huancayo,Centro,Tienda,Rosa Ccori,CAF-01,Café tostado molido 500 g,Café y cacao,Café Selva Central SAC,7,24.0,0.03,162.96,97.44,65.52,Pagado,Transferencia
P11800,2025-10-21,10,C092,Cafetería El Progreso 092,Cafetería,Chiclayo,Norte,Tienda,María Torres,GRA-01,Quinua blanca 1 kg,Granos andinos,Agroandina del Sur SAC,9,14.5,0,130.5,86.13,44.37,Pagado,Transferencia
P11809,2025-10-21,10,C086,Restaurante Los Andes 086,Restaurante,Piura,Norte,Tienda,María Torres,LIM-01,Detergente 2 kg,Limpieza,Limpieza Total Perú SAC,12,19.5,0,234.0,161.4,72.6,Pendiente,Yape
P11809,2025-10-21,10,C086,Restaurante Los Andes 086,Restaurante,Piura,Norte,Tienda,María Torres,LIM-01,Detergente 2 kg,Limpieza,Limpieza Total Perú SAC,4,19.5,0.05,74.1,53.8,20.3,Pagado,Yape
P11836,2025-10-21,10,C090,Minimarket La Esperanza 090,Minimarket,Piura,Norte,WhatsApp,María Torres,LIM-03,Lavavajilla 900 g,Limpieza,Limpieza Total Perú SAC,11,8.2,0,90.2,57.75,32.45,Vencido,Transferencia
P11848,2025-10-21,10,C075,Mayorista Santa Rosa 075,Mayorista,Trujillo,Norte,Mayorista,María Torres,BEB-05,Té helado 500 ml x 12,Bebidas,Bebidas Norte Pacífico SAC,8,29.0,0.08,213.44,141.52,71.92,Pagado,Transferencia
P11848,2025-10-21,10,C075,Mayorista Santa Rosa 075,Mayorista,Trujillo,Norte,Mayorista,María Torres,LIM-03,Lavavajilla 900 g,Limpieza,Limpieza Total Perú SAC,12,8.2,0.08,90.53,63.0,27.53,Pagado,Transferencia
P11848,2025-10-21,10,C075,Mayorista Santa Rosa 075,Mayorista,Trujillo,Norte,Mayorista,María Torres,CAF-02,Café en grano 1 kg,Café y cacao,Café Selva Central SAC,44,46.0,0.08,1862.08,1153.68,708.4,Pagado,Transferencia
P11894,2025-10-21,10,C140,Minimarket San Pedro 140,Minimarket,Huancayo,Centro,Tienda,Rosa Ccori,BEB-03,Néctar de durazno 1 L x 6,Bebidas,Bebidas Norte Pacífico SAC,6,27.0,0,162.0,103.68,58.32,Pagado,Efectivo
P11947,2025-10-21,10,C038,Bodega El Ahorro 038,Bodega,Lima,Lima,Online,Ana Quispe,SNA-01,Papas nativas 120 g x 10,Snacks,Snacks Costa Azul EIRL,10,35.0,0.02,343.0,210.0,133.0,Pagado,Transferencia
P11947,2025-10-21,10,C038,Bodega El Ahorro 038,Bodega,Lima,Lima,Online,Ana Quispe,BEB-01,Agua mineral 625 ml x 15,Bebidas,Bebidas Norte Pacífico SAC,12,18.0,0,216.0,133.92,82.08,Pagado,Transferencia
P11965,2025-10-21,10,C072,Empresa Santa Rosa 072,Empresa,Trujillo,Norte,Tienda,María Torres,SNA-04,Maní salado 200 g x 12,Snacks,Snacks Costa Azul EIRL,9,30.0,0,270.0,167.4,102.6,Pagado,Transferencia
P11965,2025-10-21,10,C072,Empresa Santa Rosa 072,Empresa,Trujillo,Norte,Tienda,María Torres,SNA-05,Camote frito 120 g x 10,Snacks,Snacks Costa Azul EIRL,3,31.0,0.05,88.35,54.87,33.48,Pagado,Transferencia
P11972,2025-10-21,10,C107,Minimarket Mi Perú 107,Minimarket,Cusco,Sur,Tienda,Jorge Huamán,SNA-05,Camote frito 120 g x 10,Snacks,Snacks Costa Azul EIRL,5,31.0,0,155.0,91.45,63.55,Pagado,Yape
P11771,2025-10-22,10,C107,Minimarket Mi Perú 107,Minimarket,Cusco,Sur,WhatsApp,Jorge Huamán,GRA-02,Kiwicha pop 300 g,Granos andinos,Agroandina del Sur SAC,8,8.9,0.03,69.06,43.44,25.62,Pagado,Tarjeta
P11771,2025-10-22,10,C107,Minimarket Mi Perú 107,Minimarket,Cusco,Sur,WhatsApp,Jorge Huamán,BEB-01,Agua mineral 625 ml x 15,Bebidas,Bebidas Norte Pacífico SAC,9,18.0,0,162.0,100.44,61.56,Pagado,Transferencia
P11771,2025-10-22,10,C107,Minimarket Mi Perú 107,Minimarket,Cusco,Sur,WhatsApp,Jorge Huamán,LIM-04,Desinfectante 1.8 L,Limpieza,Limpieza Total Perú SAC,8,11.9,0,95.2,60.0,35.2,Pagado,Efectivo
P11788,2025-10-22,10,C001,Minimarket El Progreso 001,Minimarket,Lima,Lima,Tienda,Ana Quispe,CAF-01,Café tostado molido 500 g,Café y cacao,Café Selva Central SAC,6,24.0,0,144.0,83.52,60.48,Pagado,Transferencia
P11788,2025-10-22,10,C001,Minimarket El Progreso 001,Minimarket,Lima,Lima,Tienda,Ana Quispe,LIM-03,Lavavajilla 900 g,Limpieza,Limpieza Total Perú SAC,8,8.2,0,65.6,42.0,23.6,Pagado,Yape
P11788,2025-10-22,10,C001,Minimarket El Progreso 001,Minimarket,Lima,Lima,Tienda,Ana Quispe,HAR-02,Fideo spaghetti 500 g,Harinas y pastas,Molinos Valle Verde SA,10,3.9,0,39.0,27.7,11.3,Pendiente,Tarjeta
P11814,2025-10-22,10,C068,Minimarket San Pedro 068,Minimarket,Lima,Lima,Online,Luis Paredes,CAF-05,Café instantáneo 200 g,Café y cacao,Café Selva Central SAC,5,21.0,0.02,102.9,66.15,36.75,Pagado,Yape
P11814,2025-10-22,10,C068,Minimarket San Pedro 068,Minimarket,Lima,Lima,Online,Luis Paredes,HAR-01,Harina sin preparar 1 kg,Harinas y pastas,Molinos Valle Verde SA,4,5.4,0.03,20.95,16.0,4.95,Pagado,Tarjeta
P11814,2025-10-22,10,C068,Minimarket San Pedro 068,Minimarket,Lima,Lima,Online,Luis Paredes,CAF-04,Chocolate para taza 180 g,Café y cacao,Café Selva Central SAC,11,9.9,0.05,103.45,67.54,35.91,Pagado,Efectivo
P11865,2025-10-22,10,C011,Mayorista Pachamama 011,Mayorista,Lima,Lima,Mayorista,Rodrigo Salas,LIM-01,Detergente 2 kg,Limpieza,Limpieza Total Perú SAC,20,19.5,0.111,346.71,269.0,77.71,Pendiente,Transferencia
P11865,2025-10-22,10,C011,Mayorista Pachamama 011,Mayorista,Lima,Lima,Mayorista,Rodrigo Salas,GRA-01,Quinua blanca 1 kg,Granos andinos,Agroandina del Sur SAC,24,14.5,0.1,313.2,229.68,83.52,Vencido,Transferencia
P11879,2025-10-22,10,C127,Minimarket El Progreso 127,Minimarket,Huánuco,Centro,Tienda,Rosa Ccori,LIM-03,Lavavajilla 900 g,Limpieza,Limpieza Total Perú SAC,4,8.2,0,32.8,21.0,11.8,Pagado,Transferencia
P11885,2025-10-22,10,C092,Cafetería El Progreso 092,Cafetería,Chiclayo,Norte,Tienda,María Torres,SNA-02,Chifles 150 g x 10,Snacks,Snacks Costa Azul EIRL,8,28.0,0,224.0,129.92,94.08,Pagado,Plin
P11966,2025-10-22,10,C086,Restaurante Los Andes 086,Restaurante,Piura,Norte,WhatsApp,María Torres,CAF-02,Café en grano 1 kg,Café y cacao,Café Selva Central SAC,8,46.0,0,368.0,209.76,158.24,Pagado,Tarjeta
P11799,2025-10-23,10,C043,Restaurante Mi Perú 043,Restaurante,Lima,Lima,Tienda,Luis Paredes,LIM-02,Lejía 4 L,Limpieza,Limpieza Total Perú SAC,6,9.8,0.03,57.04,38.82,18.22,Pagado,Transferencia
P11874,2025-10-23,10,C134,Bodega El Puerto 134,Bodega,Huancayo,Centro,Online,Rosa Ccori,CAF-05,Café instantáneo 200 g,Café y cacao,Café Selva Central SAC,7,21.0,0,147.0,92.61,54.39,Pagado,Plin
P11874,2025-10-23,10,C134,Bodega El Puerto 134,Bodega,Huancayo,Centro,Online,Rosa Ccori,HAR-02,Fideo spaghetti 500 g,Harinas y pastas,Molinos Valle Verde SA,6,3.9,0,23.4,16.62,6.78,Pagado,Yape
P11874,2025-10-23,10,C134,Bodega El Puerto 134,Bodega,Huancayo,Centro,Online,Rosa Ccori,SNA-04,Maní salado 200 g x 12,Snacks,Snacks Costa Azul EIRL,2,30.0,0.03,58.2,37.2,21.0,Pagado,Yape
P11895,2025-10-23,10,C138,Restaurante Las Flores 138,Restaurante,Huánuco,Centro,Online,Rosa Ccori,BEB-02,Gaseosa 3 L x 4,Bebidas,Bebidas Norte Pacífico SAC,12,32.0,0.05,364.8,261.12,103.68,Pendiente,Tarjeta
P11895,2025-10-23,10,C138,Restaurante Las Flores 138,Restaurante,Huánuco,Centro,Online,Rosa Ccori,GRA-02,Kiwicha pop 300 g,Granos andinos,Agroandina del Sur SAC,9,8.9,0.05,76.09,48.87,27.22,Pendiente,Tarjeta
P11895,2025-10-23,10,C138,Restaurante Las Flores 138,Restaurante,Huánuco,Centro,Online,Rosa Ccori,LIM-05,Jabón de tocador x 3,Limpieza,Limpieza Total Perú SAC,3,6.5,0,19.5,13.08,6.42,Pagado,Efectivo
P11917,2025-10-23,10,C024,Bodega Los Andes 024,Bodega,Lima,Lima,Tienda,Ana Quispe,CAF-04,Chocolate para taza 180 g,Café y cacao,Café Selva Central SAC,3,9.9,0,29.7,18.42,11.28,Pagado,Yape
P11948,2025-10-23,10,C108,Bodega El Sol 108,Bodega,Tacna,Sur,Tienda,Jorge Huamán,GRA-04,Chía 500 g,Granos andinos,Agroandina del Sur SAC,11,13.0,0.05,135.85,91.52,44.33,Pagado,Yape
P11948,2025-10-23,10,C108,Bodega El Sol 108,Bodega,Tacna,Sur,Tienda,Jorge Huamán,HAR-01,Harina sin preparar 1 kg,Harinas y pastas,Molinos Valle Verde SA,2,5.4,0.05,10.26,8.0,2.26,Pagado,Efectivo
P11948,2025-10-23,10,C108,Bodega El Sol 108,Bodega,Tacna,Sur,Tienda,Jorge Huamán,CAF-04,Chocolate para taza 180 g,Café y cacao,Café Selva Central SAC,8,9.9,0.05,75.24,49.12,26.12,Pagado,Tarjeta
P11970,2025-10-23,10,C083,Bodega Mi Perú 083,Bodega,Piura,Norte,Tienda,María Torres,BEB-05,Té helado 500 ml x 12,Bebidas,Bebidas Norte Pacífico SAC,7,29.0,0.03,196.91,123.83,73.08,Pagado,Efectivo
P11970,2025-10-23,10,C083,Bodega Mi Perú 083,Bodega,Piura,Norte,Tienda,María Torres,GRA-01,Quinua blanca 1 kg,Granos andinos,Agroandina del Sur SAC,5,14.5,0.02,71.05,47.85,23.2,Pendiente,Transferencia
P11970,2025-10-23,10,C083,Bodega Mi Perú 083,Bodega,Piura,Norte,Tienda,María Torres,LIM-04,Desinfectante 1.8 L,Limpieza,Limpieza Total Perú SAC,9,11.9,0.02,104.96,67.5,37.46,Pendiente,Efectivo
P11786,2025-10-24,10,C001,Minimarket El Progreso 001,Minimarket,Lima,Lima,WhatsApp,Luis Paredes,CAF-03,Cacao en polvo 250 g,Café y cacao,Café Selva Central SAC,7,12.5,0.03,84.88,52.5,32.38,Pagado,Yape
P11786,2025-10-24,10,C001,Minimarket El Progreso 001,Minimarket,Lima,Lima,WhatsApp,Luis Paredes,CAF-05,Café instantáneo 200 g,Café y cacao,Café Selva Central SAC,10,21.0,0.02,205.8,132.3,73.5,Pagado,Efectivo
P11786,2025-10-24,10,C001,Minimarket El Progreso 001,Minimarket,Lima,Lima,WhatsApp,Luis Paredes,BEB-02,Gaseosa 3 L x 4,Bebidas,Bebidas Norte Pacífico SAC,6,32.0,0.05,182.4,130.56,51.84,Pagado,Tarjeta
P11843,2025-10-24,10,C036,Restaurante El Ahorro 036,Restaurante,Lima,Lima,WhatsApp,Luis Paredes,SNA-02,Chifles 150 g x 10,Snacks,Snacks Costa Azul EIRL,6,28.0,0,168.0,97.44,70.56,Pagado,Efectivo
P11862,2025-10-24,10,C023,Bodega El Sol 023,Bodega,Lima,Lima,Tienda,Rodrigo Salas,GRA-01,Quinua blanca 1 kg,Granos andinos,Agroandina del Sur SAC,8,14.5,0.131,100.8,76.56,24.24,Pagado,Yape
P11862,2025-10-24,10,C023,Bodega El Sol 023,Bodega,Lima,Lima,Tienda,Rodrigo Salas,LIM-02,Lejía 4 L,Limpieza,Limpieza Total Perú SAC,2,9.8,0.159,16.48,12.94,3.54,Pagado,Plin
P11892,2025-10-24,10,C058,Restaurante La Familia 058,Restaurante,Lima,Lima,Tienda,Ana Quispe,LIM-03,Lavavajilla 900 g,Limpieza,Limpieza Total Perú SAC,8,8.2,0.02,64.29,42.0,22.29,Pendiente,Tarjeta
P11892,2025-10-24,10,C058,Restaurante La Familia 058,Restaurante,Lima,Lima,Tienda,Ana Quispe,BEB-02,Gaseosa 3 L x 4,Bebidas,Bebidas Norte Pacífico SAC,12,32.0,0.02,376.32,261.12,115.2,Pagado,Plin
P11892,2025-10-24,10,C058,Restaurante La Familia 058,Restaurante,Lima,Lima,Tienda,Ana Quispe,SNA-03,Galletas de avena x 24,Snacks,Snacks Costa Azul EIRL,11,22.0,0.03,234.74,157.3,77.44,Pagado,Transferencia
P11912,2025-10-24,10,C072,Empresa Santa Rosa 072,Empresa,Trujillo,Norte,Tienda,María Torres,GRA-02,Kiwicha pop 300 g,Granos andinos,Agroandina del Sur SAC,9,8.9,0.03,77.7,48.87,28.83,Pagado,Plin
P11912,2025-10-24,10,C072,Empresa Santa Rosa 072,Empresa,Trujillo,Norte,Tienda,María Torres,BEB-03,Néctar de durazno 1 L x 6,Bebidas,Bebidas Norte Pacífico SAC,9,27.0,0.02,238.14,155.52,82.62,Pagado,Tarjeta
P11958,2025-10-24,10,C090,Minimarket La Esperanza 090,Minimarket,Piura,Norte,WhatsApp,María Torres,LIM-05,Jabón de tocador x 3,Limpieza,Limpieza Total Perú SAC,6,6.5,0,39.0,26.16,12.84,Pagado,Transferencia
P11958,2025-10-24,10,C090,Minimarket La Esperanza 090,Minimarket,Piura,Norte,WhatsApp,María Torres,CAF-01,Café tostado molido 500 g,Café y cacao,Café Selva Central SAC,12,24.0,0,288.0,167.04,120.96,Pagado,Transferencia
P11958,2025-10-24,10,C090,Minimarket La Esperanza 090,Minimarket,Piura,Norte,WhatsApp,María Torres,GRA-03,Maca en polvo 250 g,Granos andinos,Agroandina del Sur SAC,3,17.0,0,51.0,28.05,22.95,Pagado,Efectivo
P11787,2025-10-25,10,C138,Restaurante Las Flores 138,Restaurante,Huánuco,Centro,Tienda,Rosa Ccori,LIM-02,Lejía 4 L,Limpieza,Limpieza Total Perú SAC,7,9.8,0.02,67.23,45.29,21.94,Pagado,Yape
P11787,2025-10-25,10,C138,Restaurante Las Flores 138,Restaurante,Huánuco,Centro,Tienda,Rosa Ccori,BEB-01,Agua mineral 625 ml x 15,Bebidas,Bebidas Norte Pacífico SAC,5,18.0,0.05,85.5,55.8,29.7,Pagado,Plin
P11818,2025-10-25,10,C083,Bodega Mi Perú 083,Bodega,Piura,Norte,Online,María Torres,SNA-01,Papas nativas 120 g x 10,Snacks,Snacks Costa Azul EIRL,4,35.0,0.05,133.0,84.0,49.0,Pagado,Efectivo
P11818,2025-10-25,10,C083,Bodega Mi Perú 083,Bodega,Piura,Norte,Online,María Torres,HAR-01,Harina sin preparar 1 kg,Harinas y pastas,Molinos Valle Verde SA,6,5.4,0,32.4,24.0,8.4,Pagado,Yape
P11846,2025-10-25,10,C027,Mayorista El Ahorro 027,Mayorista,Lima,Lima,Mayorista,Luis Paredes,BEB-05,Té helado 500 ml x 12,Bebidas,Bebidas Norte Pacífico SAC,40,29.0,0.08,1067.2,707.6,359.6,Vencido,Transferencia
P11846,2025-10-25,10,C027,Mayorista El Ahorro 027,Mayorista,Lima,Lima,Mayorista,Luis Paredes,CAF-05,Café instantáneo 200 g,Café y cacao,Café Selva Central SAC,36,21.0,0.08,695.52,476.28,219.24,Pendiente,Transferencia
P11846,2025-10-25,10,C027,Mayorista El Ahorro 027,Mayorista,Lima,Lima,Mayorista,Luis Paredes,SNA-03,Galletas de avena x 24,Snacks,Snacks Costa Azul EIRL,16,22.0,0.08,323.84,228.8,95.04,Vencido,Transferencia
P11906,2025-10-25,10,C135,Cafetería La Esperanza 135,Cafetería,Huancayo,Centro,WhatsApp,Rosa Ccori,GRA-05,Avena con quinua 900 g,Granos andinos,Agroandina del Sur SAC,3,11.5,0,34.5,23.13,11.37,Pagado,Transferencia
P11906,2025-10-25,10,C135,Cafetería La Esperanza 135,Cafetería,Huancayo,Centro,WhatsApp,Rosa Ccori,GRA-03,Maca en polvo 250 g,Granos andinos,Agroandina del Sur SAC,3,17.0,0.03,49.47,28.05,21.42,Pagado,Yape
P11938,2025-10-25,10,C080,Restaurante El Ahorro 080,Restaurante,Trujillo,Norte,Tienda,María Torres,LIM-05,Jabón de tocador x 3,Limpieza,Limpieza Total Perú SAC,9,6.5,0.03,56.74,39.24,17.5,Pagado,Yape
P11950,2025-10-25,10,C009,Minimarket La Esperanza 009,Minimarket,Lima,Lima,Tienda,Ana Quispe,CAF-03,Cacao en polvo 250 g,Café y cacao,Café Selva Central SAC,6,12.5,0.03,72.75,45.0,27.75,Pagado,Yape
P11961,2025-10-25,10,C023,Bodega El Sol 023,Bodega,Lima,Lima,Tienda,Rodrigo Salas,CAF-03,Cacao en polvo 250 g,Café y cacao,Café Selva Central SAC,2,12.5,0.157,21.07,15.0,6.07,Pagado,Transferencia
P11961,2025-10-25,10,C023,Bodega El Sol 023,Bodega,Lima,Lima,Tienda,Rodrigo Salas,SNA-01,Papas nativas 120 g x 10,Snacks,Snacks Costa Azul EIRL,6,35.0,0.111,186.69,126.0,60.69,Pagado,Plin
P11961,2025-10-25,10,C023,Bodega El Sol 023,Bodega,Lima,Lima,Tienda,Rodrigo Salas,SNA-04,Maní salado 200 g x 12,Snacks,Snacks Costa Azul EIRL,11,30.0,0.145,282.15,204.6,77.55,Pagado,Transferencia
P11968,2025-10-25,10,C057,Bodega La Victoria 057,Bodega,Lima,Lima,WhatsApp,Ana Quispe,CAF-05,Café instantáneo 200 g,Café y cacao,Café Selva Central SAC,10,21.0,0.03,203.7,132.3,71.4,Pagado,Tarjeta
P11968,2025-10-25,10,C057,Bodega La Victoria 057,Bodega,Lima,Lima,WhatsApp,Ana Quispe,BEB-04,Bebida rehidratante 500 ml x 12,Bebidas,Bebidas Norte Pacífico SAC,12,33.0,0,396.0,249.48,146.52,Pagado,Yape
P11820,2025-10-26,10,C042,Bodega La Familia 042,Bodega,Lima,Lima,Tienda,Rodrigo Salas,GRA-03,Maca en polvo 250 g,Granos andinos,Agroandina del Sur SAC,2,17.0,0.109,30.29,18.7,11.59,Pagado,Transferencia
P11820,2025-10-26,10,C042,Bodega La Familia 042,Bodega,Lima,Lima,Tienda,Rodrigo Salas,SNA-03,Galletas de avena x 24,Snacks,Snacks Costa Azul EIRL,8,22.0,0.129,153.3,114.4,38.9,Pagado,Tarjeta
P11834,2025-10-26,10,C129,Mayorista La Esperanza 129,Mayorista,Huánuco,Centro,Mayorista,Rosa Ccori,HAR-05,Sémola 500 g,Harinas y pastas,Molinos Valle Verde SA,44,4.1,0.08,165.97,126.28,39.69,Pagado,Transferencia
P11834,2025-10-26,10,C129,Mayorista La Esperanza 129,Mayorista,Huánuco,Centro,Mayorista,Rosa Ccori,GRA-01,Quinua blanca 1 kg,Granos andinos,Agroandina del Sur SAC,36,14.5,0.08,480.24,344.52,135.72,Pagado,Transferencia
P11866,2025-10-26,10,C052,Bodega La Victoria 052,Bodega,Lima,Lima,Tienda,Ana Quispe,CAF-05,Café instantáneo 200 g,Café y cacao,Café Selva Central SAC,9,21.0,0.03,183.33,119.07,64.26,Pagado,Tarjeta
P11888,2025-10-26,10,C081,Restaurante Las Flores 081,Restaurante,Chiclayo,Norte,Tienda,María Torres,BEB-02,Gaseosa 3 L x 4,Bebidas,Bebidas Norte Pacífico SAC,7,32.0,0.02,219.52,152.32,67.2,Pagado,Tarjeta
P11888,2025-10-26,10,C081,Restaurante Las Flores 081,Restaurante,Chiclayo,Norte,Tienda,María Torres,LIM-04,Desinfectante 1.8 L,Limpieza,Limpieza Total Perú SAC,7,11.9,0.03,80.8,52.5,28.3,Vencido,Transferencia
P11888,2025-10-26,10,C081,Restaurante Las Flores 081,Restaurante,Chiclayo,Norte,Tienda,María Torres,CAF-03,Cacao en polvo 250 g,Café y cacao,Café Selva Central SAC,3,12.5,0.03,36.38,22.5,13.88,Pagado,Yape
P11893,2025-10-26,10,C123,Minimarket La Victoria 123,Minimarket,Tacna,Sur,Tienda,Jorge Huamán,GRA-01,Quinua blanca 1 kg,Granos andinos,Agroandina del Sur SAC,4,14.5,0.02,56.84,38.28,18.56,Pagado,Plin
P11905,2025-10-26,10,C115,Empresa El Puerto 115,Empresa,Arequipa,Sur,Tienda,Jorge Huamán,SNA-03,Galletas de avena x 24,Snacks,Snacks Costa Azul EIRL,8,22.0,0.03,170.72,114.4,56.32,Pagado,Plin
P11905,2025-10-26,10,C115,Empresa El Puerto 115,Empresa,Arequipa,Sur,Tienda,Jorge Huamán,SNA-05,Camote frito 120 g x 10,Snacks,Snacks Costa Azul EIRL,11,31.0,0.02,334.18,201.19,132.99,Pagado,Plin
P11905,2025-10-26,10,C115,Empresa El Puerto 115,Empresa,Arequipa,Sur,Tienda,Jorge Huamán,CAF-03,Cacao en polvo 250 g,Café y cacao,Café Selva Central SAC,7,12.5,0.05,83.12,52.5,30.62,Pagado,Yape
P11937,2025-10-26,10,C117,Empresa Mi Perú 117,Empresa,Arequipa,Sur,Online,Jorge Huamán,BEB-05,Té helado 500 ml x 12,Bebidas,Bebidas Norte Pacífico SAC,12,29.0,0,348.0,212.28,135.72,Pagado,Transferencia
P11959,2025-10-26,10,C046,Restaurante Don Lucho 046,Restaurante,Lima,Lima,Tienda,Luis Paredes,HAR-02,Fideo spaghetti 500 g,Harinas y pastas,Molinos Valle Verde SA,11,3.9,0.05,40.75,30.47,10.28,Pagado,Transferencia
P11971,2025-10-26,10,C067,Bodega Las Flores 067,Bodega,Lima,Lima,Tienda,Ana Quispe,GRA-01,Quinua blanca 1 kg,Granos andinos,Agroandina del Sur SAC,11,14.5,0.03,154.72,105.27,49.45,Pagado,Yape
P11971,2025-10-26,10,C067,Bodega Las Flores 067,Bodega,Lima,Lima,Tienda,Ana Quispe,SNA-05,Camote frito 120 g x 10,Snacks,Snacks Costa Azul EIRL,5,31.0,0.02,151.9,91.45,60.45,Pagado,Plin
P11795,2025-10-27,10,C059,Bodega Santa Rosa 059,Bodega,Lima,Lima,Tienda,Ana Quispe,SNA-03,Galletas de avena x 24,Snacks,Snacks Costa Azul EIRL,4,22.0,0.02,86.24,57.2,29.04,Pagado,Transferencia
P11795,2025-10-27,10,C059,Bodega Santa Rosa 059,Bodega,Lima,Lima,Tienda,Ana Quispe,BEB-02,Gaseosa 3 L x 4,Bebidas,Bebidas Norte Pacífico SAC,11,32.0,0.05,334.4,239.36,95.04,Pagado,Plin
P11841,2025-10-27,10,C065,Bodega Virgen de Fátima 065,Bodega,Lima,Lima,Tienda,Ana Quispe,HAR-05,Sémola 500 g,Harinas y pastas,Molinos Valle Verde SA,5,4.1,0.03,19.88,14.35,5.53,Pagado,Transferencia
P11841,2025-10-27,10,C065,Bodega Virgen de Fátima 065,Bodega,Lima,Lima,Tienda,Ana Quispe,SNA-01,Papas nativas 120 g x 10,Snacks,Snacks Costa Azul EIRL,5,35.0,0.02,171.5,105.0,66.5,Pagado,Transferencia
P11844,2025-10-27,10,C095,Bodega La Familia 095,Bodega,Piura,Norte,Tienda,María Torres,BEB-01,Agua mineral 625 ml x 15,Bebidas,Bebidas Norte Pacífico SAC,9,18.0,0,162.0,100.44,61.56,Pagado,Tarjeta
P11844,2025-10-27,10,C095,Bodega La Familia 095,Bodega,Piura,Norte,Tienda,María Torres,BEB-04,Bebida rehidratante 500 ml x 12,Bebidas,Bebidas Norte Pacífico SAC,2,33.0,0.03,64.02,41.58,22.44,Pagado,Transferencia
P11873,2025-10-27,10,C043,Restaurante Mi Perú 043,Restaurante,Lima,Lima,Tienda,Rodrigo Salas,SNA-01,Papas nativas 120 g x 10,Snacks,Snacks Costa Azul EIRL,3,35.0,0.155,88.72,63.0,25.72,Pagado,Tarjeta
P11873,2025-10-27,10,C043,Restaurante Mi Perú 043,Restaurante,Lima,Lima,Tienda,Rodrigo Salas,SNA-02,Chifles 150 g x 10,Snacks,Snacks Costa Azul EIRL,11,28.0,0.172,255.02,178.64,76.38,Pagado,Efectivo
P11914,2025-10-27,10,C016,Cafetería Primavera 016,Cafetería,Lima,Lima,Tienda,Rodrigo Salas,HAR-02,Fideo spaghetti 500 g,Harinas y pastas,Molinos Valle Verde SA,12,3.9,0.151,39.73,33.24,6.49,Pagado,Yape
P11914,2025-10-27,10,C016,Cafetería Primavera 016,Cafetería,Lima,Lima,Tienda,Rodrigo Salas,GRA-04,Chía 500 g,Granos andinos,Agroandina del Sur SAC,11,13.0,0.139,123.12,91.52,31.6,Pendiente,Plin
P11939,2025-10-27,10,C037,Bodega El Trébol 037,Bodega,Lima,Lima,Tienda,Luis Paredes,CAF-05,Café instantáneo 200 g,Café y cacao,Café Selva Central SAC,11,21.0,0.02,226.38,145.53,80.85,Pendiente,Yape
P11939,2025-10-27,10,C037,Bodega El Trébol 037,Bodega,Lima,Lima,Tienda,Luis Paredes,GRA-05,Avena con quinua 900 g,Granos andinos,Agroandina del Sur SAC,12,11.5,0.02,135.24,92.52,42.72,Pendiente,Yape
P11941,2025-10-27,10,C079,Restaurante El Ahorro 079,Restaurante,Trujillo,Norte,Tienda,María Torres,HAR-05,Sémola 500 g,Harinas y pastas,Molinos Valle Verde SA,12,4.1,0.05,46.74,34.44,12.3,Pagado,Yape
P11942,2025-10-27,10,C108,Bodega El Sol 108,Bodega,Tacna,Sur,Tienda,Jorge Huamán,LIM-03,Lavavajilla 900 g,Limpieza,Limpieza Total Perú SAC,10,8.2,0,82.0,52.5,29.5,Pagado,Yape
P11942,2025-10-27,10,C108,Bodega El Sol 108,Bodega,Tacna,Sur,Tienda,Jorge Huamán,LIM-05,Jabón de tocador x 3,Limpieza,Limpieza Total Perú SAC,12,6.5,0,78.0,52.32,25.68,Pagado,Tarjeta
P11942,2025-10-27,10,C108,Bodega El Sol 108,Bodega,Tacna,Sur,Tienda,Jorge Huamán,GRA-04,Chía 500 g,Granos andinos,Agroandina del Sur SAC,6,13.0,0,78.0,49.92,28.08,Pagado,Efectivo
P11945,2025-10-27,10,C086,Restaurante Los Andes 086,Restaurante,Piura,Norte,Tienda,María Torres,BEB-05,Té helado 500 ml x 12,Bebidas,Bebidas Norte Pacífico SAC,11,29.0,0,319.0,194.59,124.41,Pagado,Yape
P11802,2025-10-28,10,C096,Cafetería La Familia 096,Cafetería,Piura,Norte,Tienda,María Torres,SNA-04,Maní salado 200 g x 12,Snacks,Snacks Costa Azul EIRL,4,30.0,0,120.0,74.4,45.6,Pagado,Efectivo
P11853,2025-10-28,10,C095,Bodega La Familia 095,Bodega,Piura,Norte,Tienda,María Torres,GRA-04,Chía 500 g,Granos andinos,Agroandina del Sur SAC,3,13.0,0.02,38.22,24.96,13.26,Pagado,Transferencia
P11853,2025-10-28,10,C095,Bodega La Familia 095,Bodega,Piura,Norte,Tienda,María Torres,CAF-01,Café tostado molido 500 g,Café y cacao,Café Selva Central SAC,5,24.0,0.02,117.6,69.6,48.0,Pagado,Yape
P11853,2025-10-28,10,C095,Bodega La Familia 095,Bodega,Piura,Norte,Tienda,María Torres,HAR-03,Fideo tallarín 1 kg,Harinas y pastas,Molinos Valle Verde SA,11,7.2,0.02,77.62,56.98,20.64,Pagado,Tarjeta
P11854,2025-10-28,10,C094,Bodega Santa Rosa 094,Bodega,Trujillo,Norte,Tienda,María Torres,CAF-04,Chocolate para taza 180 g,Café y cacao,Café Selva Central SAC,9,9.9,0,89.1,55.26,33.84,Pagado,Yape
P11854,2025-10-28,10,C094,Bodega Santa Rosa 094,Bodega,Trujillo,Norte,Tienda,María Torres,GRA-04,Chía 500 g,Granos andinos,Agroandina del Sur SAC,6,13.0,0.03,75.66,49.92,25.74,Pagado,Yape
P11859,2025-10-28,10,C068,Minimarket San Pedro 068,Minimarket,Lima,Lima,Tienda,Rodrigo Salas,SNA-01,Papas nativas 120 g x 10,Snacks,Snacks Costa Azul EIRL,11,35.0,0.178,316.47,231.0,85.47,Pagado,Yape
P11908,2025-10-28,10,C044,Bodega Inti 044,Bodega,Lima,Lima,Tienda,Rodrigo Salas,SNA-05,Camote frito 120 g x 10,Snacks,Snacks Costa Azul EIRL,11,31.0,0.154,288.49,201.19,87.3,Pagado,Plin
P11908,2025-10-28,10,C044,Bodega Inti 044,Bodega,Lima,Lima,Tienda,Rodrigo Salas,SNA-04,Maní salado 200 g x 12,Snacks,Snacks Costa Azul EIRL,6,30.0,0.156,151.92,111.6,40.32,Pagado,Efectivo
P11908,2025-10-28,10,C044,Bodega Inti 044,Bodega,Lima,Lima,Tienda,Rodrigo Salas,LIM-04,Desinfectante 1.8 L,Limpieza,Limpieza Total Perú SAC,12,11.9,0.123,125.24,90.0,35.24,Pagado,Tarjeta
P11923,2025-10-28,10,C131,Bodega Virgen de Fátima 131,Bodega,Huánuco,Centro,Tienda,Rosa Ccori,HAR-01,Harina sin preparar 1 kg,Harinas y pastas,Molinos Valle Verde SA,5,5.4,0.05,25.65,20.0,5.65,Pagado,Transferencia
P12137,2025-11-01,11,C027,Mayorista El Ahorro 027,Mayorista,Lima,Lima,Mayorista,Luis Paredes,SNA-05,Camote frito 120 g x 10,Snacks,Snacks Costa Azul EIRL,16,31.0,0.08,456.32,292.64,163.68,Pendiente,Transferencia
P12137,2025-11-01,11,C027,Mayorista El Ahorro 027,Mayorista,Lima,Lima,Mayorista,Luis Paredes,BEB-04,Bebida rehidratante 500 ml x 12,Bebidas,Bebidas Norte Pacífico SAC,12,33.0,0.08,364.32,249.48,114.84,Pagado,Transferencia
P12154,2025-11-01,11,C056,Minimarket La Esperanza 056,Minimarket,Lima,Lima,Tienda,Ana Quispe,LIM-01,Detergente 2 kg,Limpieza,Limpieza Total Perú SAC,6,19.5,0.05,111.15,80.7,30.45,Pagado,Efectivo
P11977,2025-11-02,11,C060,Bodega El Sol 060,Bodega,Lima,Lima,Tienda,Rodrigo Salas,SNA-03,Galletas de avena x 24,Snacks,Snacks Costa Azul EIRL,5,22.0,0.168,91.52,71.5,20.02,Pagado,Efectivo
P11983,2025-11-02,11,C137,Minimarket El Puerto 137,Minimarket,Huánuco,Centro,Tienda,Rosa Ccori,LIM-05,Jabón de tocador x 3,Limpieza,Limpieza Total Perú SAC,12,6.5,0,78.0,52.32,25.68,Pagado,Efectivo
P11983,2025-11-02,11,C137,Minimarket El Puerto 137,Minimarket,Huánuco,Centro,Tienda,Rosa Ccori,BEB-01,Agua mineral 625 ml x 15,Bebidas,Bebidas Norte Pacífico SAC,3,18.0,0.03,52.38,33.48,18.9,Pagado,Yape
P12000,2025-11-02,11,C111,Cafetería Virgen de Fátima 111,Cafetería,Tacna,Sur,Tienda,Jorge Huamán,HAR-03,Fideo tallarín 1 kg,Harinas y pastas,Molinos Valle Verde SA,12,7.2,0,86.4,62.16,24.24,Pagado,Yape
P12000,2025-11-02,11,C111,Cafetería Virgen de Fátima 111,Cafetería,Tacna,Sur,Tienda,Jorge Huamán,LIM-04,Desinfectante 1.8 L,Limpieza,Limpieza Total Perú SAC,9,11.9,0,107.1,67.5,39.6,Pagado,Efectivo
P12000,2025-11-02,11,C111,Cafetería Virgen de Fátima 111,Cafetería,Tacna,Sur,Tienda,Jorge Huamán,HAR-01,Harina sin preparar 1 kg,Harinas y pastas,Molinos Valle Verde SA,5,5.4,0,27.0,20.0,7.0,Pagado,Plin
P12043,2025-11-02,11,C006,Bodega Mi Perú 006,Bodega,Lima,Lima,Tienda,Ana Quispe,HAR-02,Fideo spaghetti 500 g,Harinas y pastas,Molinos Valle Verde SA,6,3.9,0,23.4,16.62,6.78,Pagado,Transferencia
P12070,2025-11-02,11,C119,Bodega El Sol 119,Bodega,Cusco,Sur,Tienda,Jorge Huamán,LIM-03,Lavavajilla 900 g,Limpieza,Limpieza Total Perú SAC,11,8.2,0.02,88.4,57.75,30.65,Pagado,Efectivo
P12070,2025-11-02,11,C119,Bodega El Sol 119,Bodega,Cusco,Sur,Tienda,Jorge Huamán,LIM-02,Lejía 4 L,Limpieza,Limpieza Total Perú SAC,2,9.8,0.03,19.01,12.94,6.07,Pagado,Yape
P12107,2025-11-02,11,C022,Empresa La Familia 022,Empresa,Lima,Lima,Tienda,Rodrigo Salas,GRA-02,Kiwicha pop 300 g,Granos andinos,Agroandina del Sur SAC,12,8.9,0.102,95.91,65.16,30.75,Pagado,Yape
P12107,2025-11-02,11,C022,Empresa La Familia 022,Empresa,Lima,Lima,Tienda,Rodrigo Salas,LIM-01,Detergente 2 kg,Limpieza,Limpieza Total Perú SAC,12,19.5,0.139,201.47,161.4,40.07,Pagado,Transferencia
P12107,2025-11-02,11,C022,Empresa La Familia 022,Empresa,Lima,Lima,Tienda,Rodrigo Salas,HAR-03,Fideo tallarín 1 kg,Harinas y pastas,Molinos Valle Verde SA,5,7.2,0.132,31.25,25.9,5.35,Pagado,Yape
P12130,2025-11-02,11,C110,Bodega La Esperanza 110,Bodega,Arequipa,Sur,WhatsApp,Jorge Huamán,BEB-05,Té helado 500 ml x 12,Bebidas,Bebidas Norte Pacífico SAC,4,29.0,0.05,110.2,70.76,39.44,Pagado,Tarjeta
P12033,2025-11-03,11,C098,Empresa Pachamama 098,Empresa,Trujillo,Norte,Tienda,María Torres,LIM-03,Lavavajilla 900 g,Limpieza,Limpieza Total Perú SAC,12,8.2,0,98.4,63.0,35.4,Pagado,Transferencia
P12033,2025-11-03,11,C098,Empresa Pachamama 098,Empresa,Trujillo,Norte,Tienda,María Torres,GRA-05,Avena con quinua 900 g,Granos andinos,Agroandina del Sur SAC,6,11.5,0,69.0,46.26,22.74,Pagado,Transferencia
P12034,2025-11-03,11,C109,Bodega Los Andes 109,Bodega,Tacna,Sur,Online,Jorge Huamán,BEB-03,Néctar de durazno 1 L x 6,Bebidas,Bebidas Norte Pacífico SAC,7,27.0,0.02,185.22,120.96,64.26,Pagado,Tarjeta
P12034,2025-11-03,11,C109,Bodega Los Andes 109,Bodega,Tacna,Sur,Online,Jorge Huamán,HAR-04,Harina preparada 1 kg,Harinas y pastas,Molinos Valle Verde SA,6,6.3,0.05,35.91,27.6,8.31,Pagado,Transferencia
P12034,2025-11-03,11,C109,Bodega Los Andes 109,Bodega,Tacna,Sur,Online,Jorge Huamán,CAF-03,Cacao en polvo 250 g,Café y cacao,Café Selva Central SAC,4,12.5,0,50.0,30.0,20.0,Pagado,Transferencia
P12037,2025-11-03,11,C137,Minimarket El Puerto 137,Minimarket,Huánuco,Centro,Tienda,Rosa Ccori,HAR-04,Harina preparada 1 kg,Harinas y pastas,Molinos Valle Verde SA,11,6.3,0.05,65.83,50.6,15.23,Pagado,Plin
P12037,2025-11-03,11,C137,Minimarket El Puerto 137,Minimarket,Huánuco,Centro,Tienda,Rosa Ccori,CAF-04,Chocolate para taza 180 g,Café y cacao,Café Selva Central SAC,8,9.9,0.02,77.62,49.12,28.5,Pagado,Yape
P12037,2025-11-03,11,C137,Minimarket El Puerto 137,Minimarket,Huánuco,Centro,Tienda,Rosa Ccori,GRA-01,Quinua blanca 1 kg,Granos andinos,Agroandina del Sur SAC,4,14.5,0,58.0,38.28,19.72,Pagado,Transferencia
P12056,2025-11-03,11,C003,Bodega La Esperanza 003,Bodega,Lima,Lima,Online,Rodrigo Salas,BEB-02,Gaseosa 3 L x 4,Bebidas,Bebidas Norte Pacífico SAC,9,32.0,0.136,248.83,195.84,52.99,Pagado,Transferencia
P12061,2025-11-03,11,C112,Minimarket La Familia 112,Minimarket,Cusco,Sur,Tienda,Jorge Huamán,BEB-01,Agua mineral 625 ml x 15,Bebidas,Bebidas Norte Pacífico SAC,11,18.0,0.02,194.04,122.76,71.28,Pagado,Yape
P12068,2025-11-03,11,C035,Bodega El Trébol 035,Bodega,Lima,Lima,Tienda,Luis Paredes,BEB-02,Gaseosa 3 L x 4,Bebidas,Bebidas Norte Pacífico SAC,6,32.0,0,192.0,130.56,61.44,Pagado,Yape
P12068,2025-11-03,11,C035,Bodega El Trébol 035,Bodega,Lima,Lima,Tienda,Luis Paredes,LIM-02,Lejía 4 L,Limpieza,Limpieza Total Perú SAC,3,9.8,0.02,28.81,19.41,9.4,Pagado,Transferencia
P12077,2025-11-03,11,C096,Cafetería La Familia 096,Cafetería,Piura,Norte,Tienda,María Torres,HAR-04,Harina preparada 1 kg,Harinas y pastas,Molinos Valle Verde SA,3,6.3,0.02,18.52,13.8,4.72,Pagado,Transferencia
P12093,2025-11-03,11,C065,Bodega Virgen de Fátima 065,Bodega,Lima,Lima,Tienda,Rodrigo Salas,LIM-05,Jabón de tocador x 3,Limpieza,Limpieza Total Perú SAC,9,6.5,0.165,48.85,39.24,9.61,Pagado,Plin
P12106,2025-11-03,11,C112,Minimarket La Familia 112,Minimarket,Cusco,Sur,Online,Jorge Huamán,GRA-05,Avena con quinua 900 g,Granos andinos,Agroandina del Sur SAC,3,11.5,0,34.5,23.13,11.37,Pagado,Tarjeta
P12106,2025-11-03,11,C112,Minimarket La Familia 112,Minimarket,Cusco,Sur,Online,Jorge Huamán,SNA-01,Papas nativas 120 g x 10,Snacks,Snacks Costa Azul EIRL,5,35.0,0.05,166.25,105.0,61.25,Pagado,Transferencia
P12109,2025-11-03,11,C065,Bodega Virgen de Fátima 065,Bodega,Lima,Lima,Tienda,Luis Paredes,GRA-01,Quinua blanca 1 kg,Granos andinos,Agroandina del Sur SAC,4,14.5,0.03,56.26,38.28,17.98,Pagado,Tarjeta
P12109,2025-11-03,11,C065,Bodega Virgen de Fátima 065,Bodega,Lima,Lima,Tienda,Luis Paredes,SNA-02,Chifles 150 g x 10,Snacks,Snacks Costa Azul EIRL,9,28.0,0,252.0,146.16,105.84,Pagado,Transferencia
P12131,2025-11-03,11,C083,Bodega Mi Perú 083,Bodega,Piura,Norte,WhatsApp,María Torres,LIM-04,Desinfectante 1.8 L,Limpieza,Limpieza Total Perú SAC,11,11.9,0.03,126.97,82.5,44.47,Pagado,Tarjeta
P12131,2025-11-03,11,C083,Bodega Mi Perú 083,Bodega,Piura,Norte,WhatsApp,María Torres,LIM-05,Jabón de tocador x 3,Limpieza,Limpieza Total Perú SAC,6,6.5,0.05,37.05,26.16,10.89,Pagado,Transferencia
P12133,2025-11-03,11,C054,Bodega Nueva Era 054,Bodega,Lima,Lima,Tienda,Ana Quispe,BEB-01,Agua mineral 625 ml x 15,Bebidas,Bebidas Norte Pacífico SAC,10,18.0,0.02,176.4,111.6,64.8,Pagado,Plin
P12133,2025-11-03,11,C054,Bodega Nueva Era 054,Bodega,Lima,Lima,Tienda,Ana Quispe,LIM-05,Jabón de tocador x 3,Limpieza,Limpieza Total Perú SAC,12,6.5,0.05,74.1,52.32,21.78,Pagado,Yape
P11998,2025-11-04,11,C065,Bodega Virgen de Fátima 065,Bodega,Lima,Lima,Tienda,Ana Quispe,BEB-02,Gaseosa 3 L x 4,Bebidas,Bebidas Norte Pacífico SAC,12,32.0,0.05,364.8,261.12,103.68,Pagado,Transferencia
P11998,2025-11-04,11,C065,Bodega Virgen de Fátima 065,Bodega,Lima,Lima,Tienda,Ana Quispe,GRA-05,Avena con quinua 900 g,Granos andinos,Agroandina del Sur SAC,8,11.5,0,92.0,61.68,30.32,Pagado,Transferencia
P12020,2025-11-04,11,C087,Restaurante El Ahorro 087,Restaurante,Trujillo,Norte,Tienda,María Torres,BEB-04,Bebida rehidratante 500 ml x 12,Bebidas,Bebidas Norte Pacífico SAC,3,33.0,0,99.0,62.37,36.63,Pagado,Efectivo
P12020,2025-11-04,11,C087,Restaurante El Ahorro 087,Restaurante,Trujillo,Norte,Tienda,María Torres,LIM-05,Jabón de tocador x 3,Limpieza,Limpieza Total Perú SAC,6,6.5,0,39.0,26.16,12.84,Pagado,Yape
P12087,2025-11-04,11,C047,Restaurante Primavera 047,Restaurante,Lima,Lima,Online,Rodrigo Salas,HAR-05,Sémola 500 g,Harinas y pastas,Molinos Valle Verde SA,11,4.1,0.172,37.34,31.57,5.77,Pagado,Yape
P12119,2025-11-04,11,C105,Restaurante El Ahorro 105,Restaurante,Arequipa,Sur,Tienda,Jorge Huamán,CAF-05,Café instantáneo 200 g,Café y cacao,Café Selva Central SAC,11,21.0,0.03,224.07,145.53,78.54,Pagado,Tarjeta
P12125,2025-11-04,11,C035,Bodega El Trébol 035,Bodega,Lima,Lima,Tienda,Ana Quispe,CAF-03,Cacao en polvo 250 g,Café y cacao,Café Selva Central SAC,9,12.5,0.05,106.88,67.5,39.38,Pagado,Transferencia
P12138,2025-11-04,11,C026,Bodega Mi Perú 026,Bodega,Lima,Lima,Online,Ana Quispe,LIM-04,Desinfectante 1.8 L,Limpieza,Limpieza Total Perú SAC,7,11.9,0,83.3,52.5,30.8,Pagado,Tarjeta
P12138,2025-11-04,11,C026,Bodega Mi Perú 026,Bodega,Lima,Lima,Online,Ana Quispe,CAF-05,Café instantáneo 200 g,Café y cacao,Café Selva Central SAC,11,21.0,0,231.0,145.53,85.47,Pagado,Transferencia
P12152,2025-11-04,11,C064,Restaurante La Victoria 064,Restaurante,Lima,Lima,Tienda,Luis Paredes,SNA-02,Chifles 150 g x 10,Snacks,Snacks Costa Azul EIRL,9,28.0,0,252.0,146.16,105.84,Pagado,Transferencia
P12152,2025-11-04,11,C064,Restaurante La Victoria 064,Restaurante,Lima,Lima,Tienda,Luis Paredes,HAR-03,Fideo tallarín 1 kg,Harinas y pastas,Molinos Valle Verde SA,7,7.2,0.05,47.88,36.26,11.62,Pagado,Efectivo
P12152,2025-11-04,11,C064,Restaurante La Victoria 064,Restaurante,Lima,Lima,Tienda,Luis Paredes,HAR-05,Sémola 500 g,Harinas y pastas,Molinos Valle Verde SA,7,4.1,0.02,28.13,20.09,8.04,Pendiente,Tarjeta
P12184,2025-11-04,11,C073,Minimarket Don Lucho 073,Minimarket,Trujillo,Norte,Tienda,María Torres,GRA-02,Kiwicha pop 300 g,Granos andinos,Agroandina del Sur SAC,4,8.9,0,35.6,21.72,13.88,Pagado,Plin
P12073,2025-11-05,11,C105,Restaurante El Ahorro 105,Restaurante,Arequipa,Sur,Tienda,Jorge Huamán,BEB-05,Té helado 500 ml x 12,Bebidas,Bebidas Norte Pacífico SAC,10,29.0,0.02,284.2,176.9,107.3,Pagado,Efectivo
P12073,2025-11-05,11,C105,Restaurante El Ahorro 105,Restaurante,Arequipa,Sur,Tienda,Jorge Huamán,GRA-01,Quinua blanca 1 kg,Granos andinos,Agroandina del Sur SAC,4,14.5,0.02,56.84,38.28,18.56,Pagado,Transferencia
P12103,2025-11-05,11,C075,Mayorista Santa Rosa 075,Mayorista,Trujillo,Norte,Mayorista,María Torres,BEB-02,Gaseosa 3 L x 4,Bebidas,Bebidas Norte Pacífico SAC,8,32.0,0.08,235.52,174.08,61.44,Vencido,Transferencia
P12156,2025-11-05,11,C123,Minimarket La Victoria 123,Minimarket,Tacna,Sur,Online,Jorge Huamán,LIM-02,Lejía 4 L,Limpieza,Limpieza Total Perú SAC,12,9.8,0,117.6,77.64,39.96,Pagado,Transferencia
P12156,2025-11-05,11,C123,Minimarket La Victoria 123,Minimarket,Tacna,Sur,Online,Jorge Huamán,HAR-05,Sémola 500 g,Harinas y pastas,Molinos Valle Verde SA,7,4.1,0,28.7,20.09,8.61,Pagado,Tarjeta
P12156,2025-11-05,11,C123,Minimarket La Victoria 123,Minimarket,Tacna,Sur,Online,Jorge Huamán,SNA-02,Chifles 150 g x 10,Snacks,Snacks Costa Azul EIRL,2,28.0,0.02,54.88,32.48,22.4,Pagado,Efectivo
P12172,2025-11-05,11,C076,Bodega El Trébol 076,Bodega,Chiclayo,Norte,Online,María Torres,LIM-03,Lavavajilla 900 g,Limpieza,Limpieza Total Perú SAC,7,8.2,0.02,56.25,36.75,19.5,Pagado,Transferencia
P12172,2025-11-05,11,C076,Bodega El Trébol 076,Bodega,Chiclayo,Norte,Online,María Torres,HAR-03,Fideo tallarín 1 kg,Harinas y pastas,Molinos Valle Verde SA,3,7.2,0,21.6,15.54,6.06,Pagado,Transferencia
P12050,2025-11-06,11,C128,Empresa Primavera 128,Empresa,Huancayo,Centro,Tienda,Rosa Ccori,SNA-02,Chifles 150 g x 10,Snacks,Snacks Costa Azul EIRL,6,28.0,0,168.0,97.44,70.56,Pagado,Yape
P12050,2025-11-06,11,C128,Empresa Primavera 128,Empresa,Huancayo,Centro,Tienda,Rosa Ccori,SNA-03,Galletas de avena x 24,Snacks,Snacks Costa Azul EIRL,8,22.0,0.02,172.48,114.4,58.08,Pagado,Efectivo
P12054,2025-11-06,11,C128,Empresa Primavera 128,Empresa,Huancayo,Centro,Tienda,Rosa Ccori,GRA-04,Chía 500 g,Granos andinos,Agroandina del Sur SAC,4,13.0,0,52.0,33.28,18.72,Pagado,Yape
P12141,2025-11-06,11,C109,Bodega Los Andes 109,Bodega,Tacna,Sur,WhatsApp,Jorge Huamán,HAR-04,Harina preparada 1 kg,Harinas y pastas,Molinos Valle Verde SA,5,6.3,0,31.5,23.0,8.5,Pagado,Efectivo
P12141,2025-11-06,11,C109,Bodega Los Andes 109,Bodega,Tacna,Sur,WhatsApp,Jorge Huamán,BEB-02,Gaseosa 3 L x 4,Bebidas,Bebidas Norte Pacífico SAC,10,32.0,0,320.0,217.6,102.4,Pagado,Plin
P12160,2025-11-06,11,C062,Restaurante Los Andes 062,Restaurante,Lima,Lima,Tienda,Rodrigo Salas,HAR-02,Fideo spaghetti 500 g,Harinas y pastas,Molinos Valle Verde SA,10,3.9,0.13,33.93,27.7,6.23,Pagado,Efectivo
P12168,2025-11-06,11,C074,Empresa Santa Rosa 074,Empresa,Piura,Norte,Tienda,María Torres,GRA-05,Avena con quinua 900 g,Granos andinos,Agroandina del Sur SAC,3,11.5,0,34.5,23.13,11.37,Pagado,Plin
P12168,2025-11-06,11,C074,Empresa Santa Rosa 074,Empresa,Piura,Norte,Tienda,María Torres,HAR-04,Harina preparada 1 kg,Harinas y pastas,Molinos Valle Verde SA,12,6.3,0,75.6,55.2,20.4,Pagado,Transferencia
P12169,2025-11-06,11,C026,Bodega Mi Perú 026,Bodega,Lima,Lima,Online,Ana Quispe,HAR-02,Fideo spaghetti 500 g,Harinas y pastas,Molinos Valle Verde SA,10,3.9,0,39.0,27.7,11.3,Pagado,Yape
P11976,2025-11-07,11,C037,Bodega El Trébol 037,Bodega,Lima,Lima,Tienda,Rodrigo Salas,HAR-02,Fideo spaghetti 500 g,Harinas y pastas,Molinos Valle Verde SA,9,3.9,0.178,28.85,24.93,3.92,Pagado,Yape
P11986,2025-11-07,11,C037,Bodega El Trébol 037,Bodega,Lima,Lima,Tienda,Luis Paredes,BEB-03,Néctar de durazno 1 L x 6,Bebidas,Bebidas Norte Pacífico SAC,7,27.0,0,189.0,120.96,68.04,Pendiente,Efectivo
P11986,2025-11-07,11,C037,Bodega El Trébol 037,Bodega,Lima,Lima,Tienda,Luis Paredes,CAF-04,Chocolate para taza 180 g,Café y cacao,Café Selva Central SAC,4,9.9,0,39.6,24.56,15.04,Pendiente,Transferencia
P12092,2025-11-07,11,C033,Minimarket Primavera 033,Minimarket,Lima,Lima,Tienda,Rodrigo Salas,LIM-02,Lejía 4 L,Limpieza,Limpieza Total Perú SAC,8,9.8,0.102,70.4,51.76,18.64,Pagado,Tarjeta
P12092,2025-11-07,11,C033,Minimarket Primavera 033,Minimarket,Lima,Lima,Tienda,Rodrigo Salas,CAF-03,Cacao en polvo 250 g,Café y cacao,Café Selva Central SAC,4,12.5,0.179,41.05,30.0,11.05,Pagado,Tarjeta
P12100,2025-11-07,11,C020,Bodega Santa Rosa 020,Bodega,Lima,Lima,Tienda,Luis Paredes,CAF-02,Café en grano 1 kg,Café y cacao,Café Selva Central SAC,9,46.0,0,414.0,235.98,178.02,Pagado,Yape
P12121,2025-11-07,11,C080,Restaurante El Ahorro 080,Restaurante,Trujillo,Norte,Tienda,María Torres,LIM-02,Lejía 4 L,Limpieza,Limpieza Total Perú SAC,5,9.8,0,49.0,32.35,16.65,Pagado,Plin
P12121,2025-11-07,11,C080,Restaurante El Ahorro 080,Restaurante,Trujillo,Norte,Tienda,María Torres,BEB-05,Té helado 500 ml x 12,Bebidas,Bebidas Norte Pacífico SAC,2,29.0,0.02,56.84,35.38,21.46,Pagado,Yape
P12182,2025-11-07,11,C013,Empresa Nueva Era 013,Empresa,Lima,Lima,Tienda,Ana Quispe,GRA-02,Kiwicha pop 300 g,Granos andinos,Agroandina del Sur SAC,6,8.9,0.03,51.8,32.58,19.22,Pagado,Tarjeta
P12182,2025-11-07,11,C013,Empresa Nueva Era 013,Empresa,Lima,Lima,Tienda,Ana Quispe,GRA-01,Quinua blanca 1 kg,Granos andinos,Agroandina del Sur SAC,7,14.5,0.05,96.42,66.99,29.43,Pendiente,Tarjeta
P11988,2025-11-08,11,C111,Cafetería Virgen de Fátima 111,Cafetería,Tacna,Sur,Tienda,Jorge Huamán,HAR-03,Fideo tallarín 1 kg,Harinas y pastas,Molinos Valle Verde SA,2,7.2,0.05,13.68,10.36,3.32,Pagado,Transferencia
P11988,2025-11-08,11,C111,Cafetería Virgen de Fátima 111,Cafetería,Tacna,Sur,Tienda,Jorge Huamán,HAR-03,Fideo tallarín 1 kg,Harinas y pastas,Molinos Valle Verde SA,3,7.2,0.02,21.17,15.54,5.63,Pagado,Transferencia
P12031,2025-11-08,11,C041,Bodega Santa Rosa 041,Bodega,Lima,Lima,Tienda,Rodrigo Salas,BEB-03,Néctar de durazno 1 L x 6,Bebidas,Bebidas Norte Pacífico SAC,5,27.0,0.17,112.05,86.4,25.65,Pagado,Plin
P12031,2025-11-08,11,C041,Bodega Santa Rosa 041,Bodega,Lima,Lima,Tienda,Rodrigo Salas,LIM-04,Desinfectante 1.8 L,Limpieza,Limpieza Total Perú SAC,9,11.9,0.12,94.25,67.5,26.75,Pagado,Yape
P12031,2025-11-08,11,C041,Bodega Santa Rosa 041,Bodega,Lima,Lima,Tienda,Rodrigo Salas,BEB-02,Gaseosa 3 L x 4,Bebidas,Bebidas Norte Pacífico SAC,2,32.0,0.103,57.41,43.52,13.89,Pagado,Transferencia
P12173,2025-11-08,11,C007,Restaurante El Puerto 007,Restaurante,Lima,Lima,Tienda,Rodrigo Salas,GRA-05,Avena con quinua 900 g,Granos andinos,Agroandina del Sur SAC,8,11.5,0.123,80.68,61.68,19.0,Pagado,Tarjeta
P11991,2025-11-09,11,C114,Restaurante San Martín 114,Restaurante,Tacna,Sur,Tienda,Jorge Huamán,SNA-01,Papas nativas 120 g x 10,Snacks,Snacks Costa Azul EIRL,8,35.0,0.02,274.4,168.0,106.4,Pagado,Yape
P11991,2025-11-09,11,C114,Restaurante San Martín 114,Restaurante,Tacna,Sur,Tienda,Jorge Huamán,BEB-03,Néctar de durazno 1 L x 6,Bebidas,Bebidas Norte Pacífico SAC,8,27.0,0,216.0,138.24,77.76,Pagado,Efectivo
P11991,2025-11-09,11,C114,Restaurante San Martín 114,Restaurante,Tacna,Sur,Tienda,Jorge Huamán,LIM-01,Detergente 2 kg,Limpieza,Limpieza Total Perú SAC,9,19.5,0.03,170.23,121.05,49.18,Pendiente,Yape
P12001,2025-11-09,11,C020,Bodega Santa Rosa 020,Bodega,Lima,Lima,Tienda,Rodrigo Salas,HAR-01,Harina sin preparar 1 kg,Harinas y pastas,Molinos Valle Verde SA,6,5.4,0.1,29.16,24.0,5.16,Pagado,Transferencia
P12053,2025-11-09,11,C011,Mayorista Pachamama 011,Mayorista,Lima,Lima,Mayorista,Rodrigo Salas,BEB-04,Bebida rehidratante 500 ml x 12,Bebidas,Bebidas Norte Pacífico SAC,28,33.0,0.179,758.6,582.12,176.48,Vencido,Transferencia
P12108,2025-11-09,11,C138,Restaurante Las Flores 138,Restaurante,Huánuco,Centro,Tienda,Rosa Ccori,GRA-02,Kiwicha pop 300 g,Granos andinos,Agroandina del Sur SAC,8,8.9,0.05,67.64,43.44,24.2,Pendiente,Transferencia
P12108,2025-11-09,11,C138,Restaurante Las Flores 138,Restaurante,Huánuco,Centro,Tienda,Rosa Ccori,CAF-02,Café en grano 1 kg,Café y cacao,Café Selva Central SAC,12,46.0,0.03,535.44,314.64,220.8,Pagado,Yape
P12140,2025-11-09,11,C051,Empresa San Martín 051,Empresa,Lima,Lima,Tienda,Ana Quispe,LIM-04,Desinfectante 1.8 L,Limpieza,Limpieza Total Perú SAC,9,11.9,0,107.1,67.5,39.6,Pagado,Plin
P12140,2025-11-09,11,C051,Empresa San Martín 051,Empresa,Lima,Lima,Tienda,Ana Quispe,LIM-03,Lavavajilla 900 g,Limpieza,Limpieza Total Perú SAC,12,8.2,0.05,93.48,63.0,30.48,Pagado,Yape
P12166,2025-11-09,11,C026,Bodega Mi Perú 026,Bodega,Lima,Lima,Tienda,Luis Paredes,HAR-05,Sémola 500 g,Harinas y pastas,Molinos Valle Verde SA,6,4.1,0,24.6,17.22,7.38,Vencido,Efectivo
P12166,2025-11-09,11,C026,Bodega Mi Perú 026,Bodega,Lima,Lima,Tienda,Luis Paredes,CAF-01,Café tostado molido 500 g,Café y cacao,Café Selva Central SAC,2,24.0,0.05,45.6,27.84,17.76,Pagado,Efectivo
P12178,2025-11-09,11,C129,Mayorista La Esperanza 129,Mayorista,Huánuco,Centro,Mayorista,Rosa Ccori,SNA-04,Maní salado 200 g x 12,Snacks,Snacks Costa Azul EIRL,20,30.0,0.08,552.0,372.0,180.0,Pagado,Transferencia
P12178,2025-11-09,11,C129,Mayorista La Esperanza 129,Mayorista,Huánuco,Centro,Mayorista,Rosa Ccori,BEB-05,Té helado 500 ml x 12,Bebidas,Bebidas Norte Pacífico SAC,44,29.0,0.08,1173.92,778.36,395.56,Pagado,Transferencia
P12178,2025-11-09,11,C129,Mayorista La Esperanza 129,Mayorista,Huánuco,Centro,Mayorista,Rosa Ccori,LIM-05,Jabón de tocador x 3,Limpieza,Limpieza Total Perú SAC,32,6.5,0.08,191.36,139.52,51.84,Pendiente,Transferencia
P12180,2025-11-09,11,C045,Minimarket Inti 045,Minimarket,Lima,Lima,Tienda,Ana Quispe,SNA-01,Papas nativas 120 g x 10,Snacks,Snacks Costa Azul EIRL,7,35.0,0,245.0,147.0,98.0,Pagado,Transferencia
P12011,2025-11-10,11,C076,Bodega El Trébol 076,Bodega,Chiclayo,Norte,Tienda,María Torres,SNA-04,Maní salado 200 g x 12,Snacks,Snacks Costa Azul EIRL,7,30.0,0.03,203.7,130.2,73.5,Pendiente,Tarjeta
P12011,2025-11-10,11,C076,Bodega El Trébol 076,Bodega,Chiclayo,Norte,Tienda,María Torres,LIM-04,Desinfectante 1.8 L,Limpieza,Limpieza Total Perú SAC,12,11.9,0,142.8,90.0,52.8,Pagado,Yape
P12011,2025-11-10,11,C076,Bodega El Trébol 076,Bodega,Chiclayo,Norte,Tienda,María Torres,LIM-03,Lavavajilla 900 g,Limpieza,Limpieza Total Perú SAC,2,8.2,0.02,16.07,10.5,5.57,Pagado,Efectivo
P12015,2025-11-10,11,C016,Cafetería Primavera 016,Cafetería,Lima,Lima,Tienda,Luis Paredes,LIM-03,Lavavajilla 900 g,Limpieza,Limpieza Total Perú SAC,4,8.2,0.03,31.82,21.0,10.82,Pagado,Plin
P12015,2025-11-10,11,C016,Cafetería Primavera 016,Cafetería,Lima,Lima,Tienda,Luis Paredes,BEB-03,Néctar de durazno 1 L x 6,Bebidas,Bebidas Norte Pacífico SAC,6,27.0,0.05,153.9,103.68,50.22,Pagado,Transferencia
P12023,2025-11-10,11,C040,Minimarket La Esperanza 040,Minimarket,Lima,Lima,Tienda,Luis Paredes,BEB-04,Bebida rehidratante 500 ml x 12,Bebidas,Bebidas Norte Pacífico SAC,9,33.0,0,297.0,187.11,109.89,Pagado,Transferencia
P12023,2025-11-10,11,C040,Minimarket La Esperanza 040,Minimarket,Lima,Lima,Tienda,Luis Paredes,BEB-05,Té helado 500 ml x 12,Bebidas,Bebidas Norte Pacífico SAC,7,29.0,0.03,196.91,123.83,73.08,Pagado,Yape
P12023,2025-11-10,11,C040,Minimarket La Esperanza 040,Minimarket,Lima,Lima,Tienda,Luis Paredes,LIM-04,Desinfectante 1.8 L,Limpieza,Limpieza Total Perú SAC,2,11.9,0.03,23.09,15.0,8.09,Pagado,Efectivo
P12049,2025-11-10,11,C079,Restaurante El Ahorro 079,Restaurante,Trujillo,Norte,Tienda,María Torres,HAR-01,Harina sin preparar 1 kg,Harinas y pastas,Molinos Valle Verde SA,12,5.4,0.03,62.86,48.0,14.86,Pagado,Transferencia
P12083,2025-11-10,11,C116,Bodega Las Flores 116,Bodega,Tacna,Sur,Tienda,Jorge Huamán,HAR-01,Harina sin preparar 1 kg,Harinas y pastas,Molinos Valle Verde SA,8,5.4,0,43.2,32.0,11.2,Pagado,Transferencia
P12117,2025-11-10,11,C023,Bodega El Sol 023,Bodega,Lima,Lima,Tienda,Rodrigo Salas,GRA-03,Maca en polvo 250 g,Granos andinos,Agroandina del Sur SAC,10,17.0,0.143,145.69,93.5,52.19,Pagado,Transferencia
P12117,2025-11-10,11,C023,Bodega El Sol 023,Bodega,Lima,Lima,Tienda,Rodrigo Salas,BEB-04,Bebida rehidratante 500 ml x 12,Bebidas,Bebidas Norte Pacífico SAC,12,33.0,0.131,344.12,249.48,94.64,Pagado,Plin
P12117,2025-11-10,11,C023,Bodega El Sol 023,Bodega,Lima,Lima,Tienda,Rodrigo Salas,SNA-01,Papas nativas 120 g x 10,Snacks,Snacks Costa Azul EIRL,2,35.0,0.147,59.71,42.0,17.71,Pagado,Efectivo
P12174,2025-11-10,11,C094,Bodega Santa Rosa 094,Bodega,Trujillo,Norte,Tienda,María Torres,SNA-03,Galletas de avena x 24,Snacks,Snacks Costa Azul EIRL,4,22.0,0.02,86.24,57.2,29.04,Pagado,Yape
P12174,2025-11-10,11,C094,Bodega Santa Rosa 094,Bodega,Trujillo,Norte,Tienda,María Torres,CAF-01,Café tostado molido 500 g,Café y cacao,Café Selva Central SAC,12,24.0,0.05,273.6,167.04,106.56,Pagado,Efectivo
P12183,2025-11-10,11,C127,Minimarket El Progreso 127,Minimarket,Huánuco,Centro,Tienda,Rosa Ccori,HAR-04,Harina preparada 1 kg,Harinas y pastas,Molinos Valle Verde SA,2,6.3,0,12.6,9.2,3.4,Pendiente,Transferencia
P12183,2025-11-10,11,C127,Minimarket El Progreso 127,Minimarket,Huánuco,Centro,Tienda,Rosa Ccori,CAF-02,Café en grano 1 kg,Café y cacao,Café Selva Central SAC,12,46.0,0,552.0,314.64,237.36,Pagado,Efectivo
P12183,2025-11-10,11,C127,Minimarket El Progreso 127,Minimarket,Huánuco,Centro,Tienda,Rosa Ccori,CAF-05,Café instantáneo 200 g,Café y cacao,Café Selva Central SAC,6,21.0,0.03,122.22,79.38,42.84,Pagado,Transferencia
P11975,2025-11-11,11,C071,Minimarket Santa Rosa 071,Minimarket,Chiclayo,Norte,Tienda,María Torres,BEB-03,Néctar de durazno 1 L x 6,Bebidas,Bebidas Norte Pacífico SAC,7,27.0,0.02,185.22,120.96,64.26,Pagado,Plin
P11975,2025-11-11,11,C071,Minimarket Santa Rosa 071,Minimarket,Chiclayo,Norte,Tienda,María Torres,GRA-05,Avena con quinua 900 g,Granos andinos,Agroandina del Sur SAC,12,11.5,0,138.0,92.52,45.48,Pagado,Plin
P11984,2025-11-11,11,C008,Minimarket El Trébol 008,Minimarket,Lima,Lima,Tienda,Rodrigo Salas,LIM-01,Detergente 2 kg,Limpieza,Limpieza Total Perú SAC,11,19.5,0.164,179.32,147.95,31.37,Pagado,Yape
P11995,2025-11-11,11,C072,Empresa Santa Rosa 072,Empresa,Trujillo,Norte,Tienda,María Torres,GRA-01,Quinua blanca 1 kg,Granos andinos,Agroandina del Sur SAC,7,14.5,0,101.5,66.99,34.51,Pendiente,Transferencia
P11996,2025-11-11,11,C139,Minimarket Virgen de Fátima 139,Minimarket,Huancayo,Centro,Tienda,Rosa Ccori,GRA-04,Chía 500 g,Granos andinos,Agroandina del Sur SAC,7,13.0,0,91.0,58.24,32.76,Pagado,Yape
P12016,2025-11-11,11,C024,Bodega Los Andes 024,Bodega,Lima,Lima,Tienda,Luis Paredes,SNA-01,Papas nativas 120 g x 10,Snacks,Snacks Costa Azul EIRL,7,35.0,0.03,237.65,147.0,90.65,Pagado,Yape
P12016,2025-11-11,11,C024,Bodega Los Andes 024,Bodega,Lima,Lima,Tienda,Luis Paredes,BEB-02,Gaseosa 3 L x 4,Bebidas,Bebidas Norte Pacífico SAC,3,32.0,0.05,91.2,65.28,25.92,Pagado,Yape
P12019,2025-11-11,11,C119,Bodega El Sol 119,Bodega,Cusco,Sur,Tienda,Jorge Huamán,LIM-01,Detergente 2 kg,Limpieza,Limpieza Total Perú SAC,9,19.5,0.05,166.72,121.05,45.67,Pagado,Yape
P12019,2025-11-11,11,C119,Bodega El Sol 119,Bodega,Cusco,Sur,Tienda,Jorge Huamán,SNA-01,Papas nativas 120 g x 10,Snacks,Snacks Costa Azul EIRL,5,35.0,0.03,169.75,105.0,64.75,Pagado,Yape
P12057,2025-11-11,11,C122,Bodega El Ahorro 122,Bodega,Tacna,Sur,Tienda,Jorge Huamán,HAR-04,Harina preparada 1 kg,Harinas y pastas,Molinos Valle Verde SA,3,6.3,0,18.9,13.8,5.1,Pagado,Transferencia
P12057,2025-11-11,11,C122,Bodega El Ahorro 122,Bodega,Tacna,Sur,Tienda,Jorge Huamán,LIM-05,Jabón de tocador x 3,Limpieza,Limpieza Total Perú SAC,5,6.5,0.03,31.52,21.8,9.72,Pagado,Efectivo
P12066,2025-11-11,11,C053,Minimarket Don Lucho 053,Minimarket,Lima,Lima,WhatsApp,Ana Quispe,HAR-05,Sémola 500 g,Harinas y pastas,Molinos Valle Verde SA,8,4.1,0.03,31.82,22.96,8.86,Pendiente,Tarjeta
P12066,2025-11-11,11,C053,Minimarket Don Lucho 053,Minimarket,Lima,Lima,WhatsApp,Ana Quispe,CAF-02,Café en grano 1 kg,Café y cacao,Café Selva Central SAC,11,46.0,0.03,490.82,288.42,202.4,Pagado,Transferencia
P12145,2025-11-11,11,C095,Bodega La Familia 095,Bodega,Piura,Norte,Tienda,María Torres,BEB-03,Néctar de durazno 1 L x 6,Bebidas,Bebidas Norte Pacífico SAC,5,27.0,0.02,132.3,86.4,45.9,Pagado,Tarjeta
P12145,2025-11-11,11,C095,Bodega La Familia 095,Bodega,Piura,Norte,Tienda,María Torres,BEB-05,Té helado 500 ml x 12,Bebidas,Bebidas Norte Pacífico SAC,11,29.0,0,319.0,194.59,124.41,Pendiente,Efectivo
P12146,2025-11-11,11,C127,Minimarket El Progreso 127,Minimarket,Huánuco,Centro,Online,Rosa Ccori,LIM-01,Detergente 2 kg,Limpieza,Limpieza Total Perú SAC,7,19.5,0.02,133.77,94.15,39.62,Pagado,Transferencia
P12146,2025-11-11,11,C127,Minimarket El Progreso 127,Minimarket,Huánuco,Centro,Online,Rosa Ccori,CAF-05,Café instantáneo 200 g,Café y cacao,Café Selva Central SAC,6,21.0,0,126.0,79.38,46.62,Pagado,Plin
P12146,2025-11-11,11,C127,Minimarket El Progreso 127,Minimarket,Huánuco,Centro,Online,Rosa Ccori,HAR-05,Sémola 500 g,Harinas y pastas,Molinos Valle Verde SA,12,4.1,0,49.2,34.44,14.76,Pagado,Transferencia
P12150,2025-11-11,11,C111,Cafetería Virgen de Fátima 111,Cafetería,Tacna,Sur,Tienda,Jorge Huamán,SNA-02,Chifles 150 g x 10,Snacks,Snacks Costa Azul EIRL,4,28.0,0.05,106.4,64.96,41.44,Pagado,Tarjeta
P12151,2025-11-11,11,C059,Bodega Santa Rosa 059,Bodega,Lima,Lima,Tienda,Rodrigo Salas,HAR-04,Harina preparada 1 kg,Harinas y pastas,Molinos Valle Verde SA,11,6.3,0.152,58.77,50.6,8.17,Pagado,Plin
P12151,2025-11-11,11,C059,Bodega Santa Rosa 059,Bodega,Lima,Lima,Tienda,Rodrigo Salas,HAR-03,Fideo tallarín 1 kg,Harinas y pastas,Molinos Valle Verde SA,4,7.2,0.176,23.73,20.72,3.01,Pagado,Transferencia
P12189,2025-11-11,11,C023,Bodega El Sol 023,Bodega,Lima,Lima,Tienda,Luis Paredes,GRA-04,Chía 500 g,Granos andinos,Agroandina del Sur SAC,9,13.0,0.03,113.49,74.88,38.61,Pagado,Yape
P12189,2025-11-11,11,C023,Bodega El Sol 023,Bodega,Lima,Lima,Tienda,Luis Paredes,LIM-05,Jabón de tocador x 3,Limpieza,Limpieza Total Perú SAC,12,6.5,0,78.0,52.32,25.68,Pagado,Tarjeta
P12007,2025-11-12,11,C119,Bodega El Sol 119,Bodega,Cusco,Sur,Tienda,Jorge Huamán,GRA-05,Avena con quinua 900 g,Granos andinos,Agroandina del Sur SAC,7,11.5,0,80.5,53.97,26.53,Pagado,Efectivo
P12007,2025-11-12,11,C119,Bodega El Sol 119,Bodega,Cusco,Sur,Tienda,Jorge Huamán,GRA-04,Chía 500 g,Granos andinos,Agroandina del Sur SAC,8,13.0,0.05,98.8,66.56,32.24,Pagado,Transferencia
P12008,2025-11-12,11,C083,Bodega Mi Perú 083,Bodega,Piura,Norte,Tienda,María Torres,LIM-01,Detergente 2 kg,Limpieza,Limpieza Total Perú SAC,4,19.5,0.03,75.66,53.8,21.86,Pagado,Yape
P12018,2025-11-12,11,C091,Cafetería El Puerto 091,Cafetería,Chiclayo,Norte,Tienda,María Torres,BEB-04,Bebida rehidratante 500 ml x 12,Bebidas,Bebidas Norte Pacífico SAC,6,33.0,0.03,192.06,124.74,67.32,Pagado,Tarjeta
P12018,2025-11-12,11,C091,Cafetería El Puerto 091,Cafetería,Chiclayo,Norte,Tienda,María Torres,CAF-05,Café instantáneo 200 g,Café y cacao,Café Selva Central SAC,3,21.0,0.02,61.74,39.69,22.05,Pagado,Yape
P12018,2025-11-12,11,C091,Cafetería El Puerto 091,Cafetería,Chiclayo,Norte,Tienda,María Torres,BEB-04,Bebida rehidratante 500 ml x 12,Bebidas,Bebidas Norte Pacífico SAC,4,33.0,0,132.0,83.16,48.84,Vencido,Yape
P12036,2025-11-12,11,C136,Bodega El Ahorro 136,Bodega,Huánuco,Centro,Tienda,Rosa Ccori,BEB-03,Néctar de durazno 1 L x 6,Bebidas,Bebidas Norte Pacífico SAC,4,27.0,0.02,105.84,69.12,36.72,Pagado,Plin
P12039,2025-11-12,11,C119,Bodega El Sol 119,Bodega,Cusco,Sur,Tienda,Jorge Huamán,BEB-01,Agua mineral 625 ml x 15,Bebidas,Bebidas Norte Pacífico SAC,3,18.0,0.05,51.3,33.48,17.82,Pagado,Yape
P12039,2025-11-12,11,C119,Bodega El Sol 119,Bodega,Cusco,Sur,Tienda,Jorge Huamán,BEB-04,Bebida rehidratante 500 ml x 12,Bebidas,Bebidas Norte Pacífico SAC,6,33.0,0,198.0,124.74,73.26,Pagado,Transferencia
P12048,2025-11-12,11,C034,Minimarket San Martín 034,Minimarket,Lima,Lima,Tienda,Ana Quispe,GRA-03,Maca en polvo 250 g,Granos andinos,Agroandina del Sur SAC,8,17.0,0.05,129.2,74.8,54.4,Pagado,Yape
P12048,2025-11-12,11,C034,Minimarket San Martín 034,Minimarket,Lima,Lima,Tienda,Ana Quispe,GRA-03,Maca en polvo 250 g,Granos andinos,Agroandina del Sur SAC,7,17.0,0.03,115.43,65.45,49.98,Pagado,Yape
P12048,2025-11-12,11,C034,Minimarket San Martín 034,Minimarket,Lima,Lima,Tienda,Ana Quispe,LIM-05,Jabón de tocador x 3,Limpieza,Limpieza Total Perú SAC,8,6.5,0.02,50.96,34.88,16.08,Pagado,Transferencia
P12076,2025-11-12,11,C010,Restaurante Los Andes 010,Restaurante,Lima,Lima,Tienda,Rodrigo Salas,CAF-03,Cacao en polvo 250 g,Café y cacao,Café Selva Central SAC,9,12.5,0.115,99.56,67.5,32.06,Pagado,Tarjeta
P12082,2025-11-12,11,C125,Bodega El Ahorro 125,Bodega,Cusco,Sur,Tienda,Jorge Huamán,BEB-03,Néctar de durazno 1 L x 6,Bebidas,Bebidas Norte Pacífico SAC,5,27.0,0.02,132.3,86.4,45.9,Pagado,Efectivo
P12090,2025-11-12,11,C023,Bodega El Sol 023,Bodega,Lima,Lima,Tienda,Ana Quispe,BEB-02,Gaseosa 3 L x 4,Bebidas,Bebidas Norte Pacífico SAC,7,32.0,0,224.0,152.32,71.68,Pendiente,Yape
P12090,2025-11-12,11,C023,Bodega El Sol 023,Bodega,Lima,Lima,Tienda,Ana Quispe,LIM-05,Jabón de tocador x 3,Limpieza,Limpieza Total Perú SAC,4,6.5,0.05,24.7,17.44,7.26,Pendiente,Transferencia
P12112,2025-11-12,11,C041,Bodega Santa Rosa 041,Bodega,Lima,Lima,Tienda,Luis Paredes,SNA-05,Camote frito 120 g x 10,Snacks,Snacks Costa Azul EIRL,12,31.0,0.05,353.4,219.48,133.92,Pagado,Transferencia
P12116,2025-11-12,11,C022,Empresa La Familia 022,Empresa,Lima,Lima,Tienda,Ana Quispe,CAF-03,Cacao en polvo 250 g,Café y cacao,Café Selva Central SAC,10,12.5,0.05,118.75,75.0,43.75,Pagado,Tarjeta
P12116,2025-11-12,11,C022,Empresa La Familia 022,Empresa,Lima,Lima,Tienda,Ana Quispe,GRA-04,Chía 500 g,Granos andinos,Agroandina del Sur SAC,7,13.0,0.02,89.18,58.24,30.94,Pagado,Tarjeta
P12134,2025-11-12,11,C008,Minimarket El Trébol 008,Minimarket,Lima,Lima,Tienda,Luis Paredes,GRA-01,Quinua blanca 1 kg,Granos andinos,Agroandina del Sur SAC,9,14.5,0.03,126.58,86.13,40.45,Pagado,Tarjeta
P12153,2025-11-12,11,C115,Empresa El Puerto 115,Empresa,Arequipa,Sur,Tienda,Jorge Huamán,LIM-02,Lejía 4 L,Limpieza,Limpieza Total Perú SAC,12,9.8,0.05,111.72,77.64,34.08,Pagado,Yape
P12179,2025-11-12,11,C094,Bodega Santa Rosa 094,Bodega,Trujillo,Norte,Tienda,María Torres,GRA-04,Chía 500 g,Granos andinos,Agroandina del Sur SAC,11,13.0,0,143.0,91.52,51.48,Pagado,Yape
P12179,2025-11-12,11,C094,Bodega Santa Rosa 094,Bodega,Trujillo,Norte,Tienda,María Torres,GRA-05,Avena con quinua 900 g,Granos andinos,Agroandina del Sur SAC,3,11.5,0.03,33.46,23.13,10.33,Pendiente,Transferencia
P11990,2025-11-13,11,C071,Minimarket Santa Rosa 071,Minimarket,Chiclayo,Norte,Tienda,María Torres,HAR-05,Sémola 500 g,Harinas y pastas,Molinos Valle Verde SA,2,4.1,0.05,7.79,5.74,2.05,Pagado,Transferencia
P11990,2025-11-13,11,C071,Minimarket Santa Rosa 071,Minimarket,Chiclayo,Norte,Tienda,María Torres,CAF-01,Café tostado molido 500 g,Café y cacao,Café Selva Central SAC,10,24.0,0.03,232.8,139.2,93.6,Pagado,Tarjeta
P11990,2025-11-13,11,C071,Minimarket Santa Rosa 071,Minimarket,Chiclayo,Norte,Tienda,María Torres,SNA-03,Galletas de avena x 24,Snacks,Snacks Costa Azul EIRL,3,22.0,0.05,62.7,42.9,19.8,Pagado,Efectivo
P12025,2025-11-13,11,C060,Bodega El Sol 060,Bodega,Lima,Lima,Tienda,Ana Quispe,CAF-04,Chocolate para taza 180 g,Café y cacao,Café Selva Central SAC,6,9.9,0.02,58.21,36.84,21.37,Pagado,Transferencia
P12025,2025-11-13,11,C060,Bodega El Sol 060,Bodega,Lima,Lima,Tienda,Ana Quispe,BEB-01,Agua mineral 625 ml x 15,Bebidas,Bebidas Norte Pacífico SAC,10,18.0,0,180.0,111.6,68.4,Pagado,Yape
P12046,2025-11-13,11,C015,Bodega Pachamama 015,Bodega,Lima,Lima,Tienda,Luis Paredes,CAF-02,Café en grano 1 kg,Café y cacao,Café Selva Central SAC,6,46.0,0,276.0,157.32,118.68,Pagado,Yape
P12046,2025-11-13,11,C015,Bodega Pachamama 015,Bodega,Lima,Lima,Tienda,Luis Paredes,GRA-04,Chía 500 g,Granos andinos,Agroandina del Sur SAC,9,13.0,0.05,111.15,74.88,36.27,Pagado,Transferencia
P12060,2025-11-13,11,C118,Bodega El Sol 118,Bodega,Cusco,Sur,Tienda,Jorge Huamán,HAR-01,Harina sin preparar 1 kg,Harinas y pastas,Molinos Valle Verde SA,11,5.4,0.05,56.43,44.0,12.43,Vencido,Efectivo
P12060,2025-11-13,11,C118,Bodega El Sol 118,Bodega,Cusco,Sur,Tienda,Jorge Huamán,SNA-01,Papas nativas 120 g x 10,Snacks,Snacks Costa Azul EIRL,4,35.0,0.03,135.8,84.0,51.8,Pagado,Efectivo
P12060,2025-11-13,11,C118,Bodega El Sol 118,Bodega,Cusco,Sur,Tienda,Jorge Huamán,BEB-03,Néctar de durazno 1 L x 6,Bebidas,Bebidas Norte Pacífico SAC,9,27.0,0,243.0,155.52,87.48,Pagado,Yape
P12075,2025-11-13,11,C026,Bodega Mi Perú 026,Bodega,Lima,Lima,Tienda,Luis Paredes,CAF-04,Chocolate para taza 180 g,Café y cacao,Café Selva Central SAC,3,9.9,0.02,29.11,18.42,10.69,Pagado,Transferencia
P12097,2025-11-13,11,C008,Minimarket El Trébol 008,Minimarket,Lima,Lima,Online,Ana Quispe,LIM-02,Lejía 4 L,Limpieza,Limpieza Total Perú SAC,2,9.8,0,19.6,12.94,6.66,Pagado,Efectivo
P12143,2025-11-13,11,C047,Restaurante Primavera 047,Restaurante,Lima,Lima,Tienda,Rodrigo Salas,CAF-03,Cacao en polvo 250 g,Café y cacao,Café Selva Central SAC,4,12.5,0.133,43.35,30.0,13.35,Pagado,Tarjeta
P12143,2025-11-13,11,C047,Restaurante Primavera 047,Restaurante,Lima,Lima,Tienda,Rodrigo Salas,HAR-04,Harina preparada 1 kg,Harinas y pastas,Molinos Valle Verde SA,9,6.3,0.173,46.89,41.4,5.49,Pagado,Yape
P12143,2025-11-13,11,C047,Restaurante Primavera 047,Restaurante,Lima,Lima,Tienda,Rodrigo Salas,BEB-02,Gaseosa 3 L x 4,Bebidas,Bebidas Norte Pacífico SAC,9,32.0,0.166,240.19,195.84,44.35,Pagado,Transferencia
P12158,2025-11-13,11,C070,Minimarket El Ahorro 070,Minimarket,Lima,Lima,WhatsApp,Ana Quispe,GRA-03,Maca en polvo 250 g,Granos andinos,Agroandina del Sur SAC,8,17.0,0,136.0,74.8,61.2,Pagado,Plin
P11980,2025-11-14,11,C080,Restaurante El Ahorro 080,Restaurante,Trujillo,Norte,Tienda,María Torres,HAR-02,Fideo spaghetti 500 g,Harinas y pastas,Molinos Valle Verde SA,9,3.9,0,35.1,24.93,10.17,Pagado,Transferencia
P12017,2025-11-14,11,C054,Bodega Nueva Era 054,Bodega,Lima,Lima,Tienda,Rodrigo Salas,CAF-05,Café instantáneo 200 g,Café y cacao,Café Selva Central SAC,8,21.0,0.167,139.94,105.84,34.1,Pagado,Tarjeta
P12017,2025-11-14,11,C054,Bodega Nueva Era 054,Bodega,Lima,Lima,Tienda,Rodrigo Salas,SNA-02,Chifles 150 g x 10,Snacks,Snacks Costa Azul EIRL,7,28.0,0.103,175.81,113.68,62.13,Pagado,Tarjeta
P12017,2025-11-14,11,C054,Bodega Nueva Era 054,Bodega,Lima,Lima,Tienda,Rodrigo Salas,CAF-03,Cacao en polvo 250 g,Café y cacao,Café Selva Central SAC,9,12.5,0.109,100.24,67.5,32.74,Pagado,Efectivo
P12028,2025-11-14,11,C102,Mayorista El Progreso 102,Mayorista,Tacna,Sur,Mayorista,Jorge Huamán,GRA-03,Maca en polvo 250 g,Granos andinos,Agroandina del Sur SAC,20,17.0,0.08,312.8,187.0,125.8,Pagado,Transferencia
P12044,2025-11-14,11,C041,Bodega Santa Rosa 041,Bodega,Lima,Lima,Tienda,Ana Quispe,HAR-04,Harina preparada 1 kg,Harinas y pastas,Molinos Valle Verde SA,9,6.3,0.03,55.0,41.4,13.6,Pagado,Yape
P12044,2025-11-14,11,C041,Bodega Santa Rosa 041,Bodega,Lima,Lima,Tienda,Ana Quispe,GRA-05,Avena con quinua 900 g,Granos andinos,Agroandina del Sur SAC,4,11.5,0.03,44.62,30.84,13.78,Pagado,Yape
P12078,2025-11-14,11,C028,Restaurante El Ahorro 028,Restaurante,Lima,Lima,Tienda,Rodrigo Salas,BEB-05,Té helado 500 ml x 12,Bebidas,Bebidas Norte Pacífico SAC,7,29.0,0.119,178.84,123.83,55.01,Pagado,Plin
P12096,2025-11-14,11,C050,Mayorista El Sol 050,Mayorista,Lima,Lima,Mayorista,Rodrigo Salas,BEB-04,Bebida rehidratante 500 ml x 12,Bebidas,Bebidas Norte Pacífico SAC,36,33.0,0.128,1035.94,748.44,287.5,Pendiente,Transferencia
P12096,2025-11-14,11,C050,Mayorista El Sol 050,Mayorista,Lima,Lima,Mayorista,Rodrigo Salas,SNA-02,Chifles 150 g x 10,Snacks,Snacks Costa Azul EIRL,48,28.0,0.108,1198.85,779.52,419.33,Pagado,Transferencia
P12096,2025-11-14,11,C050,Mayorista El Sol 050,Mayorista,Lima,Lima,Mayorista,Rodrigo Salas,LIM-01,Detergente 2 kg,Limpieza,Limpieza Total Perú SAC,28,19.5,0.152,463.01,376.6,86.41,Pagado,Transferencia
P11982,2025-11-15,11,C082,Bodega Mi Perú 082,Bodega,Piura,Norte,Tienda,María Torres,CAF-04,Chocolate para taza 180 g,Café y cacao,Café Selva Central SAC,12,9.9,0.05,112.86,73.68,39.18,Pagado,Tarjeta
P12022,2025-11-15,11,C009,Minimarket La Esperanza 009,Minimarket,Lima,Lima,Tienda,Rodrigo Salas,GRA-01,Quinua blanca 1 kg,Granos andinos,Agroandina del Sur SAC,5,14.5,0.118,63.95,47.85,16.1,Pagado,Transferencia
P12071,2025-11-15,11,C119,Bodega El Sol 119,Bodega,Cusco,Sur,Tienda,Jorge Huamán,LIM-02,Lejía 4 L,Limpieza,Limpieza Total Perú SAC,7,9.8,0.02,67.23,45.29,21.94,Pagado,Tarjeta
P12089,2025-11-15,11,C052,Bodega La Victoria 052,Bodega,Lima,Lima,Tienda,Ana Quispe,BEB-04,Bebida rehidratante 500 ml x 12,Bebidas,Bebidas Norte Pacífico SAC,2,33.0,0.02,64.68,41.58,23.1,Pagado,Efectivo
P12089,2025-11-15,11,C052,Bodega La Victoria 052,Bodega,Lima,Lima,Tienda,Ana Quispe,SNA-03,Galletas de avena x 24,Snacks,Snacks Costa Azul EIRL,7,22.0,0.05,146.3,100.1,46.2,Pendiente,Transferencia
P12089,2025-11-15,11,C052,Bodega La Victoria 052,Bodega,Lima,Lima,Tienda,Ana Quispe,CAF-05,Café instantáneo 200 g,Café y cacao,Café Selva Central SAC,10,21.0,0.03,203.7,132.3,71.4,Pagado,Plin
P12102,2025-11-15,11,C059,Bodega Santa Rosa 059,Bodega,Lima,Lima,Tienda,Luis Paredes,SNA-02,Chifles 150 g x 10,Snacks,Snacks Costa Azul EIRL,2,28.0,0,56.0,32.48,23.52,Pagado,Yape
P12104,2025-11-15,11,C127,Minimarket El Progreso 127,Minimarket,Huánuco,Centro,Tienda,Rosa Ccori,SNA-01,Papas nativas 120 g x 10,Snacks,Snacks Costa Azul EIRL,4,35.0,0.02,137.2,84.0,53.2,Pagado,Tarjeta
P12104,2025-11-15,11,C127,Minimarket El Progreso 127,Minimarket,Huánuco,Centro,Tienda,Rosa Ccori,HAR-01,Harina sin preparar 1 kg,Harinas y pastas,Molinos Valle Verde SA,6,5.4,0,32.4,24.0,8.4,Pagado,Transferencia
P12135,2025-11-15,11,C077,Mayorista Inti 077,Mayorista,Trujillo,Norte,Mayorista,María Torres,LIM-03,Lavavajilla 900 g,Limpieza,Limpieza Total Perú SAC,48,8.2,0.08,362.11,252.0,110.11,Pagado,Transferencia
P12003,2025-11-16,11,C061,Empresa Inti 061,Empresa,Lima,Lima,Tienda,Ana Quispe,HAR-03,Fideo tallarín 1 kg,Harinas y pastas,Molinos Valle Verde SA,6,7.2,0,43.2,31.08,12.12,Pagado,Yape
P12040,2025-11-16,11,C049,Restaurante San Pedro 049,Restaurante,Lima,Lima,Tienda,Rodrigo Salas,LIM-02,Lejía 4 L,Limpieza,Limpieza Total Perú SAC,4,9.8,0.125,34.3,25.88,8.42,Pagado,Tarjeta
P12040,2025-11-16,11,C049,Restaurante San Pedro 049,Restaurante,Lima,Lima,Tienda,Rodrigo Salas,LIM-01,Detergente 2 kg,Limpieza,Limpieza Total Perú SAC,7,19.5,0.126,119.3,94.15,25.15,Pagado,Efectivo
P12040,2025-11-16,11,C049,Restaurante San Pedro 049,Restaurante,Lima,Lima,Tienda,Rodrigo Salas,BEB-02,Gaseosa 3 L x 4,Bebidas,Bebidas Norte Pacífico SAC,3,32.0,0.171,79.58,65.28,14.3,Pagado,Tarjeta
P12063,2025-11-16,11,C058,Restaurante La Familia 058,Restaurante,Lima,Lima,Tienda,Ana Quispe,GRA-05,Avena con quinua 900 g,Granos andinos,Agroandina del Sur SAC,6,11.5,0.05,65.55,46.26,19.29,Pagado,Efectivo
P12063,2025-11-16,11,C058,Restaurante La Familia 058,Restaurante,Lima,Lima,Tienda,Ana Quispe,LIM-01,Detergente 2 kg,Limpieza,Limpieza Total Perú SAC,11,19.5,0,214.5,147.95,66.55,Pagado,Yape
P12063,2025-11-16,11,C058,Restaurante La Familia 058,Restaurante,Lima,Lima,Tienda,Ana Quispe,GRA-05,Avena con quinua 900 g,Granos andinos,Agroandina del Sur SAC,5,11.5,0,57.5,38.55,18.95,Pagado,Yape
P12067,2025-11-16,11,C024,Bodega Los Andes 024,Bodega,Lima,Lima,Tienda,Rodrigo Salas,BEB-01,Agua mineral 625 ml x 15,Bebidas,Bebidas Norte Pacífico SAC,2,18.0,0.123,31.57,22.32,9.25,Pagado,Efectivo
P12067,2025-11-16,11,C024,Bodega Los Andes 024,Bodega,Lima,Lima,Tienda,Rodrigo Salas,SNA-01,Papas nativas 120 g x 10,Snacks,Snacks Costa Azul EIRL,5,35.0,0.164,146.3,105.0,41.3,Pagado,Yape
P12095,2025-11-16,11,C064,Restaurante La Victoria 064,Restaurante,Lima,Lima,Tienda,Ana Quispe,HAR-05,Sémola 500 g,Harinas y pastas,Molinos Valle Verde SA,8,4.1,0.02,32.14,22.96,9.18,Pagado,Plin
P12095,2025-11-16,11,C064,Restaurante La Victoria 064,Restaurante,Lima,Lima,Tienda,Ana Quispe,SNA-01,Papas nativas 120 g x 10,Snacks,Snacks Costa Azul EIRL,2,35.0,0.02,68.6,42.0,26.6,Pagado,Efectivo
P12164,2025-11-16,11,C121,Bodega Don Lucho 121,Bodega,Arequipa,Sur,Tienda,Jorge Huamán,CAF-03,Cacao en polvo 250 g,Café y cacao,Café Selva Central SAC,4,12.5,0.03,48.5,30.0,18.5,Pagado,Yape
P12164,2025-11-16,11,C121,Bodega Don Lucho 121,Bodega,Arequipa,Sur,Tienda,Jorge Huamán,GRA-01,Quinua blanca 1 kg,Granos andinos,Agroandina del Sur SAC,7,14.5,0.05,96.42,66.99,29.43,Pagado,Transferencia
P12185,2025-11-16,11,C116,Bodega Las Flores 116,Bodega,Tacna,Sur,Tienda,Jorge Huamán,LIM-03,Lavavajilla 900 g,Limpieza,Limpieza Total Perú SAC,9,8.2,0.05,70.11,47.25,22.86,Pagado,Tarjeta
P12185,2025-11-16,11,C116,Bodega Las Flores 116,Bodega,Tacna,Sur,Tienda,Jorge Huamán,BEB-01,Agua mineral 625 ml x 15,Bebidas,Bebidas Norte Pacífico SAC,10,18.0,0,180.0,111.6,68.4,Pagado,Yape
P12185,2025-11-16,11,C116,Bodega Las Flores 116,Bodega,Tacna,Sur,Tienda,Jorge Huamán,SNA-01,Papas nativas 120 g x 10,Snacks,Snacks Costa Azul EIRL,12,35.0,0,420.0,252.0,168.0,Pagado,Tarjeta
P11978,2025-11-17,11,C083,Bodega Mi Perú 083,Bodega,Piura,Norte,Tienda,María Torres,SNA-02,Chifles 150 g x 10,Snacks,Snacks Costa Azul EIRL,5,28.0,0.05,133.0,81.2,51.8,Pagado,Plin
P11978,2025-11-17,11,C083,Bodega Mi Perú 083,Bodega,Piura,Norte,Tienda,María Torres,GRA-02,Kiwicha pop 300 g,Granos andinos,Agroandina del Sur SAC,6,8.9,0.02,52.33,32.58,19.75,Pagado,Transferencia
P12009,2025-11-17,11,C026,Bodega Mi Perú 026,Bodega,Lima,Lima,Tienda,Ana Quispe,CAF-03,Cacao en polvo 250 g,Café y cacao,Café Selva Central SAC,7,12.5,0,87.5,52.5,35.0,Pendiente,Yape
P12009,2025-11-17,11,C026,Bodega Mi Perú 026,Bodega,Lima,Lima,Tienda,Ana Quispe,SNA-02,Chifles 150 g x 10,Snacks,Snacks Costa Azul EIRL,5,28.0,0,140.0,81.2,58.8,Pagado,Transferencia
P12026,2025-11-17,11,C051,Empresa San Martín 051,Empresa,Lima,Lima,Tienda,Luis Paredes,HAR-03,Fideo tallarín 1 kg,Harinas y pastas,Molinos Valle Verde SA,4,7.2,0,28.8,20.72,8.08,Pagado,Yape
P12027,2025-11-17,11,C009,Minimarket La Esperanza 009,Minimarket,Lima,Lima,Tienda,Ana Quispe,BEB-01,Agua mineral 625 ml x 15,Bebidas,Bebidas Norte Pacífico SAC,12,18.0,0.02,211.68,133.92,77.76,Pendiente,Transferencia
P12045,2025-11-17,11,C050,Mayorista El Sol 050,Mayorista,Lima,Lima,Mayorista,Rodrigo Salas,SNA-01,Papas nativas 120 g x 10,Snacks,Snacks Costa Azul EIRL,28,35.0,0.106,876.12,588.0,288.12,Pagado,Transferencia
P12047,2025-11-17,11,C063,Restaurante Don Lucho 063,Restaurante,Lima,Lima,Tienda,Luis Paredes,LIM-01,Detergente 2 kg,Limpieza,Limpieza Total Perú SAC,8,19.5,0.03,151.32,107.6,43.72,Pagado,Yape
P12047,2025-11-17,11,C063,Restaurante Don Lucho 063,Restaurante,Lima,Lima,Tienda,Luis Paredes,HAR-03,Fideo tallarín 1 kg,Harinas y pastas,Molinos Valle Verde SA,12,7.2,0,86.4,62.16,24.24,Pagado,Efectivo
P12062,2025-11-17,11,C010,Restaurante Los Andes 010,Restaurante,Lima,Lima,WhatsApp,Luis Paredes,CAF-02,Café en grano 1 kg,Café y cacao,Café Selva Central SAC,12,46.0,0.05,524.4,314.64,209.76,Pendiente,Efectivo
P12101,2025-11-17,11,C038,Bodega El Ahorro 038,Bodega,Lima,Lima,Tienda,Rodrigo Salas,LIM-05,Jabón de tocador x 3,Limpieza,Limpieza Total Perú SAC,4,6.5,0.159,21.87,17.44,4.43,Pagado,Efectivo
P12132,2025-11-17,11,C138,Restaurante Las Flores 138,Restaurante,Huánuco,Centro,Tienda,Rosa Ccori,GRA-02,Kiwicha pop 300 g,Granos andinos,Agroandina del Sur SAC,9,8.9,0,80.1,48.87,31.23,Pagado,Efectivo
P12148,2025-11-17,11,C083,Bodega Mi Perú 083,Bodega,Piura,Norte,Tienda,María Torres,CAF-05,Café instantáneo 200 g,Café y cacao,Café Selva Central SAC,10,21.0,0.02,205.8,132.3,73.5,Pagado,Tarjeta
P12148,2025-11-17,11,C083,Bodega Mi Perú 083,Bodega,Piura,Norte,Tienda,María Torres,GRA-04,Chía 500 g,Granos andinos,Agroandina del Sur SAC,7,13.0,0.05,86.45,58.24,28.21,Pagado,Plin
P11987,2025-11-18,11,C041,Bodega Santa Rosa 041,Bodega,Lima,Lima,Online,Ana Quispe,HAR-02,Fideo spaghetti 500 g,Harinas y pastas,Molinos Valle Verde SA,6,3.9,0.02,22.93,16.62,6.31,Pagado,Yape
P11994,2025-11-18,11,C075,Mayorista Santa Rosa 075,Mayorista,Trujillo,Norte,Mayorista,María Torres,CAF-05,Café instantáneo 200 g,Café y cacao,Café Selva Central SAC,32,21.0,0.08,618.24,423.36,194.88,Pendiente,Transferencia
P11994,2025-11-18,11,C075,Mayorista Santa Rosa 075,Mayorista,Trujillo,Norte,Mayorista,María Torres,CAF-05,Café instantáneo 200 g,Café y cacao,Café Selva Central SAC,40,21.0,0.08,772.8,529.2,243.6,Pagado,Transferencia
P12021,2025-11-18,11,C008,Minimarket El Trébol 008,Minimarket,Lima,Lima,Tienda,Ana Quispe,LIM-03,Lavavajilla 900 g,Limpieza,Limpieza Total Perú SAC,8,8.2,0,65.6,42.0,23.6,Pagado,Plin
P12021,2025-11-18,11,C008,Minimarket El Trébol 008,Minimarket,Lima,Lima,Tienda,Ana Quispe,GRA-03,Maca en polvo 250 g,Granos andinos,Agroandina del Sur SAC,4,17.0,0,68.0,37.4,30.6,Pendiente,Yape
P12029,2025-11-18,11,C100,Restaurante El Ahorro 100,Restaurante,Cusco,Sur,Tienda,Jorge Huamán,GRA-03,Maca en polvo 250 g,Granos andinos,Agroandina del Sur SAC,2,17.0,0,34.0,18.7,15.3,Pagado,Efectivo
P12081,2025-11-18,11,C003,Bodega La Esperanza 003,Bodega,Lima,Lima,Tienda,Ana Quispe,CAF-01,Café tostado molido 500 g,Café y cacao,Café Selva Central SAC,4,24.0,0.02,94.08,55.68,38.4,Pagado,Tarjeta
P12094,2025-11-18,11,C055,Empresa Inti 055,Empresa,Lima,Lima,Tienda,Ana Quispe,HAR-03,Fideo tallarín 1 kg,Harinas y pastas,Molinos Valle Verde SA,4,7.2,0.05,27.36,20.72,6.64,Pagado,Yape
P12094,2025-11-18,11,C055,Empresa Inti 055,Empresa,Lima,Lima,Tienda,Ana Quispe,HAR-03,Fideo tallarín 1 kg,Harinas y pastas,Molinos Valle Verde SA,8,7.2,0.02,56.45,41.44,15.01,Pagado,Tarjeta
P12110,2025-11-18,11,C012,Cafetería Pachamama 012,Cafetería,Lima,Lima,Tienda,Luis Paredes,SNA-05,Camote frito 120 g x 10,Snacks,Snacks Costa Azul EIRL,10,31.0,0.05,294.5,182.9,111.6,Pagado,Plin
P12110,2025-11-18,11,C012,Cafetería Pachamama 012,Cafetería,Lima,Lima,Tienda,Luis Paredes,HAR-04,Harina preparada 1 kg,Harinas y pastas,Molinos Valle Verde SA,2,6.3,0.02,12.35,9.2,3.15,Pagado,Tarjeta
P12136,2025-11-18,11,C020,Bodega Santa Rosa 020,Bodega,Lima,Lima,Tienda,Luis Paredes,SNA-02,Chifles 150 g x 10,Snacks,Snacks Costa Azul EIRL,12,28.0,0.03,325.92,194.88,131.04,Pagado,Transferencia
P12136,2025-11-18,11,C020,Bodega Santa Rosa 020,Bodega,Lima,Lima,Tienda,Luis Paredes,HAR-05,Sémola 500 g,Harinas y pastas,Molinos Valle Verde SA,6,4.1,0.02,24.11,17.22,6.89,Pagado,Efectivo
P11979,2025-11-19,11,C031,Bodega El Ahorro 031,Bodega,Lima,Lima,Tienda,Luis Paredes,SNA-03,Galletas de avena x 24,Snacks,Snacks Costa Azul EIRL,2,22.0,0.05,41.8,28.6,13.2,Pagado,Yape
P11979,2025-11-19,11,C031,Bodega El Ahorro 031,Bodega,Lima,Lima,Tienda,Luis Paredes,LIM-01,Detergente 2 kg,Limpieza,Limpieza Total Perú SAC,7,19.5,0,136.5,94.15,42.35,Pagado,Transferencia
P11992,2025-11-19,11,C107,Minimarket Mi Perú 107,Minimarket,Cusco,Sur,Tienda,Jorge Huamán,HAR-02,Fideo spaghetti 500 g,Harinas y pastas,Molinos Valle Verde SA,6,3.9,0.02,22.93,16.62,6.31,Pagado,Tarjeta
P12065,2025-11-19,11,C031,Bodega El Ahorro 031,Bodega,Lima,Lima,Tienda,Luis Paredes,CAF-01,Café tostado molido 500 g,Café y cacao,Café Selva Central SAC,5,24.0,0,120.0,69.6,50.4,Pagado,Plin
P12065,2025-11-19,11,C031,Bodega El Ahorro 031,Bodega,Lima,Lima,Tienda,Luis Paredes,CAF-02,Café en grano 1 kg,Café y cacao,Café Selva Central SAC,7,46.0,0,322.0,183.54,138.46,Pagado,Tarjeta
P12069,2025-11-19,11,C115,Empresa El Puerto 115,Empresa,Arequipa,Sur,Tienda,Jorge Huamán,LIM-01,Detergente 2 kg,Limpieza,Limpieza Total Perú SAC,5,19.5,0.03,94.58,67.25,27.33,Pagado,Efectivo
P12069,2025-11-19,11,C115,Empresa El Puerto 115,Empresa,Arequipa,Sur,Tienda,Jorge Huamán,SNA-02,Chifles 150 g x 10,Snacks,Snacks Costa Azul EIRL,12,28.0,0.02,329.28,194.88,134.4,Pagado,Efectivo
P12124,2025-11-19,11,C013,Empresa Nueva Era 013,Empresa,Lima,Lima,Tienda,Luis Paredes,LIM-01,Detergente 2 kg,Limpieza,Limpieza Total Perú SAC,3,19.5,0.03,56.74,40.35,16.39,Pagado,Tarjeta
P12124,2025-11-19,11,C013,Empresa Nueva Era 013,Empresa,Lima,Lima,Tienda,Luis Paredes,CAF-03,Cacao en polvo 250 g,Café y cacao,Café Selva Central SAC,2,12.5,0.02,24.5,15.0,9.5,Pendiente,Yape
P12161,2025-11-19,11,C010,Restaurante Los Andes 010,Restaurante,Lima,Lima,Tienda,Luis Paredes,BEB-05,Té helado 500 ml x 12,Bebidas,Bebidas Norte Pacífico SAC,4,29.0,0.02,113.68,70.76,42.92,Pagado,Plin
P12161,2025-11-19,11,C010,Restaurante Los Andes 010,Restaurante,Lima,Lima,Tienda,Luis Paredes,BEB-01,Agua mineral 625 ml x 15,Bebidas,Bebidas Norte Pacífico SAC,2,18.0,0.03,34.92,22.32,12.6,Pagado,Transferencia
P12170,2025-11-19,11,C048,Cafetería Inti 048,Cafetería,Lima,Lima,Tienda,Luis Paredes,BEB-02,Gaseosa 3 L x 4,Bebidas,Bebidas Norte Pacífico SAC,7,32.0,0.05,212.8,152.32,60.48,Pagado,Yape
P12170,2025-11-19,11,C048,Cafetería Inti 048,Cafetería,Lima,Lima,Tienda,Luis Paredes,BEB-05,Té helado 500 ml x 12,Bebidas,Bebidas Norte Pacífico SAC,6,29.0,0,174.0,106.14,67.86,Pagado,Transferencia
P12014,2025-11-20,11,C079,Restaurante El Ahorro 079,Restaurante,Trujillo,Norte,Tienda,María Torres,GRA-03,Maca en polvo 250 g,Granos andinos,Agroandina del Sur SAC,9,17.0,0.03,148.41,84.15,64.26,Pagado,Yape
P12041,2025-11-20,11,C112,Minimarket La Familia 112,Minimarket,Cusco,Sur,Online,Jorge Huamán,GRA-04,Chía 500 g,Granos andinos,Agroandina del Sur SAC,3,13.0,0,39.0,24.96,14.04,Pagado,Yape
P12041,2025-11-20,11,C112,Minimarket La Familia 112,Minimarket,Cusco,Sur,Online,Jorge Huamán,GRA-03,Maca en polvo 250 g,Granos andinos,Agroandina del Sur SAC,12,17.0,0,204.0,112.2,91.8,Pagado,Transferencia
P12041,2025-11-20,11,C112,Minimarket La Familia 112,Minimarket,Cusco,Sur,Online,Jorge Huamán,GRA-04,Chía 500 g,Granos andinos,Agroandina del Sur SAC,4,13.0,0,52.0,33.28,18.72,Pagado,Yape
P12072,2025-11-20,11,C110,Bodega La Esperanza 110,Bodega,Arequipa,Sur,Tienda,Jorge Huamán,BEB-05,Té helado 500 ml x 12,Bebidas,Bebidas Norte Pacífico SAC,12,29.0,0,348.0,212.28,135.72,Pagado,Yape
P12074,2025-11-20,11,C029,Minimarket Las Flores 029,Minimarket,Lima,Lima,Tienda,Rodrigo Salas,CAF-05,Café instantáneo 200 g,Café y cacao,Café Selva Central SAC,3,21.0,0.127,55.0,39.69,15.31,Pagado,Yape
P12157,2025-11-20,11,C059,Bodega Santa Rosa 059,Bodega,Lima,Lima,Online,Rodrigo Salas,LIM-05,Jabón de tocador x 3,Limpieza,Limpieza Total Perú SAC,6,6.5,0.175,32.17,26.16,6.01,Vencido,Plin
P12157,2025-11-20,11,C059,Bodega Santa Rosa 059,Bodega,Lima,Lima,Online,Rodrigo Salas,SNA-02,Chifles 150 g x 10,Snacks,Snacks Costa Azul EIRL,4,28.0,0.151,95.09,64.96,30.13,Pagado,Tarjeta
P12171,2025-11-20,11,C053,Minimarket Don Lucho 053,Minimarket,Lima,Lima,WhatsApp,Ana Quispe,CAF-05,Café instantáneo 200 g,Café y cacao,Café Selva Central SAC,2,21.0,0,42.0,26.46,15.54,Pagado,Efectivo
P12171,2025-11-20,11,C053,Minimarket Don Lucho 053,Minimarket,Lima,Lima,WhatsApp,Ana Quispe,HAR-01,Harina sin preparar 1 kg,Harinas y pastas,Molinos Valle Verde SA,9,5.4,0,48.6,36.0,12.6,Pagado,Tarjeta
P12181,2025-11-20,11,C006,Bodega Mi Perú 006,Bodega,Lima,Lima,WhatsApp,Luis Paredes,CAF-03,Cacao en polvo 250 g,Café y cacao,Café Selva Central SAC,10,12.5,0,125.0,75.0,50.0,Pagado,Plin
P12190,2025-11-20,11,C042,Bodega La Familia 042,Bodega,Lima,Lima,Online,Rodrigo Salas,LIM-01,Detergente 2 kg,Limpieza,Limpieza Total Perú SAC,12,19.5,0.147,199.6,161.4,38.2,Pagado,Transferencia
P12004,2025-11-21,11,C101,Bodega La Esperanza 101,Bodega,Tacna,Sur,Tienda,Jorge Huamán,LIM-03,Lavavajilla 900 g,Limpieza,Limpieza Total Perú SAC,11,8.2,0.02,88.4,57.75,30.65,Pagado,Yape
P12013,2025-11-21,11,C011,Mayorista Pachamama 011,Mayorista,Lima,Lima,Mayorista,Ana Quispe,LIM-05,Jabón de tocador x 3,Limpieza,Limpieza Total Perú SAC,8,6.5,0.08,47.84,34.88,12.96,Pagado,Transferencia
P12013,2025-11-21,11,C011,Mayorista Pachamama 011,Mayorista,Lima,Lima,Mayorista,Ana Quispe,SNA-05,Camote frito 120 g x 10,Snacks,Snacks Costa Azul EIRL,40,31.0,0.08,1140.8,731.6,409.2,Pendiente,Transferencia
P12013,2025-11-21,11,C011,Mayorista Pachamama 011,Mayorista,Lima,Lima,Mayorista,Ana Quispe,SNA-05,Camote frito 120 g x 10,Snacks,Snacks Costa Azul EIRL,24,31.0,0.08,684.48,438.96,245.52,Pagado,Transferencia
P12032,2025-11-21,11,C126,Restaurante La Familia 126,Restaurante,Arequipa,Sur,Tienda,Jorge Huamán,CAF-01,Café tostado molido 500 g,Café y cacao,Café Selva Central SAC,2,24.0,0.03,46.56,27.84,18.72,Pagado,Tarjeta
P12032,2025-11-21,11,C126,Restaurante La Familia 126,Restaurante,Arequipa,Sur,Tienda,Jorge Huamán,CAF-03,Cacao en polvo 250 g,Café y cacao,Café Selva Central SAC,6,12.5,0.05,71.25,45.0,26.25,Pagado,Yape
P12032,2025-11-21,11,C126,Restaurante La Familia 126,Restaurante,Arequipa,Sur,Tienda,Jorge Huamán,SNA-05,Camote frito 120 g x 10,Snacks,Snacks Costa Azul EIRL,8,31.0,0.02,243.04,146.32,96.72,Pagado,Tarjeta
P12042,2025-11-21,11,C135,Cafetería La Esperanza 135,Cafetería,Huancayo,Centro,Tienda,Rosa Ccori,GRA-02,Kiwicha pop 300 g,Granos andinos,Agroandina del Sur SAC,12,8.9,0,106.8,65.16,41.64,Pagado,Yape
P12042,2025-11-21,11,C135,Cafetería La Esperanza 135,Cafetería,Huancayo,Centro,Tienda,Rosa Ccori,BEB-03,Néctar de durazno 1 L x 6,Bebidas,Bebidas Norte Pacífico SAC,6,27.0,0.05,153.9,103.68,50.22,Pagado,Tarjeta
P12042,2025-11-21,11,C135,Cafetería La Esperanza 135,Cafetería,Huancayo,Centro,Tienda,Rosa Ccori,SNA-05,Camote frito 120 g x 10,Snacks,Snacks Costa Azul EIRL,2,31.0,0.02,60.76,36.58,24.18,Pagado,Tarjeta
P12099,2025-11-21,11,C090,Minimarket La Esperanza 090,Minimarket,Piura,Norte,Tienda,María Torres,BEB-02,Gaseosa 3 L x 4,Bebidas,Bebidas Norte Pacífico SAC,11,32.0,0.05,334.4,239.36,95.04,Pagado,Plin
P12099,2025-11-21,11,C090,Minimarket La Esperanza 090,Minimarket,Piura,Norte,Tienda,María Torres,HAR-02,Fideo spaghetti 500 g,Harinas y pastas,Molinos Valle Verde SA,5,3.9,0,19.5,13.85,5.65,Pagado,Transferencia
P12099,2025-11-21,11,C090,Minimarket La Esperanza 090,Minimarket,Piura,Norte,Tienda,María Torres,BEB-01,Agua mineral 625 ml x 15,Bebidas,Bebidas Norte Pacífico SAC,11,18.0,0.05,188.1,122.76,65.34,Pagado,Tarjeta
P12147,2025-11-21,11,C056,Minimarket La Esperanza 056,Minimarket,Lima,Lima,Tienda,Luis Paredes,HAR-05,Sémola 500 g,Harinas y pastas,Molinos Valle Verde SA,4,4.1,0.03,15.91,11.48,4.43,Pagado,Transferencia
P12030,2025-11-22,11,C057,Bodega La Victoria 057,Bodega,Lima,Lima,Tienda,Ana Quispe,CAF-01,Café tostado molido 500 g,Café y cacao,Café Selva Central SAC,7,24.0,0.05,159.6,97.44,62.16,Pagado,Efectivo
P12113,2025-11-22,11,C137,Minimarket El Puerto 137,Minimarket,Huánuco,Centro,Tienda,Rosa Ccori,HAR-01,Harina sin preparar 1 kg,Harinas y pastas,Molinos Valle Verde SA,5,5.4,0,27.0,20.0,7.0,Pagado,Yape
P12163,2025-11-22,11,C116,Bodega Las Flores 116,Bodega,Tacna,Sur,Tienda,Jorge Huamán,LIM-05,Jabón de tocador x 3,Limpieza,Limpieza Total Perú SAC,6,6.5,0,39.0,26.16,12.84,Pagado,Yape
P12165,2025-11-22,11,C030,Cafetería San Martín 030,Cafetería,Lima,Lima,Tienda,Ana Quispe,CAF-03,Cacao en polvo 250 g,Café y cacao,Café Selva Central SAC,10,12.5,0,125.0,75.0,50.0,Pendiente,Plin
P12165,2025-11-22,11,C030,Cafetería San Martín 030,Cafetería,Lima,Lima,Tienda,Ana Quispe,LIM-04,Desinfectante 1.8 L,Limpieza,Limpieza Total Perú SAC,7,11.9,0,83.3,52.5,30.8,Pagado,Transferencia
P12175,2025-11-22,11,C006,Bodega Mi Perú 006,Bodega,Lima,Lima,Tienda,Luis Paredes,BEB-01,Agua mineral 625 ml x 15,Bebidas,Bebidas Norte Pacífico SAC,11,18.0,0,198.0,122.76,75.24,Pagado,Efectivo
P12051,2025-11-23,11,C005,Minimarket Inti 005,Minimarket,Lima,Lima,Online,Ana Quispe,BEB-05,Té helado 500 ml x 12,Bebidas,Bebidas Norte Pacífico SAC,7,29.0,0,203.0,123.83,79.17,Pagado,Yape
P12051,2025-11-23,11,C005,Minimarket Inti 005,Minimarket,Lima,Lima,Online,Ana Quispe,GRA-02,Kiwicha pop 300 g,Granos andinos,Agroandina del Sur SAC,5,8.9,0.05,42.27,27.15,15.12,Pagado,Tarjeta
P12058,2025-11-23,11,C108,Bodega El Sol 108,Bodega,Tacna,Sur,Tienda,Jorge Huamán,SNA-05,Camote frito 120 g x 10,Snacks,Snacks Costa Azul EIRL,7,31.0,0.03,210.49,128.03,82.46,Pagado,Tarjeta
P12059,2025-11-23,11,C088,Empresa Pachamama 088,Empresa,Trujillo,Norte,Tienda,María Torres,GRA-01,Quinua blanca 1 kg,Granos andinos,Agroandina del Sur SAC,2,14.5,0.05,27.55,19.14,8.41,Pendiente,Transferencia
P12079,2025-11-23,11,C107,Minimarket Mi Perú 107,Minimarket,Cusco,Sur,Tienda,Jorge Huamán,CAF-01,Café tostado molido 500 g,Café y cacao,Café Selva Central SAC,6,24.0,0.05,136.8,83.52,53.28,Pagado,Transferencia
P12079,2025-11-23,11,C107,Minimarket Mi Perú 107,Minimarket,Cusco,Sur,Tienda,Jorge Huamán,GRA-05,Avena con quinua 900 g,Granos andinos,Agroandina del Sur SAC,2,11.5,0.02,22.54,15.42,7.12,Pendiente,Transferencia
P12114,2025-11-23,11,C050,Mayorista El Sol 050,Mayorista,Lima,Lima,Mayorista,Rodrigo Salas,CAF-03,Cacao en polvo 250 g,Café y cacao,Café Selva Central SAC,20,12.5,0.169,207.75,150.0,57.75,Pagado,Transferencia
P12126,2025-11-23,11,C089,Minimarket Nueva Era 089,Minimarket,Chiclayo,Norte,Tienda,María Torres,GRA-03,Maca en polvo 250 g,Granos andinos,Agroandina del Sur SAC,11,17.0,0.03,181.39,102.85,78.54,Pagado,Tarjeta
P12126,2025-11-23,11,C089,Minimarket Nueva Era 089,Minimarket,Chiclayo,Norte,Tienda,María Torres,CAF-01,Café tostado molido 500 g,Café y cacao,Café Selva Central SAC,3,24.0,0.05,68.4,41.76,26.64,Pagado,Efectivo
P12126,2025-11-23,11,C089,Minimarket Nueva Era 089,Minimarket,Chiclayo,Norte,Tienda,María Torres,SNA-02,Chifles 150 g x 10,Snacks,Snacks Costa Azul EIRL,3,28.0,0,84.0,48.72,35.28,Pagado,Transferencia
P12129,2025-11-23,11,C050,Mayorista El Sol 050,Mayorista,Lima,Lima,Mayorista,Ana Quispe,LIM-02,Lejía 4 L,Limpieza,Limpieza Total Perú SAC,32,9.8,0.08,288.51,207.04,81.47,Pagado,Transferencia
P12129,2025-11-23,11,C050,Mayorista El Sol 050,Mayorista,Lima,Lima,Mayorista,Ana Quispe,CAF-03,Cacao en polvo 250 g,Café y cacao,Café Selva Central SAC,24,12.5,0.08,276.0,180.0,96.0,Pagado,Transferencia
P12129,2025-11-23,11,C050,Mayorista El Sol 050,Mayorista,Lima,Lima,Mayorista,Ana Quispe,LIM-02,Lejía 4 L,Limpieza,Limpieza Total Perú SAC,32,9.8,0.08,288.51,207.04,81.47,Pagado,Transferencia
P12155,2025-11-23,11,C059,Bodega Santa Rosa 059,Bodega,Lima,Lima,Tienda,Ana Quispe,LIM-04,Desinfectante 1.8 L,Limpieza,Limpieza Total Perú SAC,4,11.9,0.05,45.22,30.0,15.22,Pagado,Tarjeta
P12155,2025-11-23,11,C059,Bodega Santa Rosa 059,Bodega,Lima,Lima,Tienda,Ana Quispe,HAR-04,Harina preparada 1 kg,Harinas y pastas,Molinos Valle Verde SA,9,6.3,0,56.7,41.4,15.3,Pagado,Efectivo
P12167,2025-11-23,11,C024,Bodega Los Andes 024,Bodega,Lima,Lima,Tienda,Luis Paredes,HAR-03,Fideo tallarín 1 kg,Harinas y pastas,Molinos Valle Verde SA,3,7.2,0,21.6,15.54,6.06,Pagado,Plin
P12167,2025-11-23,11,C024,Bodega Los Andes 024,Bodega,Lima,Lima,Tienda,Luis Paredes,SNA-02,Chifles 150 g x 10,Snacks,Snacks Costa Azul EIRL,9,28.0,0.02,246.96,146.16,100.8,Vencido,Plin
P12177,2025-11-23,11,C113,Mayorista El Sol 113,Mayorista,Cusco,Sur,Mayorista,Jorge Huamán,HAR-01,Harina sin preparar 1 kg,Harinas y pastas,Molinos Valle Verde SA,48,5.4,0.08,238.46,192.0,46.46,Vencido,Transferencia
P12177,2025-11-23,11,C113,Mayorista El Sol 113,Mayorista,Cusco,Sur,Mayorista,Jorge Huamán,HAR-03,Fideo tallarín 1 kg,Harinas y pastas,Molinos Valle Verde SA,8,7.2,0.08,52.99,41.44,11.55,Vencido,Transferencia
P12177,2025-11-23,11,C113,Mayorista El Sol 113,Mayorista,Cusco,Sur,Mayorista,Jorge Huamán,CAF-03,Cacao en polvo 250 g,Café y cacao,Café Selva Central SAC,32,12.5,0.08,368.0,240.0,128.0,Pagado,Transferencia
P11993,2025-11-24,11,C109,Bodega Los Andes 109,Bodega,Tacna,Sur,Tienda,Jorge Huamán,CAF-04,Chocolate para taza 180 g,Café y cacao,Café Selva Central SAC,11,9.9,0,108.9,67.54,41.36,Pagado,Plin
P11993,2025-11-24,11,C109,Bodega Los Andes 109,Bodega,Tacna,Sur,Tienda,Jorge Huamán,SNA-05,Camote frito 120 g x 10,Snacks,Snacks Costa Azul EIRL,2,31.0,0.02,60.76,36.58,24.18,Pagado,Yape
P12010,2025-11-24,11,C092,Cafetería El Progreso 092,Cafetería,Chiclayo,Norte,Tienda,María Torres,HAR-03,Fideo tallarín 1 kg,Harinas y pastas,Molinos Valle Verde SA,10,7.2,0,72.0,51.8,20.2,Pagado,Yape
P12010,2025-11-24,11,C092,Cafetería El Progreso 092,Cafetería,Chiclayo,Norte,Tienda,María Torres,HAR-05,Sémola 500 g,Harinas y pastas,Molinos Valle Verde SA,2,4.1,0.03,7.95,5.74,2.21,Pagado,Efectivo
P12038,2025-11-24,11,C084,Bodega El Progreso 084,Bodega,Piura,Norte,WhatsApp,María Torres,BEB-02,Gaseosa 3 L x 4,Bebidas,Bebidas Norte Pacífico SAC,6,32.0,0,192.0,130.56,61.44,Pagado,Efectivo
P12064,2025-11-24,11,C083,Bodega Mi Perú 083,Bodega,Piura,Norte,Tienda,María Torres,BEB-02,Gaseosa 3 L x 4,Bebidas,Bebidas Norte Pacífico SAC,5,32.0,0.02,156.8,108.8,48.0,Pagado,Yape
P12086,2025-11-24,11,C080,Restaurante El Ahorro 080,Restaurante,Trujillo,Norte,Tienda,María Torres,LIM-03,Lavavajilla 900 g,Limpieza,Limpieza Total Perú SAC,10,8.2,0.03,79.54,52.5,27.04,Pagado,Yape
P12098,2025-11-24,11,C041,Bodega Santa Rosa 041,Bodega,Lima,Lima,Tienda,Rodrigo Salas,GRA-05,Avena con quinua 900 g,Granos andinos,Agroandina del Sur SAC,10,11.5,0.132,99.82,77.1,22.72,Pagado,Tarjeta
P12115,2025-11-24,11,C090,Minimarket La Esperanza 090,Minimarket,Piura,Norte,Online,María Torres,CAF-05,Café instantáneo 200 g,Café y cacao,Café Selva Central SAC,3,21.0,0,63.0,39.69,23.31,Pagado,Plin
P12115,2025-11-24,11,C090,Minimarket La Esperanza 090,Minimarket,Piura,Norte,Online,María Torres,LIM-02,Lejía 4 L,Limpieza,Limpieza Total Perú SAC,9,9.8,0.03,85.55,58.23,27.32,Pagado,Efectivo
P12118,2025-11-24,11,C108,Bodega El Sol 108,Bodega,Tacna,Sur,Tienda,Jorge Huamán,SNA-04,Maní salado 200 g x 12,Snacks,Snacks Costa Azul EIRL,8,30.0,0.05,228.0,148.8,79.2,Pendiente,Plin
P12176,2025-11-24,11,C058,Restaurante La Familia 058,Restaurante,Lima,Lima,WhatsApp,Luis Paredes,BEB-01,Agua mineral 625 ml x 15,Bebidas,Bebidas Norte Pacífico SAC,6,18.0,0.05,102.6,66.96,35.64,Pagado,Efectivo
P12176,2025-11-24,11,C058,Restaurante La Familia 058,Restaurante,Lima,Lima,WhatsApp,Luis Paredes,HAR-04,Harina preparada 1 kg,Harinas y pastas,Molinos Valle Verde SA,7,6.3,0,44.1,32.2,11.9,Pagado,Yape
P11981,2025-11-25,11,C089,Minimarket Nueva Era 089,Minimarket,Chiclayo,Norte,Tienda,María Torres,SNA-01,Papas nativas 120 g x 10,Snacks,Snacks Costa Azul EIRL,2,35.0,0,70.0,42.0,28.0,Pagado,Efectivo
P11981,2025-11-25,11,C089,Minimarket Nueva Era 089,Minimarket,Chiclayo,Norte,Tienda,María Torres,SNA-03,Galletas de avena x 24,Snacks,Snacks Costa Azul EIRL,9,22.0,0.05,188.1,128.7,59.4,Pendiente,Transferencia
P11997,2025-11-25,11,C109,Bodega Los Andes 109,Bodega,Tacna,Sur,Tienda,Jorge Huamán,HAR-02,Fideo spaghetti 500 g,Harinas y pastas,Molinos Valle Verde SA,2,3.9,0,7.8,5.54,2.26,Pendiente,Yape
P11997,2025-11-25,11,C109,Bodega Los Andes 109,Bodega,Tacna,Sur,Tienda,Jorge Huamán,LIM-05,Jabón de tocador x 3,Limpieza,Limpieza Total Perú SAC,7,6.5,0.02,44.59,30.52,14.07,Pagado,Transferencia
P12024,2025-11-25,11,C033,Minimarket Primavera 033,Minimarket,Lima,Lima,WhatsApp,Luis Paredes,SNA-02,Chifles 150 g x 10,Snacks,Snacks Costa Azul EIRL,5,28.0,0.05,133.0,81.2,51.8,Pagado,Transferencia
P12052,2025-11-25,11,C131,Bodega Virgen de Fátima 131,Bodega,Huánuco,Centro,Tienda,Rosa Ccori,GRA-05,Avena con quinua 900 g,Granos andinos,Agroandina del Sur SAC,11,11.5,0,126.5,84.81,41.69,Pagado,Transferencia
P12052,2025-11-25,11,C131,Bodega Virgen de Fátima 131,Bodega,Huánuco,Centro,Tienda,Rosa Ccori,GRA-03,Maca en polvo 250 g,Granos andinos,Agroandina del Sur SAC,2,17.0,0.05,32.3,18.7,13.6,Pagado,Efectivo
P12052,2025-11-25,11,C131,Bodega Virgen de Fátima 131,Bodega,Huánuco,Centro,Tienda,Rosa Ccori,GRA-01,Quinua blanca 1 kg,Granos andinos,Agroandina del Sur SAC,11,14.5,0,159.5,105.27,54.23,Pagado,Efectivo
P12088,2025-11-25,11,C005,Minimarket Inti 005,Minimarket,Lima,Lima,Tienda,Rodrigo Salas,CAF-05,Café instantáneo 200 g,Café y cacao,Café Selva Central SAC,6,21.0,0.125,110.25,79.38,30.87,Pagado,Efectivo
P12139,2025-11-25,11,C046,Restaurante Don Lucho 046,Restaurante,Lima,Lima,Tienda,Rodrigo Salas,LIM-03,Lavavajilla 900 g,Limpieza,Limpieza Total Perú SAC,6,8.2,0.157,41.48,31.5,9.98,Pagado,Efectivo
P12149,2025-11-25,11,C055,Empresa Inti 055,Empresa,Lima,Lima,WhatsApp,Rodrigo Salas,HAR-03,Fideo tallarín 1 kg,Harinas y pastas,Molinos Valle Verde SA,9,7.2,0.174,53.52,46.62,6.9,Pagado,Transferencia
P12162,2025-11-25,11,C126,Restaurante La Familia 126,Restaurante,Arequipa,Sur,Tienda,Jorge Huamán,BEB-03,Néctar de durazno 1 L x 6,Bebidas,Bebidas Norte Pacífico SAC,12,27.0,0,324.0,207.36,116.64,Pagado,Plin
P12188,2025-11-25,11,C116,Bodega Las Flores 116,Bodega,Tacna,Sur,Online,Jorge Huamán,CAF-03,Cacao en polvo 250 g,Café y cacao,Café Selva Central SAC,7,12.5,0.02,85.75,52.5,33.25,Pagado,Efectivo
P11999,2025-11-26,11,C034,Minimarket San Martín 034,Minimarket,Lima,Lima,Tienda,Rodrigo Salas,SNA-01,Papas nativas 120 g x 10,Snacks,Snacks Costa Azul EIRL,4,35.0,0.171,116.06,84.0,32.06,Pagado,Transferencia
P11999,2025-11-26,11,C034,Minimarket San Martín 034,Minimarket,Lima,Lima,Tienda,Rodrigo Salas,LIM-01,Detergente 2 kg,Limpieza,Limpieza Total Perú SAC,5,19.5,0.169,81.02,67.25,13.77,Pagado,Tarjeta
P12006,2025-11-26,11,C089,Minimarket Nueva Era 089,Minimarket,Chiclayo,Norte,Tienda,María Torres,GRA-04,Chía 500 g,Granos andinos,Agroandina del Sur SAC,7,13.0,0.05,86.45,58.24,28.21,Pagado,Yape
P12006,2025-11-26,11,C089,Minimarket Nueva Era 089,Minimarket,Chiclayo,Norte,Tienda,María Torres,HAR-02,Fideo spaghetti 500 g,Harinas y pastas,Molinos Valle Verde SA,4,3.9,0.03,15.13,11.08,4.05,Pendiente,Tarjeta
P12085,2025-11-26,11,C015,Bodega Pachamama 015,Bodega,Lima,Lima,Tienda,Luis Paredes,BEB-03,Néctar de durazno 1 L x 6,Bebidas,Bebidas Norte Pacífico SAC,2,27.0,0,54.0,34.56,19.44,Pendiente,Yape
P12091,2025-11-26,11,C063,Restaurante Don Lucho 063,Restaurante,Lima,Lima,Tienda,Luis Paredes,LIM-05,Jabón de tocador x 3,Limpieza,Limpieza Total Perú SAC,12,6.5,0.02,76.44,52.32,24.12,Pagado,Tarjeta
P12091,2025-11-26,11,C063,Restaurante Don Lucho 063,Restaurante,Lima,Lima,Tienda,Luis Paredes,LIM-02,Lejía 4 L,Limpieza,Limpieza Total Perú SAC,6,9.8,0,58.8,38.82,19.98,Pendiente,Transferencia
P12120,2025-11-26,11,C043,Restaurante Mi Perú 043,Restaurante,Lima,Lima,Tienda,Ana Quispe,HAR-05,Sémola 500 g,Harinas y pastas,Molinos Valle Verde SA,6,4.1,0,24.6,17.22,7.38,Pendiente,Efectivo
P12120,2025-11-26,11,C043,Restaurante Mi Perú 043,Restaurante,Lima,Lima,Tienda,Ana Quispe,GRA-05,Avena con quinua 900 g,Granos andinos,Agroandina del Sur SAC,7,11.5,0.02,78.89,53.97,24.92,Pagado,Yape
P12122,2025-11-26,11,C079,Restaurante El Ahorro 079,Restaurante,Trujillo,Norte,WhatsApp,María Torres,HAR-02,Fideo spaghetti 500 g,Harinas y pastas,Molinos Valle Verde SA,8,3.9,0.03,30.26,22.16,8.1,Pagado,Yape
P12142,2025-11-26,11,C105,Restaurante El Ahorro 105,Restaurante,Arequipa,Sur,Tienda,Jorge Huamán,CAF-05,Café instantáneo 200 g,Café y cacao,Café Selva Central SAC,7,21.0,0.05,139.65,92.61,47.04,Pagado,Yape
P12142,2025-11-26,11,C105,Restaurante El Ahorro 105,Restaurante,Arequipa,Sur,Tienda,Jorge Huamán,GRA-03,Maca en polvo 250 g,Granos andinos,Agroandina del Sur SAC,12,17.0,0,204.0,112.2,91.8,Pagado,Transferencia
P12144,2025-11-26,11,C109,Bodega Los Andes 109,Bodega,Tacna,Sur,Tienda,Jorge Huamán,HAR-05,Sémola 500 g,Harinas y pastas,Molinos Valle Verde SA,9,4.1,0.05,35.05,25.83,9.22,Pendiente,Yape
P12144,2025-11-26,11,C109,Bodega Los Andes 109,Bodega,Tacna,Sur,Tienda,Jorge Huamán,CAF-04,Chocolate para taza 180 g,Café y cacao,Café Selva Central SAC,10,9.9,0.02,97.02,61.4,35.62,Pagado,Plin
P12159,2025-11-26,11,C081,Restaurante Las Flores 081,Restaurante,Chiclayo,Norte,Tienda,María Torres,SNA-03,Galletas de avena x 24,Snacks,Snacks Costa Azul EIRL,12,22.0,0.03,256.08,171.6,84.48,Pagado,Yape
P11985,2025-11-27,11,C124,Minimarket Primavera 124,Minimarket,Cusco,Sur,Tienda,Jorge Huamán,SNA-03,Galletas de avena x 24,Snacks,Snacks Costa Azul EIRL,8,22.0,0,176.0,114.4,61.6,Pagado,Yape
P11985,2025-11-27,11,C124,Minimarket Primavera 124,Minimarket,Cusco,Sur,Tienda,Jorge Huamán,LIM-05,Jabón de tocador x 3,Limpieza,Limpieza Total Perú SAC,9,6.5,0,58.5,39.24,19.26,Pendiente,Transferencia
P11989,2025-11-27,11,C066,Empresa La Esperanza 066,Empresa,Lima,Lima,Tienda,Ana Quispe,GRA-03,Maca en polvo 250 g,Granos andinos,Agroandina del Sur SAC,2,17.0,0,34.0,18.7,15.3,Pagado,Yape
P11989,2025-11-27,11,C066,Empresa La Esperanza 066,Empresa,Lima,Lima,Tienda,Ana Quispe,CAF-04,Chocolate para taza 180 g,Café y cacao,Café Selva Central SAC,7,9.9,0.05,65.83,42.98,22.85,Pagado,Efectivo
P12002,2025-11-27,11,C064,Restaurante La Victoria 064,Restaurante,Lima,Lima,Online,Rodrigo Salas,CAF-02,Café en grano 1 kg,Café y cacao,Café Selva Central SAC,9,46.0,0.152,351.07,235.98,115.09,Pagado,Efectivo
P12005,2025-11-27,11,C101,Bodega La Esperanza 101,Bodega,Tacna,Sur,Online,Jorge Huamán,CAF-03,Cacao en polvo 250 g,Café y cacao,Café Selva Central SAC,11,12.5,0,137.5,82.5,55.0,Pagado,Transferencia
P12005,2025-11-27,11,C101,Bodega La Esperanza 101,Bodega,Tacna,Sur,Online,Jorge Huamán,LIM-03,Lavavajilla 900 g,Limpieza,Limpieza Total Perú SAC,3,8.2,0,24.6,15.75,8.85,Pagado,Plin
P12012,2025-11-27,11,C028,Restaurante El Ahorro 028,Restaurante,Lima,Lima,Tienda,Luis Paredes,GRA-03,Maca en polvo 250 g,Granos andinos,Agroandina del Sur SAC,11,17.0,0,187.0,102.85,84.15,Pagado,Tarjeta
P12012,2025-11-27,11,C028,Restaurante El Ahorro 028,Restaurante,Lima,Lima,Tienda,Luis Paredes,GRA-01,Quinua blanca 1 kg,Granos andinos,Agroandina del Sur SAC,6,14.5,0,87.0,57.42,29.58,Pagado,Tarjeta
P12035,2025-11-27,11,C024,Bodega Los Andes 024,Bodega,Lima,Lima,Tienda,Luis Paredes,LIM-01,Detergente 2 kg,Limpieza,Limpieza Total Perú SAC,2,19.5,0,39.0,26.9,12.1,Pagado,Tarjeta
P12035,2025-11-27,11,C024,Bodega Los Andes 024,Bodega,Lima,Lima,Tienda,Luis Paredes,SNA-01,Papas nativas 120 g x 10,Snacks,Snacks Costa Azul EIRL,7,35.0,0,245.0,147.0,98.0,Pagado,Plin
P12035,2025-11-27,11,C024,Bodega Los Andes 024,Bodega,Lima,Lima,Tienda,Luis Paredes,LIM-05,Jabón de tocador x 3,Limpieza,Limpieza Total Perú SAC,12,6.5,0.05,74.1,52.32,21.78,Pagado,Yape
P12080,2025-11-27,11,C091,Cafetería El Puerto 091,Cafetería,Chiclayo,Norte,WhatsApp,María Torres,SNA-01,Papas nativas 120 g x 10,Snacks,Snacks Costa Azul EIRL,3,35.0,0.03,101.85,63.0,38.85,Pagado,Transferencia
P12080,2025-11-27,11,C091,Cafetería El Puerto 091,Cafetería,Chiclayo,Norte,WhatsApp,María Torres,CAF-02,Café en grano 1 kg,Café y cacao,Café Selva Central SAC,4,46.0,0.03,178.48,104.88,73.6,Pagado,Transferencia
P12084,2025-11-27,11,C088,Empresa Pachamama 088,Empresa,Trujillo,Norte,Tienda,María Torres,CAF-04,Chocolate para taza 180 g,Café y cacao,Café Selva Central SAC,12,9.9,0,118.8,73.68,45.12,Pagado,Efectivo
P12084,2025-11-27,11,C088,Empresa Pachamama 088,Empresa,Trujillo,Norte,Tienda,María Torres,LIM-03,Lavavajilla 900 g,Limpieza,Limpieza Total Perú SAC,3,8.2,0,24.6,15.75,8.85,Pagado,Yape
P12105,2025-11-27,11,C036,Restaurante El Ahorro 036,Restaurante,Lima,Lima,Tienda,Luis Paredes,CAF-02,Café en grano 1 kg,Café y cacao,Café Selva Central SAC,12,46.0,0,552.0,314.64,237.36,Pagado,Tarjeta
P12105,2025-11-27,11,C036,Restaurante El Ahorro 036,Restaurante,Lima,Lima,Tienda,Luis Paredes,GRA-02,Kiwicha pop 300 g,Granos andinos,Agroandina del Sur SAC,8,8.9,0,71.2,43.44,27.76,Pagado,Yape
P12123,2025-11-27,11,C031,Bodega El Ahorro 031,Bodega,Lima,Lima,Tienda,Ana Quispe,SNA-03,Galletas de avena x 24,Snacks,Snacks Costa Azul EIRL,9,22.0,0.02,194.04,128.7,65.34,Pagado,Transferencia
P12123,2025-11-27,11,C031,Bodega El Ahorro 031,Bodega,Lima,Lima,Tienda,Ana Quispe,SNA-05,Camote frito 120 g x 10,Snacks,Snacks Costa Azul EIRL,7,31.0,0.03,210.49,128.03,82.46,Pagado,Transferencia
P12128,2025-11-27,11,C032,Restaurante Santa Rosa 032,Restaurante,Lima,Lima,Tienda,Ana Quispe,GRA-04,Chía 500 g,Granos andinos,Agroandina del Sur SAC,3,13.0,0.03,37.83,24.96,12.87,Pendiente,Yape
P12186,2025-11-27,11,C069,Restaurante Mi Perú 069,Restaurante,Lima,Lima,Tienda,Ana Quispe,LIM-03,Lavavajilla 900 g,Limpieza,Limpieza Total Perú SAC,7,8.2,0.03,55.68,36.75,18.93,Pagado,Efectivo
P12055,2025-11-28,11,C079,Restaurante El Ahorro 079,Restaurante,Trujillo,Norte,Tienda,María Torres,HAR-01,Harina sin preparar 1 kg,Harinas y pastas,Molinos Valle Verde SA,10,5.4,0.03,52.38,40.0,12.38,Pagado,Plin
P12111,2025-11-28,11,C058,Restaurante La Familia 058,Restaurante,Lima,Lima,Tienda,Rodrigo Salas,SNA-02,Chifles 150 g x 10,Snacks,Snacks Costa Azul EIRL,3,28.0,0.15,71.4,48.72,22.68,Pagado,Transferencia
P12111,2025-11-28,11,C058,Restaurante La Familia 058,Restaurante,Lima,Lima,Tienda,Rodrigo Salas,LIM-05,Jabón de tocador x 3,Limpieza,Limpieza Total Perú SAC,6,6.5,0.161,32.72,26.16,6.56,Pagado,Yape
P12127,2025-11-28,11,C032,Restaurante Santa Rosa 032,Restaurante,Lima,Lima,Tienda,Luis Paredes,LIM-05,Jabón de tocador x 3,Limpieza,Limpieza Total Perú SAC,7,6.5,0.02,44.59,30.52,14.07,Pagado,Yape
P12187,2025-11-28,11,C100,Restaurante El Ahorro 100,Restaurante,Cusco,Sur,Tienda,Jorge Huamán,BEB-01,Agua mineral 625 ml x 15,Bebidas,Bebidas Norte Pacífico SAC,7,18.0,0.05,119.7,78.12,41.58,Pagado,Tarjeta
P12207,2025-12-01,12,C096,Cafetería La Familia 096,Cafetería,Piura,Norte,Tienda,María Torres,SNA-03,Galletas de avena x 24,Snacks,Snacks Costa Azul EIRL,7,22.0,0,154.0,100.1,53.9,Pagado,Yape
P12207,2025-12-01,12,C096,Cafetería La Familia 096,Cafetería,Piura,Norte,Tienda,María Torres,SNA-04,Maní salado 200 g x 12,Snacks,Snacks Costa Azul EIRL,12,30.0,0,360.0,223.2,136.8,Pagado,Plin
P12237,2025-12-01,12,C042,Bodega La Familia 042,Bodega,Lima,Lima,Tienda,Luis Paredes,HAR-03,Fideo tallarín 1 kg,Harinas y pastas,Molinos Valle Verde SA,4,7.2,0.05,27.36,20.72,6.64,Pagado,Yape
P12240,2025-12-01,12,C075,Mayorista Santa Rosa 075,Mayorista,Trujillo,Norte,Mayorista,María Torres,HAR-02,Fideo spaghetti 500 g,Harinas y pastas,Molinos Valle Verde SA,36,3.9,0.08,129.17,99.72,29.45,Pagado,Transferencia
P12240,2025-12-01,12,C075,Mayorista Santa Rosa 075,Mayorista,Trujillo,Norte,Mayorista,María Torres,CAF-03,Cacao en polvo 250 g,Café y cacao,Café Selva Central SAC,8,12.5,0.08,92.0,60.0,32.0,Vencido,Transferencia
P12256,2025-12-01,12,C070,Minimarket El Ahorro 070,Minimarket,Lima,Lima,Tienda,Rodrigo Salas,BEB-02,Gaseosa 3 L x 4,Bebidas,Bebidas Norte Pacífico SAC,9,32.0,0.114,255.17,195.84,59.33,Pendiente,Efectivo
P12256,2025-12-01,12,C070,Minimarket El Ahorro 070,Minimarket,Lima,Lima,Tienda,Rodrigo Salas,LIM-02,Lejía 4 L,Limpieza,Limpieza Total Perú SAC,3,9.8,0.164,24.58,19.41,5.17,Pagado,Plin
P12259,2025-12-01,12,C127,Minimarket El Progreso 127,Minimarket,Huánuco,Centro,Tienda,Rosa Ccori,SNA-04,Maní salado 200 g x 12,Snacks,Snacks Costa Azul EIRL,5,30.0,0.05,142.5,93.0,49.5,Pagado,Plin
P12259,2025-12-01,12,C127,Minimarket El Progreso 127,Minimarket,Huánuco,Centro,Tienda,Rosa Ccori,CAF-04,Chocolate para taza 180 g,Café y cacao,Café Selva Central SAC,11,9.9,0.02,106.72,67.54,39.18,Pagado,Yape
P12259,2025-12-01,12,C127,Minimarket El Progreso 127,Minimarket,Huánuco,Centro,Tienda,Rosa Ccori,CAF-01,Café tostado molido 500 g,Café y cacao,Café Selva Central SAC,10,24.0,0,240.0,139.2,100.8,Pagado,Transferencia
P12284,2025-12-01,12,C139,Minimarket Virgen de Fátima 139,Minimarket,Huancayo,Centro,WhatsApp,Rosa Ccori,CAF-02,Café en grano 1 kg,Café y cacao,Café Selva Central SAC,4,46.0,0,184.0,104.88,79.12,Pagado,Transferencia
P12284,2025-12-01,12,C139,Minimarket Virgen de Fátima 139,Minimarket,Huancayo,Centro,WhatsApp,Rosa Ccori,GRA-05,Avena con quinua 900 g,Granos andinos,Agroandina del Sur SAC,4,11.5,0.03,44.62,30.84,13.78,Pagado,Transferencia
P12284,2025-12-01,12,C139,Minimarket Virgen de Fátima 139,Minimarket,Huancayo,Centro,WhatsApp,Rosa Ccori,BEB-01,Agua mineral 625 ml x 15,Bebidas,Bebidas Norte Pacífico SAC,9,18.0,0,162.0,100.44,61.56,Pagado,Transferencia
P12287,2025-12-01,12,C065,Bodega Virgen de Fátima 065,Bodega,Lima,Lima,Tienda,Ana Quispe,CAF-03,Cacao en polvo 250 g,Café y cacao,Café Selva Central SAC,11,12.5,0.05,130.62,82.5,48.12,Pagado,Transferencia
P12305,2025-12-01,12,C017,Minimarket El Progreso 017,Minimarket,Lima,Lima,WhatsApp,Luis Paredes,HAR-01,Harina sin preparar 1 kg,Harinas y pastas,Molinos Valle Verde SA,2,5.4,0.02,10.58,8.0,2.58,Pagado,Plin
P12305,2025-12-01,12,C017,Minimarket El Progreso 017,Minimarket,Lima,Lima,WhatsApp,Luis Paredes,BEB-02,Gaseosa 3 L x 4,Bebidas,Bebidas Norte Pacífico SAC,7,32.0,0.02,219.52,152.32,67.2,Pagado,Tarjeta
P12307,2025-12-01,12,C050,Mayorista El Sol 050,Mayorista,Lima,Lima,Mayorista,Ana Quispe,HAR-02,Fideo spaghetti 500 g,Harinas y pastas,Molinos Valle Verde SA,8,3.9,0.08,28.7,22.16,6.54,Pagado,Transferencia
P12307,2025-12-01,12,C050,Mayorista El Sol 050,Mayorista,Lima,Lima,Mayorista,Ana Quispe,CAF-02,Café en grano 1 kg,Café y cacao,Café Selva Central SAC,32,46.0,0.08,1354.24,839.04,515.2,Pagado,Transferencia
P12368,2025-12-01,12,C060,Bodega El Sol 060,Bodega,Lima,Lima,Tienda,Ana Quispe,GRA-04,Chía 500 g,Granos andinos,Agroandina del Sur SAC,10,13.0,0.03,126.1,83.2,42.9,Pagado,Plin
P12388,2025-12-01,12,C133,Empresa Las Flores 133,Empresa,Huánuco,Centro,Tienda,Rosa Ccori,SNA-01,Papas nativas 120 g x 10,Snacks,Snacks Costa Azul EIRL,4,35.0,0.02,137.2,84.0,53.2,Pagado,Tarjeta
P12388,2025-12-01,12,C133,Empresa Las Flores 133,Empresa,Huánuco,Centro,Tienda,Rosa Ccori,GRA-01,Quinua blanca 1 kg,Granos andinos,Agroandina del Sur SAC,9,14.5,0,130.5,86.13,44.37,Pagado,Yape
P12388,2025-12-01,12,C133,Empresa Las Flores 133,Empresa,Huánuco,Centro,Tienda,Rosa Ccori,SNA-03,Galletas de avena x 24,Snacks,Snacks Costa Azul EIRL,4,22.0,0.02,86.24,57.2,29.04,Pagado,Efectivo
P12236,2025-12-02,12,C109,Bodega Los Andes 109,Bodega,Tacna,Sur,WhatsApp,Jorge Huamán,HAR-05,Sémola 500 g,Harinas y pastas,Molinos Valle Verde SA,11,4.1,0.05,42.84,31.57,11.27,Pagado,Yape
P12283,2025-12-02,12,C058,Restaurante La Familia 058,Restaurante,Lima,Lima,WhatsApp,Luis Paredes,CAF-01,Café tostado molido 500 g,Café y cacao,Café Selva Central SAC,8,24.0,0.05,182.4,111.36,71.04,Pagado,Tarjeta
P12283,2025-12-02,12,C058,Restaurante La Familia 058,Restaurante,Lima,Lima,WhatsApp,Luis Paredes,GRA-04,Chía 500 g,Granos andinos,Agroandina del Sur SAC,5,13.0,0.03,63.05,41.6,21.45,Pagado,Yape
P12300,2025-12-02,12,C018,Bodega La Familia 018,Bodega,Lima,Lima,Tienda,Rodrigo Salas,LIM-02,Lejía 4 L,Limpieza,Limpieza Total Perú SAC,2,9.8,0.104,17.56,12.94,4.62,Pendiente,Yape
P12318,2025-12-02,12,C013,Empresa Nueva Era 013,Empresa,Lima,Lima,Online,Ana Quispe,LIM-04,Desinfectante 1.8 L,Limpieza,Limpieza Total Perú SAC,6,11.9,0.05,67.83,45.0,22.83,Pagado,Yape
P12318,2025-12-02,12,C013,Empresa Nueva Era 013,Empresa,Lima,Lima,Online,Ana Quispe,SNA-05,Camote frito 120 g x 10,Snacks,Snacks Costa Azul EIRL,2,31.0,0,62.0,36.58,25.42,Pagado,Transferencia
P12336,2025-12-02,12,C097,Bodega El Puerto 097,Bodega,Trujillo,Norte,Tienda,María Torres,HAR-03,Fideo tallarín 1 kg,Harinas y pastas,Molinos Valle Verde SA,5,7.2,0.02,35.28,25.9,9.38,Pagado,Yape
P12347,2025-12-02,12,C091,Cafetería El Puerto 091,Cafetería,Chiclayo,Norte,Tienda,María Torres,GRA-05,Avena con quinua 900 g,Granos andinos,Agroandina del Sur SAC,6,11.5,0.03,66.93,46.26,20.67,Pagado,Transferencia
P12347,2025-12-02,12,C091,Cafetería El Puerto 091,Cafetería,Chiclayo,Norte,Tienda,María Torres,CAF-04,Chocolate para taza 180 g,Café y cacao,Café Selva Central SAC,6,9.9,0.03,57.62,36.84,20.78,Pagado,Efectivo
P12369,2025-12-02,12,C044,Bodega Inti 044,Bodega,Lima,Lima,Tienda,Luis Paredes,LIM-02,Lejía 4 L,Limpieza,Limpieza Total Perú SAC,2,9.8,0.05,18.62,12.94,5.68,Vencido,Plin
P12409,2025-12-02,12,C056,Minimarket La Esperanza 056,Minimarket,Lima,Lima,Online,Rodrigo Salas,SNA-02,Chifles 150 g x 10,Snacks,Snacks Costa Azul EIRL,2,28.0,0.122,49.17,32.48,16.69,Pagado,Yape
P12409,2025-12-02,12,C056,Minimarket La Esperanza 056,Minimarket,Lima,Lima,Online,Rodrigo Salas,SNA-01,Papas nativas 120 g x 10,Snacks,Snacks Costa Azul EIRL,4,35.0,0.136,120.96,84.0,36.96,Pendiente,Tarjeta
P12409,2025-12-02,12,C056,Minimarket La Esperanza 056,Minimarket,Lima,Lima,Online,Rodrigo Salas,GRA-02,Kiwicha pop 300 g,Granos andinos,Agroandina del Sur SAC,6,8.9,0.103,47.9,32.58,15.32,Pagado,Yape
P12426,2025-12-02,12,C004,Bodega San Pedro 004,Bodega,Lima,Lima,Tienda,Rodrigo Salas,BEB-02,Gaseosa 3 L x 4,Bebidas,Bebidas Norte Pacífico SAC,3,32.0,0.178,78.91,65.28,13.63,Pagado,Efectivo
P12426,2025-12-02,12,C004,Bodega San Pedro 004,Bodega,Lima,Lima,Tienda,Rodrigo Salas,CAF-02,Café en grano 1 kg,Café y cacao,Café Selva Central SAC,12,46.0,0.17,458.16,314.64,143.52,Pagado,Efectivo
P12426,2025-12-02,12,C004,Bodega San Pedro 004,Bodega,Lima,Lima,Tienda,Rodrigo Salas,GRA-02,Kiwicha pop 300 g,Granos andinos,Agroandina del Sur SAC,2,8.9,0.135,15.4,10.86,4.54,Pagado,Efectivo
P12235,2025-12-03,12,C124,Minimarket Primavera 124,Minimarket,Cusco,Sur,Tienda,Jorge Huamán,SNA-01,Papas nativas 120 g x 10,Snacks,Snacks Costa Azul EIRL,8,35.0,0,280.0,168.0,112.0,Pagado,Transferencia
P12235,2025-12-03,12,C124,Minimarket Primavera 124,Minimarket,Cusco,Sur,Tienda,Jorge Huamán,GRA-05,Avena con quinua 900 g,Granos andinos,Agroandina del Sur SAC,12,11.5,0,138.0,92.52,45.48,Pagado,Yape
P12235,2025-12-03,12,C124,Minimarket Primavera 124,Minimarket,Cusco,Sur,Tienda,Jorge Huamán,SNA-03,Galletas de avena x 24,Snacks,Snacks Costa Azul EIRL,9,22.0,0,198.0,128.7,69.3,Pagado,Efectivo
P12264,2025-12-03,12,C088,Empresa Pachamama 088,Empresa,Trujillo,Norte,Tienda,María Torres,LIM-01,Detergente 2 kg,Limpieza,Limpieza Total Perú SAC,11,19.5,0.05,203.77,147.95,55.82,Pagado,Efectivo
P12335,2025-12-03,12,C093,Empresa Pachamama 093,Empresa,Piura,Norte,Tienda,María Torres,CAF-05,Café instantáneo 200 g,Café y cacao,Café Selva Central SAC,7,21.0,0.05,139.65,92.61,47.04,Pagado,Transferencia
P12353,2025-12-03,12,C005,Minimarket Inti 005,Minimarket,Lima,Lima,Tienda,Ana Quispe,BEB-02,Gaseosa 3 L x 4,Bebidas,Bebidas Norte Pacífico SAC,8,32.0,0.03,248.32,174.08,74.24,Pagado,Plin
P12355,2025-12-03,12,C064,Restaurante La Victoria 064,Restaurante,Lima,Lima,Tienda,Ana Quispe,HAR-04,Harina preparada 1 kg,Harinas y pastas,Molinos Valle Verde SA,3,6.3,0.05,17.95,13.8,4.15,Pagado,Yape
P12355,2025-12-03,12,C064,Restaurante La Victoria 064,Restaurante,Lima,Lima,Tienda,Ana Quispe,CAF-01,Café tostado molido 500 g,Café y cacao,Café Selva Central SAC,2,24.0,0.03,46.56,27.84,18.72,Pagado,Transferencia
P12381,2025-12-03,12,C061,Empresa Inti 061,Empresa,Lima,Lima,WhatsApp,Ana Quispe,BEB-04,Bebida rehidratante 500 ml x 12,Bebidas,Bebidas Norte Pacífico SAC,2,33.0,0.03,64.02,41.58,22.44,Pagado,Yape
P12407,2025-12-03,12,C010,Restaurante Los Andes 010,Restaurante,Lima,Lima,Tienda,Ana Quispe,BEB-05,Té helado 500 ml x 12,Bebidas,Bebidas Norte Pacífico SAC,9,29.0,0,261.0,159.21,101.79,Pagado,Transferencia
P12407,2025-12-03,12,C010,Restaurante Los Andes 010,Restaurante,Lima,Lima,Tienda,Ana Quispe,BEB-03,Néctar de durazno 1 L x 6,Bebidas,Bebidas Norte Pacífico SAC,8,27.0,0,216.0,138.24,77.76,Pagado,Transferencia
P12420,2025-12-03,12,C037,Bodega El Trébol 037,Bodega,Lima,Lima,Tienda,Ana Quispe,HAR-04,Harina preparada 1 kg,Harinas y pastas,Molinos Valle Verde SA,10,6.3,0,63.0,46.0,17.0,Pagado,Yape
P12420,2025-12-03,12,C037,Bodega El Trébol 037,Bodega,Lima,Lima,Tienda,Ana Quispe,BEB-02,Gaseosa 3 L x 4,Bebidas,Bebidas Norte Pacífico SAC,7,32.0,0,224.0,152.32,71.68,Pagado,Yape
P12437,2025-12-03,12,C086,Restaurante Los Andes 086,Restaurante,Piura,Norte,Tienda,María Torres,GRA-04,Chía 500 g,Granos andinos,Agroandina del Sur SAC,12,13.0,0.05,148.2,99.84,48.36,Pagado,Yape
P12437,2025-12-03,12,C086,Restaurante Los Andes 086,Restaurante,Piura,Norte,Tienda,María Torres,CAF-05,Café instantáneo 200 g,Café y cacao,Café Selva Central SAC,7,21.0,0,147.0,92.61,54.39,Vencido,Transferencia
P12437,2025-12-03,12,C086,Restaurante Los Andes 086,Restaurante,Piura,Norte,Tienda,María Torres,SNA-01,Papas nativas 120 g x 10,Snacks,Snacks Costa Azul EIRL,11,35.0,0.02,377.3,231.0,146.3,Pagado,Yape
P12198,2025-12-04,12,C089,Minimarket Nueva Era 089,Minimarket,Chiclayo,Norte,Tienda,María Torres,GRA-03,Maca en polvo 250 g,Granos andinos,Agroandina del Sur SAC,5,17.0,0,85.0,46.75,38.25,Pagado,Yape
P12223,2025-12-04,12,C004,Bodega San Pedro 004,Bodega,Lima,Lima,Tienda,Luis Paredes,BEB-05,Té helado 500 ml x 12,Bebidas,Bebidas Norte Pacífico SAC,2,29.0,0.02,56.84,35.38,21.46,Pagado,Yape
P12224,2025-12-04,12,C045,Minimarket Inti 045,Minimarket,Lima,Lima,Tienda,Rodrigo Salas,GRA-02,Kiwicha pop 300 g,Granos andinos,Agroandina del Sur SAC,5,8.9,0.116,39.34,27.15,12.19,Pendiente,Transferencia
P12224,2025-12-04,12,C045,Minimarket Inti 045,Minimarket,Lima,Lima,Tienda,Rodrigo Salas,GRA-01,Quinua blanca 1 kg,Granos andinos,Agroandina del Sur SAC,12,14.5,0.135,150.51,114.84,35.67,Pendiente,Yape
P12227,2025-12-04,12,C035,Bodega El Trébol 035,Bodega,Lima,Lima,Tienda,Ana Quispe,SNA-01,Papas nativas 120 g x 10,Snacks,Snacks Costa Azul EIRL,11,35.0,0.02,377.3,231.0,146.3,Pagado,Plin
P12227,2025-12-04,12,C035,Bodega El Trébol 035,Bodega,Lima,Lima,Tienda,Ana Quispe,SNA-03,Galletas de avena x 24,Snacks,Snacks Costa Azul EIRL,3,22.0,0.03,64.02,42.9,21.12,Pagado,Plin
P12263,2025-12-04,12,C027,Mayorista El Ahorro 027,Mayorista,Lima,Lima,Mayorista,Rodrigo Salas,SNA-01,Papas nativas 120 g x 10,Snacks,Snacks Costa Azul EIRL,44,35.0,0.153,1304.38,924.0,380.38,Pagado,Transferencia
P12297,2025-12-04,12,C004,Bodega San Pedro 004,Bodega,Lima,Lima,Tienda,Luis Paredes,BEB-05,Té helado 500 ml x 12,Bebidas,Bebidas Norte Pacífico SAC,3,29.0,0,87.0,53.07,33.93,Pagado,Transferencia
P12297,2025-12-04,12,C004,Bodega San Pedro 004,Bodega,Lima,Lima,Tienda,Luis Paredes,LIM-05,Jabón de tocador x 3,Limpieza,Limpieza Total Perú SAC,2,6.5,0.02,12.74,8.72,4.02,Pagado,Yape
P12341,2025-12-04,12,C073,Minimarket Don Lucho 073,Minimarket,Trujillo,Norte,Tienda,María Torres,BEB-01,Agua mineral 625 ml x 15,Bebidas,Bebidas Norte Pacífico SAC,6,18.0,0,108.0,66.96,41.04,Pagado,Efectivo
P12443,2025-12-04,12,C051,Empresa San Martín 051,Empresa,Lima,Lima,Tienda,Luis Paredes,BEB-03,Néctar de durazno 1 L x 6,Bebidas,Bebidas Norte Pacífico SAC,8,27.0,0.03,209.52,138.24,71.28,Pendiente,Yape
P12443,2025-12-04,12,C051,Empresa San Martín 051,Empresa,Lima,Lima,Tienda,Luis Paredes,LIM-05,Jabón de tocador x 3,Limpieza,Limpieza Total Perú SAC,10,6.5,0,65.0,43.6,21.4,Pagado,Yape
P12443,2025-12-04,12,C051,Empresa San Martín 051,Empresa,Lima,Lima,Tienda,Luis Paredes,CAF-02,Café en grano 1 kg,Café y cacao,Café Selva Central SAC,8,46.0,0.05,349.6,209.76,139.84,Pendiente,Plin
P12196,2025-12-05,12,C027,Mayorista El Ahorro 027,Mayorista,Lima,Lima,Mayorista,Luis Paredes,BEB-02,Gaseosa 3 L x 4,Bebidas,Bebidas Norte Pacífico SAC,40,32.0,0.08,1177.6,870.4,307.2,Pendiente,Transferencia
P12196,2025-12-05,12,C027,Mayorista El Ahorro 027,Mayorista,Lima,Lima,Mayorista,Luis Paredes,SNA-02,Chifles 150 g x 10,Snacks,Snacks Costa Azul EIRL,40,28.0,0.08,1030.4,649.6,380.8,Pagado,Transferencia
P12211,2025-12-05,12,C095,Bodega La Familia 095,Bodega,Piura,Norte,Tienda,María Torres,SNA-04,Maní salado 200 g x 12,Snacks,Snacks Costa Azul EIRL,9,30.0,0,270.0,167.4,102.6,Pagado,Transferencia
P12211,2025-12-05,12,C095,Bodega La Familia 095,Bodega,Piura,Norte,Tienda,María Torres,HAR-05,Sémola 500 g,Harinas y pastas,Molinos Valle Verde SA,10,4.1,0.03,39.77,28.7,11.07,Pagado,Tarjeta
P12214,2025-12-05,12,C006,Bodega Mi Perú 006,Bodega,Lima,Lima,Tienda,Ana Quispe,HAR-02,Fideo spaghetti 500 g,Harinas y pastas,Molinos Valle Verde SA,9,3.9,0,35.1,24.93,10.17,Pagado,Tarjeta
P12253,2025-12-05,12,C114,Restaurante San Martín 114,Restaurante,Tacna,Sur,Tienda,Jorge Huamán,LIM-02,Lejía 4 L,Limpieza,Limpieza Total Perú SAC,5,9.8,0,49.0,32.35,16.65,Pagado,Yape
P12377,2025-12-05,12,C043,Restaurante Mi Perú 043,Restaurante,Lima,Lima,Tienda,Luis Paredes,HAR-04,Harina preparada 1 kg,Harinas y pastas,Molinos Valle Verde SA,11,6.3,0,69.3,50.6,18.7,Pagado,Tarjeta
P12378,2025-12-05,12,C049,Restaurante San Pedro 049,Restaurante,Lima,Lima,Tienda,Ana Quispe,HAR-03,Fideo tallarín 1 kg,Harinas y pastas,Molinos Valle Verde SA,8,7.2,0,57.6,41.44,16.16,Pagado,Yape
P12378,2025-12-05,12,C049,Restaurante San Pedro 049,Restaurante,Lima,Lima,Tienda,Ana Quispe,CAF-02,Café en grano 1 kg,Café y cacao,Café Selva Central SAC,8,46.0,0.05,349.6,209.76,139.84,Pagado,Plin
P12403,2025-12-05,12,C113,Mayorista El Sol 113,Mayorista,Cusco,Sur,Mayorista,Jorge Huamán,GRA-01,Quinua blanca 1 kg,Granos andinos,Agroandina del Sur SAC,24,14.5,0.08,320.16,229.68,90.48,Pendiente,Transferencia
P12403,2025-12-05,12,C113,Mayorista El Sol 113,Mayorista,Cusco,Sur,Mayorista,Jorge Huamán,BEB-05,Té helado 500 ml x 12,Bebidas,Bebidas Norte Pacífico SAC,12,29.0,0.08,320.16,212.28,107.88,Pagado,Transferencia
P12414,2025-12-05,12,C125,Bodega El Ahorro 125,Bodega,Cusco,Sur,Tienda,Jorge Huamán,SNA-04,Maní salado 200 g x 12,Snacks,Snacks Costa Azul EIRL,9,30.0,0.05,256.5,167.4,89.1,Pagado,Yape
P12428,2025-12-05,12,C086,Restaurante Los Andes 086,Restaurante,Piura,Norte,WhatsApp,María Torres,GRA-01,Quinua blanca 1 kg,Granos andinos,Agroandina del Sur SAC,7,14.5,0.03,98.45,66.99,31.46,Pagado,Plin
P12463,2025-12-05,12,C140,Minimarket San Pedro 140,Minimarket,Huancayo,Centro,Tienda,Rosa Ccori,GRA-05,Avena con quinua 900 g,Granos andinos,Agroandina del Sur SAC,4,11.5,0,46.0,30.84,15.16,Pagado,Yape
P12463,2025-12-05,12,C140,Minimarket San Pedro 140,Minimarket,Huancayo,Centro,Tienda,Rosa Ccori,CAF-02,Café en grano 1 kg,Café y cacao,Café Selva Central SAC,5,46.0,0,230.0,131.1,98.9,Pagado,Yape
P12463,2025-12-05,12,C140,Minimarket San Pedro 140,Minimarket,Huancayo,Centro,Tienda,Rosa Ccori,SNA-04,Maní salado 200 g x 12,Snacks,Snacks Costa Azul EIRL,5,30.0,0.05,142.5,93.0,49.5,Pendiente,Tarjeta
P12195,2025-12-06,12,C033,Minimarket Primavera 033,Minimarket,Lima,Lima,Tienda,Rodrigo Salas,CAF-01,Café tostado molido 500 g,Café y cacao,Café Selva Central SAC,5,24.0,0.172,99.36,69.6,29.76,Pendiente,Yape
P12195,2025-12-06,12,C033,Minimarket Primavera 033,Minimarket,Lima,Lima,Tienda,Rodrigo Salas,HAR-01,Harina sin preparar 1 kg,Harinas y pastas,Molinos Valle Verde SA,10,5.4,0.16,45.36,40.0,5.36,Pagado,Transferencia
P12243,2025-12-06,12,C036,Restaurante El Ahorro 036,Restaurante,Lima,Lima,Tienda,Ana Quispe,BEB-05,Té helado 500 ml x 12,Bebidas,Bebidas Norte Pacífico SAC,9,29.0,0,261.0,159.21,101.79,Pagado,Yape
P12249,2025-12-06,12,C136,Bodega El Ahorro 136,Bodega,Huánuco,Centro,Online,Rosa Ccori,CAF-05,Café instantáneo 200 g,Café y cacao,Café Selva Central SAC,10,21.0,0.03,203.7,132.3,71.4,Pagado,Transferencia
P12249,2025-12-06,12,C136,Bodega El Ahorro 136,Bodega,Huánuco,Centro,Online,Rosa Ccori,CAF-02,Café en grano 1 kg,Café y cacao,Café Selva Central SAC,10,46.0,0.05,437.0,262.2,174.8,Pagado,Transferencia
P12272,2025-12-06,12,C137,Minimarket El Puerto 137,Minimarket,Huánuco,Centro,Online,Rosa Ccori,CAF-04,Chocolate para taza 180 g,Café y cacao,Café Selva Central SAC,7,9.9,0.05,65.83,42.98,22.85,Pagado,Plin
P12310,2025-12-06,12,C009,Minimarket La Esperanza 009,Minimarket,Lima,Lima,Tienda,Ana Quispe,HAR-03,Fideo tallarín 1 kg,Harinas y pastas,Molinos Valle Verde SA,10,7.2,0,72.0,51.8,20.2,Pagado,Plin
P12330,2025-12-06,12,C070,Minimarket El Ahorro 070,Minimarket,Lima,Lima,Tienda,Ana Quispe,LIM-04,Desinfectante 1.8 L,Limpieza,Limpieza Total Perú SAC,11,11.9,0,130.9,82.5,48.4,Pagado,Yape
P12364,2025-12-06,12,C041,Bodega Santa Rosa 041,Bodega,Lima,Lima,Tienda,Rodrigo Salas,HAR-02,Fideo spaghetti 500 g,Harinas y pastas,Molinos Valle Verde SA,10,3.9,0.16,32.76,27.7,5.06,Pagado,Efectivo
P12440,2025-12-06,12,C045,Minimarket Inti 045,Minimarket,Lima,Lima,Tienda,Ana Quispe,BEB-01,Agua mineral 625 ml x 15,Bebidas,Bebidas Norte Pacífico SAC,2,18.0,0.05,34.2,22.32,11.88,Pagado,Tarjeta
P12440,2025-12-06,12,C045,Minimarket Inti 045,Minimarket,Lima,Lima,Tienda,Ana Quispe,CAF-05,Café instantáneo 200 g,Café y cacao,Café Selva Central SAC,11,21.0,0.05,219.45,145.53,73.92,Pagado,Yape
P12454,2025-12-06,12,C047,Restaurante Primavera 047,Restaurante,Lima,Lima,Tienda,Ana Quispe,BEB-02,Gaseosa 3 L x 4,Bebidas,Bebidas Norte Pacífico SAC,2,32.0,0,64.0,43.52,20.48,Pagado,Efectivo
P12454,2025-12-06,12,C047,Restaurante Primavera 047,Restaurante,Lima,Lima,Tienda,Ana Quispe,HAR-01,Harina sin preparar 1 kg,Harinas y pastas,Molinos Valle Verde SA,3,5.4,0.05,15.39,12.0,3.39,Pagado,Yape
P12461,2025-12-06,12,C016,Cafetería Primavera 016,Cafetería,Lima,Lima,WhatsApp,Luis Paredes,BEB-05,Té helado 500 ml x 12,Bebidas,Bebidas Norte Pacífico SAC,6,29.0,0,174.0,106.14,67.86,Pagado,Transferencia
P12191,2025-12-07,12,C101,Bodega La Esperanza 101,Bodega,Tacna,Sur,Tienda,Jorge Huamán,GRA-03,Maca en polvo 250 g,Granos andinos,Agroandina del Sur SAC,3,17.0,0.02,49.98,28.05,21.93,Pagado,Transferencia
P12191,2025-12-07,12,C101,Bodega La Esperanza 101,Bodega,Tacna,Sur,Tienda,Jorge Huamán,GRA-04,Chía 500 g,Granos andinos,Agroandina del Sur SAC,8,13.0,0,104.0,66.56,37.44,Pagado,Tarjeta
P12194,2025-12-07,12,C135,Cafetería La Esperanza 135,Cafetería,Huancayo,Centro,Tienda,Rosa Ccori,SNA-03,Galletas de avena x 24,Snacks,Snacks Costa Azul EIRL,6,22.0,0,132.0,85.8,46.2,Pagado,Tarjeta
P12215,2025-12-07,12,C015,Bodega Pachamama 015,Bodega,Lima,Lima,Tienda,Rodrigo Salas,HAR-03,Fideo tallarín 1 kg,Harinas y pastas,Molinos Valle Verde SA,3,7.2,0.161,18.12,15.54,2.58,Pendiente,Yape
P12225,2025-12-07,12,C072,Empresa Santa Rosa 072,Empresa,Trujillo,Norte,Tienda,María Torres,GRA-04,Chía 500 g,Granos andinos,Agroandina del Sur SAC,12,13.0,0,156.0,99.84,56.16,Pagado,Yape
P12225,2025-12-07,12,C072,Empresa Santa Rosa 072,Empresa,Trujillo,Norte,Tienda,María Torres,HAR-02,Fideo spaghetti 500 g,Harinas y pastas,Molinos Valle Verde SA,8,3.9,0,31.2,22.16,9.04,Pagado,Transferencia
P12292,2025-12-07,12,C117,Empresa Mi Perú 117,Empresa,Arequipa,Sur,Tienda,Jorge Huamán,LIM-04,Desinfectante 1.8 L,Limpieza,Limpieza Total Perú SAC,6,11.9,0,71.4,45.0,26.4,Pagado,Transferencia
P12292,2025-12-07,12,C117,Empresa Mi Perú 117,Empresa,Arequipa,Sur,Tienda,Jorge Huamán,CAF-02,Café en grano 1 kg,Café y cacao,Café Selva Central SAC,6,46.0,0,276.0,157.32,118.68,Pagado,Efectivo
P12315,2025-12-07,12,C006,Bodega Mi Perú 006,Bodega,Lima,Lima,Tienda,Luis Paredes,LIM-05,Jabón de tocador x 3,Limpieza,Limpieza Total Perú SAC,8,6.5,0.05,49.4,34.88,14.52,Pagado,Transferencia
P12351,2025-12-07,12,C140,Minimarket San Pedro 140,Minimarket,Huancayo,Centro,Tienda,Rosa Ccori,GRA-02,Kiwicha pop 300 g,Granos andinos,Agroandina del Sur SAC,11,8.9,0.02,95.94,59.73,36.21,Pagado,Plin
P12351,2025-12-07,12,C140,Minimarket San Pedro 140,Minimarket,Huancayo,Centro,Tienda,Rosa Ccori,HAR-04,Harina preparada 1 kg,Harinas y pastas,Molinos Valle Verde SA,7,6.3,0.03,42.78,32.2,10.58,Pendiente,Tarjeta
P12438,2025-12-07,12,C025,Minimarket Don Lucho 025,Minimarket,Lima,Lima,Tienda,Luis Paredes,BEB-04,Bebida rehidratante 500 ml x 12,Bebidas,Bebidas Norte Pacífico SAC,4,33.0,0,132.0,83.16,48.84,Pendiente,Yape
P12465,2025-12-07,12,C066,Empresa La Esperanza 066,Empresa,Lima,Lima,Tienda,Ana Quispe,HAR-04,Harina preparada 1 kg,Harinas y pastas,Molinos Valle Verde SA,6,6.3,0,37.8,27.6,10.2,Pagado,Yape
P12465,2025-12-07,12,C066,Empresa La Esperanza 066,Empresa,Lima,Lima,Tienda,Ana Quispe,LIM-04,Desinfectante 1.8 L,Limpieza,Limpieza Total Perú SAC,7,11.9,0.03,80.8,52.5,28.3,Pagado,Yape
P12465,2025-12-07,12,C066,Empresa La Esperanza 066,Empresa,Lima,Lima,Tienda,Ana Quispe,HAR-01,Harina sin preparar 1 kg,Harinas y pastas,Molinos Valle Verde SA,6,5.4,0.05,30.78,24.0,6.78,Pagado,Efectivo
P12199,2025-12-08,12,C129,Mayorista La Esperanza 129,Mayorista,Huánuco,Centro,Mayorista,Rosa Ccori,GRA-02,Kiwicha pop 300 g,Granos andinos,Agroandina del Sur SAC,8,8.9,0.08,65.5,43.44,22.06,Pagado,Transferencia
P12233,2025-12-08,12,C012,Cafetería Pachamama 012,Cafetería,Lima,Lima,Online,Ana Quispe,HAR-04,Harina preparada 1 kg,Harinas y pastas,Molinos Valle Verde SA,2,6.3,0.05,11.97,9.2,2.77,Pagado,Efectivo
P12361,2025-12-08,12,C095,Bodega La Familia 095,Bodega,Piura,Norte,Tienda,María Torres,BEB-04,Bebida rehidratante 500 ml x 12,Bebidas,Bebidas Norte Pacífico SAC,11,33.0,0.02,355.74,228.69,127.05,Pagado,Transferencia
P12402,2025-12-08,12,C115,Empresa El Puerto 115,Empresa,Arequipa,Sur,Tienda,Jorge Huamán,BEB-03,Néctar de durazno 1 L x 6,Bebidas,Bebidas Norte Pacífico SAC,9,27.0,0.02,238.14,155.52,82.62,Vencido,Yape
P12402,2025-12-08,12,C115,Empresa El Puerto 115,Empresa,Arequipa,Sur,Tienda,Jorge Huamán,LIM-01,Detergente 2 kg,Limpieza,Limpieza Total Perú SAC,7,19.5,0.05,129.67,94.15,35.52,Pagado,Yape
P12402,2025-12-08,12,C115,Empresa El Puerto 115,Empresa,Arequipa,Sur,Tienda,Jorge Huamán,CAF-05,Café instantáneo 200 g,Café y cacao,Café Selva Central SAC,7,21.0,0.05,139.65,92.61,47.04,Pagado,Yape
P12419,2025-12-08,12,C042,Bodega La Familia 042,Bodega,Lima,Lima,Tienda,Ana Quispe,GRA-05,Avena con quinua 900 g,Granos andinos,Agroandina del Sur SAC,9,11.5,0,103.5,69.39,34.11,Pagado,Transferencia
P12419,2025-12-08,12,C042,Bodega La Familia 042,Bodega,Lima,Lima,Tienda,Ana Quispe,LIM-03,Lavavajilla 900 g,Limpieza,Limpieza Total Perú SAC,4,8.2,0,32.8,21.0,11.8,Pagado,Transferencia
P12421,2025-12-08,12,C094,Bodega Santa Rosa 094,Bodega,Trujillo,Norte,Tienda,María Torres,HAR-04,Harina preparada 1 kg,Harinas y pastas,Molinos Valle Verde SA,11,6.3,0,69.3,50.6,18.7,Pagado,Transferencia
P12460,2025-12-08,12,C095,Bodega La Familia 095,Bodega,Piura,Norte,Tienda,María Torres,GRA-04,Chía 500 g,Granos andinos,Agroandina del Sur SAC,11,13.0,0,143.0,91.52,51.48,Vencido,Yape
P12460,2025-12-08,12,C095,Bodega La Familia 095,Bodega,Piura,Norte,Tienda,María Torres,GRA-03,Maca en polvo 250 g,Granos andinos,Agroandina del Sur SAC,9,17.0,0,153.0,84.15,68.85,Pendiente,Transferencia
P12197,2025-12-09,12,C130,Restaurante San Pedro 130,Restaurante,Huancayo,Centro,Tienda,Rosa Ccori,HAR-02,Fideo spaghetti 500 g,Harinas y pastas,Molinos Valle Verde SA,7,3.9,0,27.3,19.39,7.91,Pagado,Yape
P12197,2025-12-09,12,C130,Restaurante San Pedro 130,Restaurante,Huancayo,Centro,Tienda,Rosa Ccori,HAR-05,Sémola 500 g,Harinas y pastas,Molinos Valle Verde SA,7,4.1,0.05,27.26,20.09,7.17,Pagado,Yape
P12197,2025-12-09,12,C130,Restaurante San Pedro 130,Restaurante,Huancayo,Centro,Tienda,Rosa Ccori,HAR-03,Fideo tallarín 1 kg,Harinas y pastas,Molinos Valle Verde SA,10,7.2,0.03,69.84,51.8,18.04,Pagado,Transferencia
P12231,2025-12-09,12,C074,Empresa Santa Rosa 074,Empresa,Piura,Norte,WhatsApp,María Torres,LIM-04,Desinfectante 1.8 L,Limpieza,Limpieza Total Perú SAC,3,11.9,0.05,33.91,22.5,11.41,Pagado,Efectivo
P12231,2025-12-09,12,C074,Empresa Santa Rosa 074,Empresa,Piura,Norte,WhatsApp,María Torres,HAR-03,Fideo tallarín 1 kg,Harinas y pastas,Molinos Valle Verde SA,11,7.2,0.03,76.82,56.98,19.84,Pagado,Transferencia
P12366,2025-12-09,12,C026,Bodega Mi Perú 026,Bodega,Lima,Lima,Tienda,Rodrigo Salas,HAR-03,Fideo tallarín 1 kg,Harinas y pastas,Molinos Valle Verde SA,3,7.2,0.154,18.27,15.54,2.73,Pagado,Transferencia
P12366,2025-12-09,12,C026,Bodega Mi Perú 026,Bodega,Lima,Lima,Tienda,Rodrigo Salas,CAF-05,Café instantáneo 200 g,Café y cacao,Café Selva Central SAC,6,21.0,0.104,112.9,79.38,33.52,Pagado,Yape
P12366,2025-12-09,12,C026,Bodega Mi Perú 026,Bodega,Lima,Lima,Tienda,Rodrigo Salas,GRA-05,Avena con quinua 900 g,Granos andinos,Agroandina del Sur SAC,11,11.5,0.126,110.56,84.81,25.75,Pendiente,Yape
P12400,2025-12-09,12,C125,Bodega El Ahorro 125,Bodega,Cusco,Sur,Tienda,Jorge Huamán,CAF-01,Café tostado molido 500 g,Café y cacao,Café Selva Central SAC,9,24.0,0.03,209.52,125.28,84.24,Pagado,Transferencia
P12412,2025-12-09,12,C097,Bodega El Puerto 097,Bodega,Trujillo,Norte,Tienda,María Torres,LIM-02,Lejía 4 L,Limpieza,Limpieza Total Perú SAC,8,9.8,0.02,76.83,51.76,25.07,Pagado,Transferencia
P12412,2025-12-09,12,C097,Bodega El Puerto 097,Bodega,Trujillo,Norte,Tienda,María Torres,SNA-05,Camote frito 120 g x 10,Snacks,Snacks Costa Azul EIRL,5,31.0,0.03,150.35,91.45,58.9,Pendiente,Yape
P12221,2025-12-10,12,C114,Restaurante San Martín 114,Restaurante,Tacna,Sur,WhatsApp,Jorge Huamán,SNA-04,Maní salado 200 g x 12,Snacks,Snacks Costa Azul EIRL,3,30.0,0,90.0,55.8,34.2,Pagado,Yape
P12255,2025-12-10,12,C132,Restaurante Nueva Era 132,Restaurante,Huánuco,Centro,Tienda,Rosa Ccori,SNA-01,Papas nativas 120 g x 10,Snacks,Snacks Costa Azul EIRL,8,35.0,0.02,274.4,168.0,106.4,Pagado,Transferencia
P12255,2025-12-10,12,C132,Restaurante Nueva Era 132,Restaurante,Huánuco,Centro,Tienda,Rosa Ccori,HAR-05,Sémola 500 g,Harinas y pastas,Molinos Valle Verde SA,7,4.1,0.03,27.84,20.09,7.75,Pagado,Transferencia
P12266,2025-12-10,12,C131,Bodega Virgen de Fátima 131,Bodega,Huánuco,Centro,Online,Rosa Ccori,HAR-03,Fideo tallarín 1 kg,Harinas y pastas,Molinos Valle Verde SA,9,7.2,0,64.8,46.62,18.18,Pagado,Transferencia
P12266,2025-12-10,12,C131,Bodega Virgen de Fátima 131,Bodega,Huánuco,Centro,Online,Rosa Ccori,GRA-05,Avena con quinua 900 g,Granos andinos,Agroandina del Sur SAC,4,11.5,0.05,43.7,30.84,12.86,Pagado,Yape
P12286,2025-12-10,12,C087,Restaurante El Ahorro 087,Restaurante,Trujillo,Norte,Tienda,María Torres,GRA-04,Chía 500 g,Granos andinos,Agroandina del Sur SAC,6,13.0,0.03,75.66,49.92,25.74,Pagado,Transferencia
P12348,2025-12-10,12,C025,Minimarket Don Lucho 025,Minimarket,Lima,Lima,WhatsApp,Ana Quispe,GRA-05,Avena con quinua 900 g,Granos andinos,Agroandina del Sur SAC,6,11.5,0.03,66.93,46.26,20.67,Pagado,Yape
P12348,2025-12-10,12,C025,Minimarket Don Lucho 025,Minimarket,Lima,Lima,WhatsApp,Ana Quispe,CAF-04,Chocolate para taza 180 g,Café y cacao,Café Selva Central SAC,6,9.9,0.05,56.43,36.84,19.59,Pagado,Efectivo
P12348,2025-12-10,12,C025,Minimarket Don Lucho 025,Minimarket,Lima,Lima,WhatsApp,Ana Quispe,BEB-01,Agua mineral 625 ml x 15,Bebidas,Bebidas Norte Pacífico SAC,8,18.0,0.03,139.68,89.28,50.4,Pagado,Transferencia
P12415,2025-12-10,12,C084,Bodega El Progreso 084,Bodega,Piura,Norte,Tienda,María Torres,HAR-04,Harina preparada 1 kg,Harinas y pastas,Molinos Valle Verde SA,8,6.3,0.05,47.88,36.8,11.08,Pagado,Yape
P12415,2025-12-10,12,C084,Bodega El Progreso 084,Bodega,Piura,Norte,Tienda,María Torres,GRA-03,Maca en polvo 250 g,Granos andinos,Agroandina del Sur SAC,9,17.0,0.02,149.94,84.15,65.79,Pagado,Tarjeta
P12427,2025-12-10,12,C047,Restaurante Primavera 047,Restaurante,Lima,Lima,Tienda,Rodrigo Salas,HAR-05,Sémola 500 g,Harinas y pastas,Molinos Valle Verde SA,8,4.1,0.105,29.36,22.96,6.4,Pagado,Transferencia
P12450,2025-12-10,12,C014,Minimarket San Pedro 014,Minimarket,Lima,Lima,Tienda,Rodrigo Salas,LIM-02,Lejía 4 L,Limpieza,Limpieza Total Perú SAC,9,9.8,0.14,75.85,58.23,17.62,Pagado,Plin
P12450,2025-12-10,12,C014,Minimarket San Pedro 014,Minimarket,Lima,Lima,Tienda,Rodrigo Salas,HAR-01,Harina sin preparar 1 kg,Harinas y pastas,Molinos Valle Verde SA,6,5.4,0.123,28.41,24.0,4.41,Pagado,Efectivo
P12456,2025-12-10,12,C076,Bodega El Trébol 076,Bodega,Chiclayo,Norte,Tienda,María Torres,SNA-04,Maní salado 200 g x 12,Snacks,Snacks Costa Azul EIRL,3,30.0,0.03,87.3,55.8,31.5,Pagado,Yape
P12218,2025-12-11,12,C031,Bodega El Ahorro 031,Bodega,Lima,Lima,Online,Ana Quispe,BEB-05,Té helado 500 ml x 12,Bebidas,Bebidas Norte Pacífico SAC,4,29.0,0.03,112.52,70.76,41.76,Pagado,Yape
P12218,2025-12-11,12,C031,Bodega El Ahorro 031,Bodega,Lima,Lima,Online,Ana Quispe,LIM-04,Desinfectante 1.8 L,Limpieza,Limpieza Total Perú SAC,2,11.9,0,23.8,15.0,8.8,Pendiente,Transferencia
P12218,2025-12-11,12,C031,Bodega El Ahorro 031,Bodega,Lima,Lima,Online,Ana Quispe,SNA-04,Maní salado 200 g x 12,Snacks,Snacks Costa Azul EIRL,7,30.0,0.02,205.8,130.2,75.6,Pagado,Transferencia
P12226,2025-12-11,12,C026,Bodega Mi Perú 026,Bodega,Lima,Lima,Tienda,Rodrigo Salas,CAF-01,Café tostado molido 500 g,Café y cacao,Café Selva Central SAC,2,24.0,0.161,40.27,27.84,12.43,Pagado,Yape
P12248,2025-12-11,12,C100,Restaurante El Ahorro 100,Restaurante,Cusco,Sur,Tienda,Jorge Huamán,GRA-05,Avena con quinua 900 g,Granos andinos,Agroandina del Sur SAC,8,11.5,0,92.0,61.68,30.32,Pagado,Tarjeta
P12248,2025-12-11,12,C100,Restaurante El Ahorro 100,Restaurante,Cusco,Sur,Tienda,Jorge Huamán,LIM-03,Lavavajilla 900 g,Limpieza,Limpieza Total Perú SAC,2,8.2,0.03,15.91,10.5,5.41,Pagado,Transferencia
P12295,2025-12-11,12,C019,Bodega Don Lucho 019,Bodega,Lima,Lima,Tienda,Rodrigo Salas,CAF-05,Café instantáneo 200 g,Café y cacao,Café Selva Central SAC,6,21.0,0.119,111.01,79.38,31.63,Vencido,Tarjeta
P12295,2025-12-11,12,C019,Bodega Don Lucho 019,Bodega,Lima,Lima,Tienda,Rodrigo Salas,LIM-01,Detergente 2 kg,Limpieza,Limpieza Total Perú SAC,11,19.5,0.135,185.54,147.95,37.59,Pagado,Yape
P12295,2025-12-11,12,C019,Bodega Don Lucho 019,Bodega,Lima,Lima,Tienda,Rodrigo Salas,LIM-01,Detergente 2 kg,Limpieza,Limpieza Total Perú SAC,6,19.5,0.106,104.6,80.7,23.9,Pagado,Yape
P12350,2025-12-11,12,C121,Bodega Don Lucho 121,Bodega,Arequipa,Sur,Tienda,Jorge Huamán,SNA-02,Chifles 150 g x 10,Snacks,Snacks Costa Azul EIRL,6,28.0,0.02,164.64,97.44,67.2,Pagado,Yape
P12376,2025-12-11,12,C011,Mayorista Pachamama 011,Mayorista,Lima,Lima,Mayorista,Rodrigo Salas,BEB-05,Té helado 500 ml x 12,Bebidas,Bebidas Norte Pacífico SAC,40,29.0,0.149,987.16,707.6,279.56,Pendiente,Transferencia
P12376,2025-12-11,12,C011,Mayorista Pachamama 011,Mayorista,Lima,Lima,Mayorista,Rodrigo Salas,HAR-02,Fideo spaghetti 500 g,Harinas y pastas,Molinos Valle Verde SA,12,3.9,0.108,41.75,33.24,8.51,Pagado,Transferencia
P12405,2025-12-11,12,C099,Restaurante Los Andes 099,Restaurante,Cusco,Sur,WhatsApp,Jorge Huamán,HAR-02,Fideo spaghetti 500 g,Harinas y pastas,Molinos Valle Verde SA,10,3.9,0.03,37.83,27.7,10.13,Pagado,Efectivo
P12405,2025-12-11,12,C099,Restaurante Los Andes 099,Restaurante,Cusco,Sur,WhatsApp,Jorge Huamán,HAR-01,Harina sin preparar 1 kg,Harinas y pastas,Molinos Valle Verde SA,2,5.4,0.02,10.58,8.0,2.58,Pagado,Tarjeta
P12405,2025-12-11,12,C099,Restaurante Los Andes 099,Restaurante,Cusco,Sur,WhatsApp,Jorge Huamán,LIM-05,Jabón de tocador x 3,Limpieza,Limpieza Total Perú SAC,4,6.5,0.02,25.48,17.44,8.04,Pagado,Yape
P12413,2025-12-11,12,C120,Restaurante Virgen de Fátima 120,Restaurante,Cusco,Sur,Tienda,Jorge Huamán,GRA-02,Kiwicha pop 300 g,Granos andinos,Agroandina del Sur SAC,11,8.9,0,97.9,59.73,38.17,Pagado,Yape
P12416,2025-12-11,12,C072,Empresa Santa Rosa 072,Empresa,Trujillo,Norte,Tienda,María Torres,GRA-05,Avena con quinua 900 g,Granos andinos,Agroandina del Sur SAC,9,11.5,0.05,98.32,69.39,28.93,Pagado,Transferencia
P12416,2025-12-11,12,C072,Empresa Santa Rosa 072,Empresa,Trujillo,Norte,Tienda,María Torres,GRA-01,Quinua blanca 1 kg,Granos andinos,Agroandina del Sur SAC,10,14.5,0.05,137.75,95.7,42.05,Pagado,Transferencia
P12446,2025-12-11,12,C085,Minimarket Virgen de Fátima 085,Minimarket,Chiclayo,Norte,Tienda,María Torres,SNA-01,Papas nativas 120 g x 10,Snacks,Snacks Costa Azul EIRL,2,35.0,0.02,68.6,42.0,26.6,Pagado,Yape
P12446,2025-12-11,12,C085,Minimarket Virgen de Fátima 085,Minimarket,Chiclayo,Norte,Tienda,María Torres,BEB-04,Bebida rehidratante 500 ml x 12,Bebidas,Bebidas Norte Pacífico SAC,11,33.0,0,363.0,228.69,134.31,Pagado,Efectivo
P12446,2025-12-11,12,C085,Minimarket Virgen de Fátima 085,Minimarket,Chiclayo,Norte,Tienda,María Torres,BEB-01,Agua mineral 625 ml x 15,Bebidas,Bebidas Norte Pacífico SAC,7,18.0,0.03,122.22,78.12,44.1,Pagado,Yape
P12213,2025-12-12,12,C068,Minimarket San Pedro 068,Minimarket,Lima,Lima,Tienda,Luis Paredes,HAR-03,Fideo tallarín 1 kg,Harinas y pastas,Molinos Valle Verde SA,12,7.2,0,86.4,62.16,24.24,Pagado,Efectivo
P12213,2025-12-12,12,C068,Minimarket San Pedro 068,Minimarket,Lima,Lima,Tienda,Luis Paredes,SNA-04,Maní salado 200 g x 12,Snacks,Snacks Costa Azul EIRL,6,30.0,0.02,176.4,111.6,64.8,Pagado,Plin
P12228,2025-12-12,12,C089,Minimarket Nueva Era 089,Minimarket,Chiclayo,Norte,Tienda,María Torres,CAF-05,Café instantáneo 200 g,Café y cacao,Café Selva Central SAC,7,21.0,0,147.0,92.61,54.39,Pagado,Tarjeta
P12228,2025-12-12,12,C089,Minimarket Nueva Era 089,Minimarket,Chiclayo,Norte,Tienda,María Torres,BEB-01,Agua mineral 625 ml x 15,Bebidas,Bebidas Norte Pacífico SAC,3,18.0,0,54.0,33.48,20.52,Pagado,Transferencia
P12258,2025-12-12,12,C140,Minimarket San Pedro 140,Minimarket,Huancayo,Centro,Tienda,Rosa Ccori,GRA-05,Avena con quinua 900 g,Granos andinos,Agroandina del Sur SAC,12,11.5,0,138.0,92.52,45.48,Pagado,Efectivo
P12258,2025-12-12,12,C140,Minimarket San Pedro 140,Minimarket,Huancayo,Centro,Tienda,Rosa Ccori,HAR-03,Fideo tallarín 1 kg,Harinas y pastas,Molinos Valle Verde SA,7,7.2,0,50.4,36.26,14.14,Pagado,Efectivo
P12280,2025-12-12,12,C132,Restaurante Nueva Era 132,Restaurante,Huánuco,Centro,Tienda,Rosa Ccori,SNA-02,Chifles 150 g x 10,Snacks,Snacks Costa Azul EIRL,3,28.0,0.05,79.8,48.72,31.08,Pagado,Yape
P12288,2025-12-12,12,C101,Bodega La Esperanza 101,Bodega,Tacna,Sur,WhatsApp,Jorge Huamán,HAR-01,Harina sin preparar 1 kg,Harinas y pastas,Molinos Valle Verde SA,4,5.4,0.05,20.52,16.0,4.52,Pagado,Plin
P12288,2025-12-12,12,C101,Bodega La Esperanza 101,Bodega,Tacna,Sur,WhatsApp,Jorge Huamán,LIM-01,Detergente 2 kg,Limpieza,Limpieza Total Perú SAC,7,19.5,0.03,132.41,94.15,38.26,Pagado,Efectivo
P12323,2025-12-12,12,C055,Empresa Inti 055,Empresa,Lima,Lima,Tienda,Ana Quispe,CAF-04,Chocolate para taza 180 g,Café y cacao,Café Selva Central SAC,6,9.9,0,59.4,36.84,22.56,Pagado,Yape
P12323,2025-12-12,12,C055,Empresa Inti 055,Empresa,Lima,Lima,Tienda,Ana Quispe,LIM-02,Lejía 4 L,Limpieza,Limpieza Total Perú SAC,10,9.8,0.05,93.1,64.7,28.4,Pagado,Efectivo
P12352,2025-12-12,12,C055,Empresa Inti 055,Empresa,Lima,Lima,Tienda,Ana Quispe,BEB-03,Néctar de durazno 1 L x 6,Bebidas,Bebidas Norte Pacífico SAC,8,27.0,0.02,211.68,138.24,73.44,Pagado,Yape
P12352,2025-12-12,12,C055,Empresa Inti 055,Empresa,Lima,Lima,Tienda,Ana Quispe,GRA-02,Kiwicha pop 300 g,Granos andinos,Agroandina del Sur SAC,12,8.9,0.05,101.46,65.16,36.3,Pagado,Plin
P12352,2025-12-12,12,C055,Empresa Inti 055,Empresa,Lima,Lima,Tienda,Ana Quispe,BEB-01,Agua mineral 625 ml x 15,Bebidas,Bebidas Norte Pacífico SAC,4,18.0,0.02,70.56,44.64,25.92,Pagado,Efectivo
P12360,2025-12-12,12,C088,Empresa Pachamama 088,Empresa,Trujillo,Norte,Tienda,María Torres,CAF-01,Café tostado molido 500 g,Café y cacao,Café Selva Central SAC,4,24.0,0,96.0,55.68,40.32,Pagado,Transferencia
P12360,2025-12-12,12,C088,Empresa Pachamama 088,Empresa,Trujillo,Norte,Tienda,María Torres,BEB-05,Té helado 500 ml x 12,Bebidas,Bebidas Norte Pacífico SAC,6,29.0,0,174.0,106.14,67.86,Pagado,Transferencia
P12360,2025-12-12,12,C088,Empresa Pachamama 088,Empresa,Trujillo,Norte,Tienda,María Torres,BEB-03,Néctar de durazno 1 L x 6,Bebidas,Bebidas Norte Pacífico SAC,10,27.0,0.02,264.6,172.8,91.8,Vencido,Plin
P12433,2025-12-12,12,C033,Minimarket Primavera 033,Minimarket,Lima,Lima,WhatsApp,Rodrigo Salas,LIM-05,Jabón de tocador x 3,Limpieza,Limpieza Total Perú SAC,4,6.5,0.154,22.0,17.44,4.56,Pagado,Yape
P12433,2025-12-12,12,C033,Minimarket Primavera 033,Minimarket,Lima,Lima,WhatsApp,Rodrigo Salas,HAR-03,Fideo tallarín 1 kg,Harinas y pastas,Molinos Valle Verde SA,4,7.2,0.11,25.63,20.72,4.91,Pendiente,Yape
P12435,2025-12-12,12,C071,Minimarket Santa Rosa 071,Minimarket,Chiclayo,Norte,Online,María Torres,CAF-02,Café en grano 1 kg,Café y cacao,Café Selva Central SAC,9,46.0,0.03,401.58,235.98,165.6,Pagado,Plin
P12435,2025-12-12,12,C071,Minimarket Santa Rosa 071,Minimarket,Chiclayo,Norte,Online,María Torres,HAR-03,Fideo tallarín 1 kg,Harinas y pastas,Molinos Valle Verde SA,12,7.2,0.03,83.81,62.16,21.65,Pagado,Efectivo
P12435,2025-12-12,12,C071,Minimarket Santa Rosa 071,Minimarket,Chiclayo,Norte,Online,María Torres,BEB-03,Néctar de durazno 1 L x 6,Bebidas,Bebidas Norte Pacífico SAC,6,27.0,0.02,158.76,103.68,55.08,Pagado,Efectivo
P12444,2025-12-12,12,C006,Bodega Mi Perú 006,Bodega,Lima,Lima,Tienda,Ana Quispe,CAF-05,Café instantáneo 200 g,Café y cacao,Café Selva Central SAC,12,21.0,0.03,244.44,158.76,85.68,Pagado,Plin
P12447,2025-12-12,12,C088,Empresa Pachamama 088,Empresa,Trujillo,Norte,Tienda,María Torres,LIM-02,Lejía 4 L,Limpieza,Limpieza Total Perú SAC,8,9.8,0.05,74.48,51.76,22.72,Pagado,Yape
P12447,2025-12-12,12,C088,Empresa Pachamama 088,Empresa,Trujillo,Norte,Tienda,María Torres,HAR-01,Harina sin preparar 1 kg,Harinas y pastas,Molinos Valle Verde SA,12,5.4,0,64.8,48.0,16.8,Pagado,Efectivo
P12448,2025-12-12,12,C108,Bodega El Sol 108,Bodega,Tacna,Sur,WhatsApp,Jorge Huamán,CAF-05,Café instantáneo 200 g,Café y cacao,Café Selva Central SAC,11,21.0,0.02,226.38,145.53,80.85,Pagado,Yape
P12448,2025-12-12,12,C108,Bodega El Sol 108,Bodega,Tacna,Sur,WhatsApp,Jorge Huamán,HAR-02,Fideo spaghetti 500 g,Harinas y pastas,Molinos Valle Verde SA,11,3.9,0.02,42.04,30.47,11.57,Pagado,Plin
P12239,2025-12-13,12,C081,Restaurante Las Flores 081,Restaurante,Chiclayo,Norte,Online,María Torres,BEB-03,Néctar de durazno 1 L x 6,Bebidas,Bebidas Norte Pacífico SAC,5,27.0,0.03,130.95,86.4,44.55,Pagado,Efectivo
P12239,2025-12-13,12,C081,Restaurante Las Flores 081,Restaurante,Chiclayo,Norte,Online,María Torres,HAR-04,Harina preparada 1 kg,Harinas y pastas,Molinos Valle Verde SA,11,6.3,0,69.3,50.6,18.7,Pagado,Yape
P12239,2025-12-13,12,C081,Restaurante Las Flores 081,Restaurante,Chiclayo,Norte,Online,María Torres,SNA-05,Camote frito 120 g x 10,Snacks,Snacks Costa Azul EIRL,3,31.0,0.05,88.35,54.87,33.48,Pagado,Efectivo
P12363,2025-12-13,12,C071,Minimarket Santa Rosa 071,Minimarket,Chiclayo,Norte,Online,María Torres,LIM-02,Lejía 4 L,Limpieza,Limpieza Total Perú SAC,9,9.8,0,88.2,58.23,29.97,Pagado,Yape
P12374,2025-12-13,12,C085,Minimarket Virgen de Fátima 085,Minimarket,Chiclayo,Norte,Tienda,María Torres,BEB-02,Gaseosa 3 L x 4,Bebidas,Bebidas Norte Pacífico SAC,4,32.0,0,128.0,87.04,40.96,Pagado,Transferencia
P12374,2025-12-13,12,C085,Minimarket Virgen de Fátima 085,Minimarket,Chiclayo,Norte,Tienda,María Torres,HAR-02,Fideo spaghetti 500 g,Harinas y pastas,Molinos Valle Verde SA,5,3.9,0.03,18.91,13.85,5.06,Pagado,Plin
P12385,2025-12-13,12,C044,Bodega Inti 044,Bodega,Lima,Lima,Tienda,Rodrigo Salas,LIM-05,Jabón de tocador x 3,Limpieza,Limpieza Total Perú SAC,9,6.5,0.114,51.83,39.24,12.59,Pagado,Efectivo
P12385,2025-12-13,12,C044,Bodega Inti 044,Bodega,Lima,Lima,Tienda,Rodrigo Salas,SNA-02,Chifles 150 g x 10,Snacks,Snacks Costa Azul EIRL,4,28.0,0.169,93.07,64.96,28.11,Pagado,Transferencia
P12385,2025-12-13,12,C044,Bodega Inti 044,Bodega,Lima,Lima,Tienda,Rodrigo Salas,SNA-03,Galletas de avena x 24,Snacks,Snacks Costa Azul EIRL,12,22.0,0.132,229.15,171.6,57.55,Pagado,Transferencia
P12393,2025-12-13,12,C091,Cafetería El Puerto 091,Cafetería,Chiclayo,Norte,Online,María Torres,SNA-01,Papas nativas 120 g x 10,Snacks,Snacks Costa Azul EIRL,11,35.0,0.02,377.3,231.0,146.3,Pagado,Plin
P12393,2025-12-13,12,C091,Cafetería El Puerto 091,Cafetería,Chiclayo,Norte,Online,María Torres,LIM-03,Lavavajilla 900 g,Limpieza,Limpieza Total Perú SAC,2,8.2,0,16.4,10.5,5.9,Pagado,Transferencia
P12418,2025-12-13,12,C118,Bodega El Sol 118,Bodega,Cusco,Sur,WhatsApp,Jorge Huamán,HAR-05,Sémola 500 g,Harinas y pastas,Molinos Valle Verde SA,9,4.1,0.03,35.79,25.83,9.96,Pendiente,Yape
P12418,2025-12-13,12,C118,Bodega El Sol 118,Bodega,Cusco,Sur,WhatsApp,Jorge Huamán,CAF-03,Cacao en polvo 250 g,Café y cacao,Café Selva Central SAC,5,12.5,0,62.5,37.5,25.0,Pagado,Yape
P12425,2025-12-13,12,C023,Bodega El Sol 023,Bodega,Lima,Lima,Tienda,Ana Quispe,SNA-04,Maní salado 200 g x 12,Snacks,Snacks Costa Azul EIRL,3,30.0,0,90.0,55.8,34.2,Pagado,Plin
P12425,2025-12-13,12,C023,Bodega El Sol 023,Bodega,Lima,Lima,Tienda,Ana Quispe,GRA-01,Quinua blanca 1 kg,Granos andinos,Agroandina del Sur SAC,12,14.5,0.05,165.3,114.84,50.46,Pagado,Yape
P12452,2025-12-13,12,C011,Mayorista Pachamama 011,Mayorista,Lima,Lima,Mayorista,Ana Quispe,SNA-03,Galletas de avena x 24,Snacks,Snacks Costa Azul EIRL,32,22.0,0.08,647.68,457.6,190.08,Pagado,Transferencia
P12452,2025-12-13,12,C011,Mayorista Pachamama 011,Mayorista,Lima,Lima,Mayorista,Ana Quispe,GRA-02,Kiwicha pop 300 g,Granos andinos,Agroandina del Sur SAC,12,8.9,0.08,98.26,65.16,33.1,Pendiente,Transferencia
P12205,2025-12-14,12,C084,Bodega El Progreso 084,Bodega,Piura,Norte,WhatsApp,María Torres,LIM-02,Lejía 4 L,Limpieza,Limpieza Total Perú SAC,3,9.8,0.02,28.81,19.41,9.4,Pagado,Plin
P12205,2025-12-14,12,C084,Bodega El Progreso 084,Bodega,Piura,Norte,WhatsApp,María Torres,SNA-01,Papas nativas 120 g x 10,Snacks,Snacks Costa Azul EIRL,7,35.0,0,245.0,147.0,98.0,Pagado,Yape
P12205,2025-12-14,12,C084,Bodega El Progreso 084,Bodega,Piura,Norte,WhatsApp,María Torres,CAF-01,Café tostado molido 500 g,Café y cacao,Café Selva Central SAC,12,24.0,0,288.0,167.04,120.96,Pagado,Tarjeta
P12232,2025-12-14,12,C086,Restaurante Los Andes 086,Restaurante,Piura,Norte,Tienda,María Torres,SNA-01,Papas nativas 120 g x 10,Snacks,Snacks Costa Azul EIRL,3,35.0,0,105.0,63.0,42.0,Pagado,Transferencia
P12232,2025-12-14,12,C086,Restaurante Los Andes 086,Restaurante,Piura,Norte,Tienda,María Torres,GRA-01,Quinua blanca 1 kg,Granos andinos,Agroandina del Sur SAC,6,14.5,0.03,84.39,57.42,26.97,Pagado,Plin
P12241,2025-12-14,12,C087,Restaurante El Ahorro 087,Restaurante,Trujillo,Norte,Tienda,María Torres,CAF-02,Café en grano 1 kg,Café y cacao,Café Selva Central SAC,2,46.0,0,92.0,52.44,39.56,Pagado,Yape
P12241,2025-12-14,12,C087,Restaurante El Ahorro 087,Restaurante,Trujillo,Norte,Tienda,María Torres,GRA-03,Maca en polvo 250 g,Granos andinos,Agroandina del Sur SAC,2,17.0,0.05,32.3,18.7,13.6,Pagado,Tarjeta
P12269,2025-12-14,12,C061,Empresa Inti 061,Empresa,Lima,Lima,Tienda,Ana Quispe,HAR-01,Harina sin preparar 1 kg,Harinas y pastas,Molinos Valle Verde SA,10,5.4,0.03,52.38,40.0,12.38,Pagado,Transferencia
P12274,2025-12-14,12,C005,Minimarket Inti 005,Minimarket,Lima,Lima,Tienda,Luis Paredes,SNA-02,Chifles 150 g x 10,Snacks,Snacks Costa Azul EIRL,10,28.0,0.02,274.4,162.4,112.0,Pagado,Yape
P12337,2025-12-14,12,C074,Empresa Santa Rosa 074,Empresa,Piura,Norte,Tienda,María Torres,GRA-01,Quinua blanca 1 kg,Granos andinos,Agroandina del Sur SAC,2,14.5,0.02,28.42,19.14,9.28,Pagado,Transferencia
P12337,2025-12-14,12,C074,Empresa Santa Rosa 074,Empresa,Piura,Norte,Tienda,María Torres,SNA-04,Maní salado 200 g x 12,Snacks,Snacks Costa Azul EIRL,10,30.0,0,300.0,186.0,114.0,Pagado,Efectivo
P12371,2025-12-14,12,C094,Bodega Santa Rosa 094,Bodega,Trujillo,Norte,Online,María Torres,HAR-04,Harina preparada 1 kg,Harinas y pastas,Molinos Valle Verde SA,4,6.3,0,25.2,18.4,6.8,Pagado,Transferencia
P12371,2025-12-14,12,C094,Bodega Santa Rosa 094,Bodega,Trujillo,Norte,Online,María Torres,CAF-02,Café en grano 1 kg,Café y cacao,Café Selva Central SAC,12,46.0,0.02,540.96,314.64,226.32,Pagado,Efectivo
P12371,2025-12-14,12,C094,Bodega Santa Rosa 094,Bodega,Trujillo,Norte,Online,María Torres,SNA-03,Galletas de avena x 24,Snacks,Snacks Costa Azul EIRL,3,22.0,0,66.0,42.9,23.1,Pagado,Yape
P12380,2025-12-14,12,C079,Restaurante El Ahorro 079,Restaurante,Trujillo,Norte,Tienda,María Torres,GRA-03,Maca en polvo 250 g,Granos andinos,Agroandina del Sur SAC,10,17.0,0,170.0,93.5,76.5,Pagado,Plin
P12380,2025-12-14,12,C079,Restaurante El Ahorro 079,Restaurante,Trujillo,Norte,Tienda,María Torres,BEB-05,Té helado 500 ml x 12,Bebidas,Bebidas Norte Pacífico SAC,2,29.0,0,58.0,35.38,22.62,Pagado,Transferencia
P12386,2025-12-14,12,C112,Minimarket La Familia 112,Minimarket,Cusco,Sur,Tienda,Jorge Huamán,BEB-02,Gaseosa 3 L x 4,Bebidas,Bebidas Norte Pacífico SAC,12,32.0,0,384.0,261.12,122.88,Pagado,Transferencia
P12406,2025-12-14,12,C110,Bodega La Esperanza 110,Bodega,Arequipa,Sur,Tienda,Jorge Huamán,GRA-04,Chía 500 g,Granos andinos,Agroandina del Sur SAC,4,13.0,0,52.0,33.28,18.72,Pagado,Plin
P12193,2025-12-15,12,C094,Bodega Santa Rosa 094,Bodega,Trujillo,Norte,WhatsApp,María Torres,HAR-04,Harina preparada 1 kg,Harinas y pastas,Molinos Valle Verde SA,7,6.3,0,44.1,32.2,11.9,Pagado,Yape
P12250,2025-12-15,12,C022,Empresa La Familia 022,Empresa,Lima,Lima,WhatsApp,Rodrigo Salas,CAF-02,Café en grano 1 kg,Café y cacao,Café Selva Central SAC,9,46.0,0.136,357.7,235.98,121.72,Vencido,Tarjeta
P12250,2025-12-15,12,C022,Empresa La Familia 022,Empresa,Lima,Lima,WhatsApp,Rodrigo Salas,CAF-03,Cacao en polvo 250 g,Café y cacao,Café Selva Central SAC,9,12.5,0.147,95.96,67.5,28.46,Pagado,Yape
P12250,2025-12-15,12,C022,Empresa La Familia 022,Empresa,Lima,Lima,WhatsApp,Rodrigo Salas,SNA-05,Camote frito 120 g x 10,Snacks,Snacks Costa Azul EIRL,8,31.0,0.161,208.07,146.32,61.75,Pagado,Efectivo
P12273,2025-12-15,12,C022,Empresa La Familia 022,Empresa,Lima,Lima,Tienda,Rodrigo Salas,HAR-03,Fideo tallarín 1 kg,Harinas y pastas,Molinos Valle Verde SA,3,7.2,0.18,17.71,15.54,2.17,Pagado,Yape
P12273,2025-12-15,12,C022,Empresa La Familia 022,Empresa,Lima,Lima,Tienda,Rodrigo Salas,BEB-04,Bebida rehidratante 500 ml x 12,Bebidas,Bebidas Norte Pacífico SAC,3,33.0,0.179,81.28,62.37,18.91,Pagado,Yape
P12277,2025-12-15,12,C018,Bodega La Familia 018,Bodega,Lima,Lima,Online,Ana Quispe,GRA-03,Maca en polvo 250 g,Granos andinos,Agroandina del Sur SAC,12,17.0,0.03,197.88,112.2,85.68,Pagado,Transferencia
P12277,2025-12-15,12,C018,Bodega La Familia 018,Bodega,Lima,Lima,Online,Ana Quispe,HAR-02,Fideo spaghetti 500 g,Harinas y pastas,Molinos Valle Verde SA,8,3.9,0,31.2,22.16,9.04,Pagado,Transferencia
P12291,2025-12-15,12,C120,Restaurante Virgen de Fátima 120,Restaurante,Cusco,Sur,Tienda,Jorge Huamán,GRA-04,Chía 500 g,Granos andinos,Agroandina del Sur SAC,4,13.0,0,52.0,33.28,18.72,Vencido,Tarjeta
P12333,2025-12-15,12,C080,Restaurante El Ahorro 080,Restaurante,Trujillo,Norte,Tienda,María Torres,LIM-02,Lejía 4 L,Limpieza,Limpieza Total Perú SAC,6,9.8,0.05,55.86,38.82,17.04,Pagado,Efectivo
P12333,2025-12-15,12,C080,Restaurante El Ahorro 080,Restaurante,Trujillo,Norte,Tienda,María Torres,HAR-03,Fideo tallarín 1 kg,Harinas y pastas,Molinos Valle Verde SA,4,7.2,0.03,27.94,20.72,7.22,Pagado,Transferencia
P12333,2025-12-15,12,C080,Restaurante El Ahorro 080,Restaurante,Trujillo,Norte,Tienda,María Torres,BEB-02,Gaseosa 3 L x 4,Bebidas,Bebidas Norte Pacífico SAC,5,32.0,0.03,155.2,108.8,46.4,Pagado,Yape
P12417,2025-12-15,12,C114,Restaurante San Martín 114,Restaurante,Tacna,Sur,Tienda,Jorge Huamán,SNA-01,Papas nativas 120 g x 10,Snacks,Snacks Costa Azul EIRL,8,35.0,0,280.0,168.0,112.0,Pagado,Yape
P12417,2025-12-15,12,C114,Restaurante San Martín 114,Restaurante,Tacna,Sur,Tienda,Jorge Huamán,CAF-01,Café tostado molido 500 g,Café y cacao,Café Selva Central SAC,3,24.0,0,72.0,41.76,30.24,Pagado,Yape
P12417,2025-12-15,12,C114,Restaurante San Martín 114,Restaurante,Tacna,Sur,Tienda,Jorge Huamán,SNA-03,Galletas de avena x 24,Snacks,Snacks Costa Azul EIRL,12,22.0,0.05,250.8,171.6,79.2,Pagado,Yape
P12451,2025-12-15,12,C080,Restaurante El Ahorro 080,Restaurante,Trujillo,Norte,Online,María Torres,SNA-03,Galletas de avena x 24,Snacks,Snacks Costa Azul EIRL,11,22.0,0.05,229.9,157.3,72.6,Pagado,Tarjeta
P12462,2025-12-15,12,C029,Minimarket Las Flores 029,Minimarket,Lima,Lima,Tienda,Luis Paredes,BEB-03,Néctar de durazno 1 L x 6,Bebidas,Bebidas Norte Pacífico SAC,7,27.0,0.03,183.33,120.96,62.37,Pagado,Transferencia
P12462,2025-12-15,12,C029,Minimarket Las Flores 029,Minimarket,Lima,Lima,Tienda,Luis Paredes,HAR-03,Fideo tallarín 1 kg,Harinas y pastas,Molinos Valle Verde SA,9,7.2,0.03,62.86,46.62,16.24,Pagado,Plin
P12281,2025-12-16,12,C070,Minimarket El Ahorro 070,Minimarket,Lima,Lima,Tienda,Rodrigo Salas,CAF-02,Café en grano 1 kg,Café y cacao,Café Selva Central SAC,8,46.0,0.132,319.42,209.76,109.66,Pagado,Efectivo
P12281,2025-12-16,12,C070,Minimarket El Ahorro 070,Minimarket,Lima,Lima,Tienda,Rodrigo Salas,SNA-01,Papas nativas 120 g x 10,Snacks,Snacks Costa Azul EIRL,12,35.0,0.151,356.58,252.0,104.58,Vencido,Tarjeta
P12281,2025-12-16,12,C070,Minimarket El Ahorro 070,Minimarket,Lima,Lima,Tienda,Rodrigo Salas,BEB-03,Néctar de durazno 1 L x 6,Bebidas,Bebidas Norte Pacífico SAC,3,27.0,0.11,72.09,51.84,20.25,Pagado,Yape
P12294,2025-12-16,12,C090,Minimarket La Esperanza 090,Minimarket,Piura,Norte,Tienda,María Torres,CAF-04,Chocolate para taza 180 g,Café y cacao,Café Selva Central SAC,9,9.9,0.02,87.32,55.26,32.06,Pagado,Yape
P12320,2025-12-16,12,C038,Bodega El Ahorro 038,Bodega,Lima,Lima,Tienda,Luis Paredes,BEB-02,Gaseosa 3 L x 4,Bebidas,Bebidas Norte Pacífico SAC,12,32.0,0,384.0,261.12,122.88,Pagado,Transferencia
P12320,2025-12-16,12,C038,Bodega El Ahorro 038,Bodega,Lima,Lima,Tienda,Luis Paredes,GRA-03,Maca en polvo 250 g,Granos andinos,Agroandina del Sur SAC,8,17.0,0.02,133.28,74.8,58.48,Pagado,Efectivo
P12325,2025-12-16,12,C134,Bodega El Puerto 134,Bodega,Huancayo,Centro,Tienda,Rosa Ccori,LIM-01,Detergente 2 kg,Limpieza,Limpieza Total Perú SAC,10,19.5,0.03,189.15,134.5,54.65,Pagado,Plin
P12325,2025-12-16,12,C134,Bodega El Puerto 134,Bodega,Huancayo,Centro,Tienda,Rosa Ccori,CAF-04,Chocolate para taza 180 g,Café y cacao,Café Selva Central SAC,4,9.9,0,39.6,24.56,15.04,Pagado,Yape
P12326,2025-12-16,12,C062,Restaurante Los Andes 062,Restaurante,Lima,Lima,WhatsApp,Ana Quispe,BEB-03,Néctar de durazno 1 L x 6,Bebidas,Bebidas Norte Pacífico SAC,8,27.0,0,216.0,138.24,77.76,Pagado,Transferencia
P12326,2025-12-16,12,C062,Restaurante Los Andes 062,Restaurante,Lima,Lima,WhatsApp,Ana Quispe,BEB-01,Agua mineral 625 ml x 15,Bebidas,Bebidas Norte Pacífico SAC,3,18.0,0,54.0,33.48,20.52,Pagado,Transferencia
P12326,2025-12-16,12,C062,Restaurante Los Andes 062,Restaurante,Lima,Lima,WhatsApp,Ana Quispe,CAF-02,Café en grano 1 kg,Café y cacao,Café Selva Central SAC,11,46.0,0.05,480.7,288.42,192.28,Pagado,Transferencia
P12357,2025-12-16,12,C071,Minimarket Santa Rosa 071,Minimarket,Chiclayo,Norte,Tienda,María Torres,GRA-04,Chía 500 g,Granos andinos,Agroandina del Sur SAC,9,13.0,0,117.0,74.88,42.12,Pagado,Transferencia
P12357,2025-12-16,12,C071,Minimarket Santa Rosa 071,Minimarket,Chiclayo,Norte,Tienda,María Torres,BEB-04,Bebida rehidratante 500 ml x 12,Bebidas,Bebidas Norte Pacífico SAC,12,33.0,0.02,388.08,249.48,138.6,Pagado,Transferencia
P12394,2025-12-16,12,C047,Restaurante Primavera 047,Restaurante,Lima,Lima,Tienda,Ana Quispe,HAR-03,Fideo tallarín 1 kg,Harinas y pastas,Molinos Valle Verde SA,11,7.2,0.03,76.82,56.98,19.84,Pagado,Efectivo
P12395,2025-12-16,12,C055,Empresa Inti 055,Empresa,Lima,Lima,Tienda,Rodrigo Salas,CAF-03,Cacao en polvo 250 g,Café y cacao,Café Selva Central SAC,3,12.5,0.111,33.34,22.5,10.84,Pendiente,Yape
P12395,2025-12-16,12,C055,Empresa Inti 055,Empresa,Lima,Lima,Tienda,Rodrigo Salas,SNA-03,Galletas de avena x 24,Snacks,Snacks Costa Azul EIRL,6,22.0,0.147,112.6,85.8,26.8,Pagado,Efectivo
P12396,2025-12-16,12,C063,Restaurante Don Lucho 063,Restaurante,Lima,Lima,Tienda,Ana Quispe,HAR-01,Harina sin preparar 1 kg,Harinas y pastas,Molinos Valle Verde SA,8,5.4,0.05,41.04,32.0,9.04,Pagado,Transferencia
P12396,2025-12-16,12,C063,Restaurante Don Lucho 063,Restaurante,Lima,Lima,Tienda,Ana Quispe,CAF-01,Café tostado molido 500 g,Café y cacao,Café Selva Central SAC,9,24.0,0,216.0,125.28,90.72,Pagado,Transferencia
P12399,2025-12-16,12,C067,Bodega Las Flores 067,Bodega,Lima,Lima,Tienda,Ana Quispe,CAF-02,Café en grano 1 kg,Café y cacao,Café Selva Central SAC,11,46.0,0,506.0,288.42,217.58,Pagado,Efectivo
P12424,2025-12-16,12,C053,Minimarket Don Lucho 053,Minimarket,Lima,Lima,Tienda,Luis Paredes,GRA-02,Kiwicha pop 300 g,Granos andinos,Agroandina del Sur SAC,4,8.9,0.02,34.89,21.72,13.17,Pagado,Transferencia
P12424,2025-12-16,12,C053,Minimarket Don Lucho 053,Minimarket,Lima,Lima,Tienda,Luis Paredes,SNA-04,Maní salado 200 g x 12,Snacks,Snacks Costa Azul EIRL,5,30.0,0,150.0,93.0,57.0,Pagado,Yape
P12439,2025-12-16,12,C007,Restaurante El Puerto 007,Restaurante,Lima,Lima,Tienda,Rodrigo Salas,LIM-01,Detergente 2 kg,Limpieza,Limpieza Total Perú SAC,3,19.5,0.127,51.07,40.35,10.72,Pagado,Efectivo
P12439,2025-12-16,12,C007,Restaurante El Puerto 007,Restaurante,Lima,Lima,Tienda,Rodrigo Salas,CAF-01,Café tostado molido 500 g,Café y cacao,Café Selva Central SAC,2,24.0,0.158,40.42,27.84,12.58,Vencido,Yape
P12439,2025-12-16,12,C007,Restaurante El Puerto 007,Restaurante,Lima,Lima,Tienda,Rodrigo Salas,SNA-05,Camote frito 120 g x 10,Snacks,Snacks Costa Azul EIRL,6,31.0,0.135,160.89,109.74,51.15,Pagado,Transferencia
P12459,2025-12-16,12,C053,Minimarket Don Lucho 053,Minimarket,Lima,Lima,Tienda,Rodrigo Salas,CAF-05,Café instantáneo 200 g,Café y cacao,Café Selva Central SAC,8,21.0,0.152,142.46,105.84,36.62,Pendiente,Yape
P12459,2025-12-16,12,C053,Minimarket Don Lucho 053,Minimarket,Lima,Lima,Tienda,Rodrigo Salas,GRA-01,Quinua blanca 1 kg,Granos andinos,Agroandina del Sur SAC,5,14.5,0.173,59.96,47.85,12.11,Pagado,Yape
P12459,2025-12-16,12,C053,Minimarket Don Lucho 053,Minimarket,Lima,Lima,Tienda,Rodrigo Salas,LIM-03,Lavavajilla 900 g,Limpieza,Limpieza Total Perú SAC,8,8.2,0.126,57.33,42.0,15.33,Pagado,Yape
P12238,2025-12-17,12,C061,Empresa Inti 061,Empresa,Lima,Lima,Online,Rodrigo Salas,HAR-04,Harina preparada 1 kg,Harinas y pastas,Molinos Valle Verde SA,9,6.3,0.146,48.42,41.4,7.02,Pagado,Efectivo
P12296,2025-12-17,12,C121,Bodega Don Lucho 121,Bodega,Arequipa,Sur,Tienda,Jorge Huamán,GRA-05,Avena con quinua 900 g,Granos andinos,Agroandina del Sur SAC,12,11.5,0.02,135.24,92.52,42.72,Pendiente,Tarjeta
P12296,2025-12-17,12,C121,Bodega Don Lucho 121,Bodega,Arequipa,Sur,Tienda,Jorge Huamán,LIM-03,Lavavajilla 900 g,Limpieza,Limpieza Total Perú SAC,7,8.2,0.05,54.53,36.75,17.78,Pagado,Yape
P12296,2025-12-17,12,C121,Bodega Don Lucho 121,Bodega,Arequipa,Sur,Tienda,Jorge Huamán,SNA-05,Camote frito 120 g x 10,Snacks,Snacks Costa Azul EIRL,3,31.0,0.02,91.14,54.87,36.27,Pagado,Yape
P12301,2025-12-17,12,C029,Minimarket Las Flores 029,Minimarket,Lima,Lima,Tienda,Rodrigo Salas,SNA-05,Camote frito 120 g x 10,Snacks,Snacks Costa Azul EIRL,10,31.0,0.118,273.42,182.9,90.52,Pagado,Tarjeta
P12301,2025-12-17,12,C029,Minimarket Las Flores 029,Minimarket,Lima,Lima,Tienda,Rodrigo Salas,GRA-01,Quinua blanca 1 kg,Granos andinos,Agroandina del Sur SAC,7,14.5,0.12,89.32,66.99,22.33,Pagado,Transferencia
P12312,2025-12-17,12,C047,Restaurante Primavera 047,Restaurante,Lima,Lima,WhatsApp,Ana Quispe,CAF-01,Café tostado molido 500 g,Café y cacao,Café Selva Central SAC,12,24.0,0,288.0,167.04,120.96,Pagado,Yape
P12344,2025-12-17,12,C006,Bodega Mi Perú 006,Bodega,Lima,Lima,Tienda,Luis Paredes,HAR-05,Sémola 500 g,Harinas y pastas,Molinos Valle Verde SA,4,4.1,0.02,16.07,11.48,4.59,Pagado,Efectivo
P12344,2025-12-17,12,C006,Bodega Mi Perú 006,Bodega,Lima,Lima,Tienda,Luis Paredes,CAF-04,Chocolate para taza 180 g,Café y cacao,Café Selva Central SAC,5,9.9,0,49.5,30.7,18.8,Pagado,Tarjeta
P12398,2025-12-17,12,C072,Empresa Santa Rosa 072,Empresa,Trujillo,Norte,Tienda,María Torres,LIM-05,Jabón de tocador x 3,Limpieza,Limpieza Total Perú SAC,6,6.5,0.03,37.83,26.16,11.67,Pagado,Efectivo
P12398,2025-12-17,12,C072,Empresa Santa Rosa 072,Empresa,Trujillo,Norte,Tienda,María Torres,LIM-05,Jabón de tocador x 3,Limpieza,Limpieza Total Perú SAC,2,6.5,0,13.0,8.72,4.28,Pagado,Plin
P12445,2025-12-17,12,C047,Restaurante Primavera 047,Restaurante,Lima,Lima,Online,Luis Paredes,CAF-03,Cacao en polvo 250 g,Café y cacao,Café Selva Central SAC,5,12.5,0.05,59.38,37.5,21.88,Pagado,Yape
P12445,2025-12-17,12,C047,Restaurante Primavera 047,Restaurante,Lima,Lima,Online,Luis Paredes,BEB-04,Bebida rehidratante 500 ml x 12,Bebidas,Bebidas Norte Pacífico SAC,6,33.0,0.05,188.1,124.74,63.36,Pagado,Transferencia
P12466,2025-12-17,12,C046,Restaurante Don Lucho 046,Restaurante,Lima,Lima,WhatsApp,Rodrigo Salas,LIM-03,Lavavajilla 900 g,Limpieza,Limpieza Total Perú SAC,2,8.2,0.169,13.63,10.5,3.13,Pagado,Efectivo
P12466,2025-12-17,12,C046,Restaurante Don Lucho 046,Restaurante,Lima,Lima,WhatsApp,Rodrigo Salas,HAR-04,Harina preparada 1 kg,Harinas y pastas,Molinos Valle Verde SA,5,6.3,0.158,26.52,23.0,3.52,Pagado,Transferencia
P12203,2025-12-18,12,C081,Restaurante Las Flores 081,Restaurante,Chiclayo,Norte,Online,María Torres,SNA-05,Camote frito 120 g x 10,Snacks,Snacks Costa Azul EIRL,9,31.0,0.03,270.63,164.61,106.02,Pagado,Transferencia
P12234,2025-12-18,12,C117,Empresa Mi Perú 117,Empresa,Arequipa,Sur,WhatsApp,Jorge Huamán,HAR-04,Harina preparada 1 kg,Harinas y pastas,Molinos Valle Verde SA,9,6.3,0,56.7,41.4,15.3,Pendiente,Efectivo
P12234,2025-12-18,12,C117,Empresa Mi Perú 117,Empresa,Arequipa,Sur,WhatsApp,Jorge Huamán,BEB-05,Té helado 500 ml x 12,Bebidas,Bebidas Norte Pacífico SAC,5,29.0,0.05,137.75,88.45,49.3,Pagado,Transferencia
P12234,2025-12-18,12,C117,Empresa Mi Perú 117,Empresa,Arequipa,Sur,WhatsApp,Jorge Huamán,SNA-02,Chifles 150 g x 10,Snacks,Snacks Costa Azul EIRL,9,28.0,0.03,244.44,146.16,98.28,Pendiente,Transferencia
P12279,2025-12-18,12,C133,Empresa Las Flores 133,Empresa,Huánuco,Centro,Tienda,Rosa Ccori,BEB-01,Agua mineral 625 ml x 15,Bebidas,Bebidas Norte Pacífico SAC,3,18.0,0.02,52.92,33.48,19.44,Pagado,Transferencia
P12279,2025-12-18,12,C133,Empresa Las Flores 133,Empresa,Huánuco,Centro,Tienda,Rosa Ccori,BEB-05,Té helado 500 ml x 12,Bebidas,Bebidas Norte Pacífico SAC,5,29.0,0.03,140.65,88.45,52.2,Pagado,Transferencia
P12304,2025-12-18,12,C126,Restaurante La Familia 126,Restaurante,Arequipa,Sur,Tienda,Jorge Huamán,GRA-05,Avena con quinua 900 g,Granos andinos,Agroandina del Sur SAC,4,11.5,0.02,45.08,30.84,14.24,Pagado,Transferencia
P12316,2025-12-18,12,C093,Empresa Pachamama 093,Empresa,Piura,Norte,WhatsApp,María Torres,HAR-03,Fideo tallarín 1 kg,Harinas y pastas,Molinos Valle Verde SA,5,7.2,0,36.0,25.9,10.1,Pagado,Transferencia
P12340,2025-12-18,12,C040,Minimarket La Esperanza 040,Minimarket,Lima,Lima,WhatsApp,Ana Quispe,BEB-05,Té helado 500 ml x 12,Bebidas,Bebidas Norte Pacífico SAC,8,29.0,0,232.0,141.52,90.48,Pagado,Tarjeta
P12340,2025-12-18,12,C040,Minimarket La Esperanza 040,Minimarket,Lima,Lima,WhatsApp,Ana Quispe,HAR-01,Harina sin preparar 1 kg,Harinas y pastas,Molinos Valle Verde SA,2,5.4,0,10.8,8.0,2.8,Pagado,Yape
P12346,2025-12-18,12,C135,Cafetería La Esperanza 135,Cafetería,Huancayo,Centro,Tienda,Rosa Ccori,HAR-04,Harina preparada 1 kg,Harinas y pastas,Molinos Valle Verde SA,12,6.3,0.05,71.82,55.2,16.62,Pagado,Transferencia
P12346,2025-12-18,12,C135,Cafetería La Esperanza 135,Cafetería,Huancayo,Centro,Tienda,Rosa Ccori,SNA-05,Camote frito 120 g x 10,Snacks,Snacks Costa Azul EIRL,5,31.0,0.03,150.35,91.45,58.9,Pagado,Yape
P12346,2025-12-18,12,C135,Cafetería La Esperanza 135,Cafetería,Huancayo,Centro,Tienda,Rosa Ccori,LIM-05,Jabón de tocador x 3,Limpieza,Limpieza Total Perú SAC,6,6.5,0.02,38.22,26.16,12.06,Pagado,Transferencia
P12359,2025-12-18,12,C034,Minimarket San Martín 034,Minimarket,Lima,Lima,Tienda,Rodrigo Salas,BEB-04,Bebida rehidratante 500 ml x 12,Bebidas,Bebidas Norte Pacífico SAC,8,33.0,0.118,232.85,166.32,66.53,Pagado,Efectivo
P12359,2025-12-18,12,C034,Minimarket San Martín 034,Minimarket,Lima,Lima,Tienda,Rodrigo Salas,CAF-03,Cacao en polvo 250 g,Café y cacao,Café Selva Central SAC,8,12.5,0.151,84.9,60.0,24.9,Vencido,Plin
P12370,2025-12-18,12,C095,Bodega La Familia 095,Bodega,Piura,Norte,WhatsApp,María Torres,HAR-02,Fideo spaghetti 500 g,Harinas y pastas,Molinos Valle Verde SA,9,3.9,0.03,34.05,24.93,9.12,Pagado,Efectivo
P12370,2025-12-18,12,C095,Bodega La Familia 095,Bodega,Piura,Norte,WhatsApp,María Torres,BEB-05,Té helado 500 ml x 12,Bebidas,Bebidas Norte Pacífico SAC,8,29.0,0,232.0,141.52,90.48,Pagado,Yape
P12457,2025-12-18,12,C004,Bodega San Pedro 004,Bodega,Lima,Lima,Tienda,Ana Quispe,CAF-02,Café en grano 1 kg,Café y cacao,Café Selva Central SAC,3,46.0,0,138.0,78.66,59.34,Pagado,Tarjeta
P12457,2025-12-18,12,C004,Bodega San Pedro 004,Bodega,Lima,Lima,Tienda,Ana Quispe,GRA-05,Avena con quinua 900 g,Granos andinos,Agroandina del Sur SAC,4,11.5,0.03,44.62,30.84,13.78,Pagado,Yape
P12457,2025-12-18,12,C004,Bodega San Pedro 004,Bodega,Lima,Lima,Tienda,Ana Quispe,SNA-05,Camote frito 120 g x 10,Snacks,Snacks Costa Azul EIRL,11,31.0,0,341.0,201.19,139.81,Pendiente,Yape
P12464,2025-12-18,12,C007,Restaurante El Puerto 007,Restaurante,Lima,Lima,Online,Luis Paredes,HAR-04,Harina preparada 1 kg,Harinas y pastas,Molinos Valle Verde SA,5,6.3,0.03,30.55,23.0,7.55,Pagado,Plin
P12464,2025-12-18,12,C007,Restaurante El Puerto 007,Restaurante,Lima,Lima,Online,Luis Paredes,SNA-02,Chifles 150 g x 10,Snacks,Snacks Costa Azul EIRL,12,28.0,0.03,325.92,194.88,131.04,Pagado,Tarjeta
P12202,2025-12-19,12,C058,Restaurante La Familia 058,Restaurante,Lima,Lima,Tienda,Ana Quispe,HAR-01,Harina sin preparar 1 kg,Harinas y pastas,Molinos Valle Verde SA,2,5.4,0.03,10.48,8.0,2.48,Vencido,Tarjeta
P12252,2025-12-19,12,C103,Mayorista Nueva Era 103,Mayorista,Tacna,Sur,Mayorista,Jorge Huamán,GRA-04,Chía 500 g,Granos andinos,Agroandina del Sur SAC,20,13.0,0.08,239.2,166.4,72.8,Pagado,Transferencia
P12252,2025-12-19,12,C103,Mayorista Nueva Era 103,Mayorista,Tacna,Sur,Mayorista,Jorge Huamán,BEB-05,Té helado 500 ml x 12,Bebidas,Bebidas Norte Pacífico SAC,12,29.0,0.08,320.16,212.28,107.88,Pagado,Transferencia
P12260,2025-12-19,12,C049,Restaurante San Pedro 049,Restaurante,Lima,Lima,Tienda,Rodrigo Salas,LIM-04,Desinfectante 1.8 L,Limpieza,Limpieza Total Perú SAC,8,11.9,0.106,85.11,60.0,25.11,Pagado,Yape
P12260,2025-12-19,12,C049,Restaurante San Pedro 049,Restaurante,Lima,Lima,Tienda,Rodrigo Salas,SNA-04,Maní salado 200 g x 12,Snacks,Snacks Costa Azul EIRL,8,30.0,0.14,206.4,148.8,57.6,Pagado,Plin
P12271,2025-12-19,12,C004,Bodega San Pedro 004,Bodega,Lima,Lima,Tienda,Ana Quispe,SNA-04,Maní salado 200 g x 12,Snacks,Snacks Costa Azul EIRL,7,30.0,0.03,203.7,130.2,73.5,Pagado,Tarjeta
P12271,2025-12-19,12,C004,Bodega San Pedro 004,Bodega,Lima,Lima,Tienda,Ana Quispe,LIM-05,Jabón de tocador x 3,Limpieza,Limpieza Total Perú SAC,7,6.5,0.03,44.13,30.52,13.61,Pagado,Efectivo
P12293,2025-12-19,12,C092,Cafetería El Progreso 092,Cafetería,Chiclayo,Norte,Tienda,María Torres,SNA-01,Papas nativas 120 g x 10,Snacks,Snacks Costa Azul EIRL,8,35.0,0,280.0,168.0,112.0,Pagado,Efectivo
P12303,2025-12-19,12,C117,Empresa Mi Perú 117,Empresa,Arequipa,Sur,Tienda,Jorge Huamán,GRA-02,Kiwicha pop 300 g,Granos andinos,Agroandina del Sur SAC,6,8.9,0.03,51.8,32.58,19.22,Pagado,Tarjeta
P12331,2025-12-19,12,C007,Restaurante El Puerto 007,Restaurante,Lima,Lima,Tienda,Ana Quispe,HAR-02,Fideo spaghetti 500 g,Harinas y pastas,Molinos Valle Verde SA,11,3.9,0.03,41.61,30.47,11.14,Vencido,Transferencia
P12332,2025-12-19,12,C089,Minimarket Nueva Era 089,Minimarket,Chiclayo,Norte,Tienda,María Torres,HAR-02,Fideo spaghetti 500 g,Harinas y pastas,Molinos Valle Verde SA,10,3.9,0,39.0,27.7,11.3,Pagado,Transferencia
P12332,2025-12-19,12,C089,Minimarket Nueva Era 089,Minimarket,Chiclayo,Norte,Tienda,María Torres,BEB-04,Bebida rehidratante 500 ml x 12,Bebidas,Bebidas Norte Pacífico SAC,3,33.0,0.02,97.02,62.37,34.65,Pendiente,Transferencia
P12334,2025-12-19,12,C037,Bodega El Trébol 037,Bodega,Lima,Lima,Tienda,Rodrigo Salas,SNA-05,Camote frito 120 g x 10,Snacks,Snacks Costa Azul EIRL,3,31.0,0.157,78.4,54.87,23.53,Pagado,Tarjeta
P12339,2025-12-19,12,C068,Minimarket San Pedro 068,Minimarket,Lima,Lima,Tienda,Ana Quispe,HAR-04,Harina preparada 1 kg,Harinas y pastas,Molinos Valle Verde SA,7,6.3,0.05,41.89,32.2,9.69,Pagado,Efectivo
P12339,2025-12-19,12,C068,Minimarket San Pedro 068,Minimarket,Lima,Lima,Tienda,Ana Quispe,BEB-04,Bebida rehidratante 500 ml x 12,Bebidas,Bebidas Norte Pacífico SAC,12,33.0,0,396.0,249.48,146.52,Pagado,Yape
P12342,2025-12-19,12,C098,Empresa Pachamama 098,Empresa,Trujillo,Norte,Online,María Torres,HAR-02,Fideo spaghetti 500 g,Harinas y pastas,Molinos Valle Verde SA,8,3.9,0,31.2,22.16,9.04,Pagado,Tarjeta
P12342,2025-12-19,12,C098,Empresa Pachamama 098,Empresa,Trujillo,Norte,Online,María Torres,HAR-02,Fideo spaghetti 500 g,Harinas y pastas,Molinos Valle Verde SA,5,3.9,0.05,18.52,13.85,4.67,Pagado,Tarjeta
P12342,2025-12-19,12,C098,Empresa Pachamama 098,Empresa,Trujillo,Norte,Online,María Torres,SNA-03,Galletas de avena x 24,Snacks,Snacks Costa Azul EIRL,7,22.0,0,154.0,100.1,53.9,Pagado,Tarjeta
P12192,2025-12-20,12,C089,Minimarket Nueva Era 089,Minimarket,Chiclayo,Norte,WhatsApp,María Torres,SNA-01,Papas nativas 120 g x 10,Snacks,Snacks Costa Azul EIRL,7,35.0,0.02,240.1,147.0,93.1,Pagado,Efectivo
P12208,2025-12-20,12,C036,Restaurante El Ahorro 036,Restaurante,Lima,Lima,WhatsApp,Luis Paredes,GRA-05,Avena con quinua 900 g,Granos andinos,Agroandina del Sur SAC,11,11.5,0.02,123.97,84.81,39.16,Pagado,Yape
P12208,2025-12-20,12,C036,Restaurante El Ahorro 036,Restaurante,Lima,Lima,WhatsApp,Luis Paredes,SNA-02,Chifles 150 g x 10,Snacks,Snacks Costa Azul EIRL,12,28.0,0.02,329.28,194.88,134.4,Pagado,Yape
P12262,2025-12-20,12,C039,Cafetería El Progreso 039,Cafetería,Lima,Lima,Tienda,Luis Paredes,HAR-03,Fideo tallarín 1 kg,Harinas y pastas,Molinos Valle Verde SA,8,7.2,0,57.6,41.44,16.16,Pendiente,Efectivo
P12270,2025-12-20,12,C001,Minimarket El Progreso 001,Minimarket,Lima,Lima,WhatsApp,Ana Quispe,LIM-04,Desinfectante 1.8 L,Limpieza,Limpieza Total Perú SAC,12,11.9,0.03,138.52,90.0,48.52,Pagado,Yape
P12290,2025-12-20,12,C082,Bodega Mi Perú 082,Bodega,Piura,Norte,Tienda,María Torres,BEB-01,Agua mineral 625 ml x 15,Bebidas,Bebidas Norte Pacífico SAC,8,18.0,0,144.0,89.28,54.72,Pagado,Transferencia
P12290,2025-12-20,12,C082,Bodega Mi Perú 082,Bodega,Piura,Norte,Tienda,María Torres,BEB-04,Bebida rehidratante 500 ml x 12,Bebidas,Bebidas Norte Pacífico SAC,5,33.0,0.03,160.05,103.95,56.1,Pagado,Transferencia
P12338,2025-12-20,12,C016,Cafetería Primavera 016,Cafetería,Lima,Lima,Tienda,Luis Paredes,CAF-04,Chocolate para taza 180 g,Café y cacao,Café Selva Central SAC,6,9.9,0.02,58.21,36.84,21.37,Pagado,Transferencia
P12338,2025-12-20,12,C016,Cafetería Primavera 016,Cafetería,Lima,Lima,Tienda,Luis Paredes,HAR-04,Harina preparada 1 kg,Harinas y pastas,Molinos Valle Verde SA,12,6.3,0,75.6,55.2,20.4,Pagado,Yape
P12338,2025-12-20,12,C016,Cafetería Primavera 016,Cafetería,Lima,Lima,Tienda,Luis Paredes,BEB-04,Bebida rehidratante 500 ml x 12,Bebidas,Bebidas Norte Pacífico SAC,9,33.0,0,297.0,187.11,109.89,Pendiente,Yape
P12354,2025-12-20,12,C006,Bodega Mi Perú 006,Bodega,Lima,Lima,Tienda,Luis Paredes,LIM-03,Lavavajilla 900 g,Limpieza,Limpieza Total Perú SAC,7,8.2,0,57.4,36.75,20.65,Pagado,Transferencia
P12356,2025-12-20,12,C076,Bodega El Trébol 076,Bodega,Chiclayo,Norte,Tienda,María Torres,SNA-04,Maní salado 200 g x 12,Snacks,Snacks Costa Azul EIRL,3,30.0,0.02,88.2,55.8,32.4,Pagado,Transferencia
P12397,2025-12-20,12,C053,Minimarket Don Lucho 053,Minimarket,Lima,Lima,WhatsApp,Ana Quispe,HAR-04,Harina preparada 1 kg,Harinas y pastas,Molinos Valle Verde SA,8,6.3,0.03,48.89,36.8,12.09,Pagado,Transferencia
P12397,2025-12-20,12,C053,Minimarket Don Lucho 053,Minimarket,Lima,Lima,WhatsApp,Ana Quispe,SNA-05,Camote frito 120 g x 10,Snacks,Snacks Costa Azul EIRL,6,31.0,0.02,182.28,109.74,72.54,Pagado,Transferencia
P12397,2025-12-20,12,C053,Minimarket Don Lucho 053,Minimarket,Lima,Lima,WhatsApp,Ana Quispe,LIM-05,Jabón de tocador x 3,Limpieza,Limpieza Total Perú SAC,11,6.5,0,71.5,47.96,23.54,Pagado,Yape
P12434,2025-12-20,12,C074,Empresa Santa Rosa 074,Empresa,Piura,Norte,Tienda,María Torres,GRA-03,Maca en polvo 250 g,Granos andinos,Agroandina del Sur SAC,8,17.0,0.05,129.2,74.8,54.4,Pagado,Yape
P12275,2025-12-21,12,C015,Bodega Pachamama 015,Bodega,Lima,Lima,Tienda,Luis Paredes,SNA-04,Maní salado 200 g x 12,Snacks,Snacks Costa Azul EIRL,12,30.0,0,360.0,223.2,136.8,Pagado,Transferencia
P12322,2025-12-21,12,C078,Bodega Inti 078,Bodega,Piura,Norte,Tienda,María Torres,BEB-01,Agua mineral 625 ml x 15,Bebidas,Bebidas Norte Pacífico SAC,5,18.0,0.05,85.5,55.8,29.7,Pagado,Tarjeta
P12372,2025-12-21,12,C084,Bodega El Progreso 084,Bodega,Piura,Norte,Tienda,María Torres,GRA-04,Chía 500 g,Granos andinos,Agroandina del Sur SAC,4,13.0,0.03,50.44,33.28,17.16,Pagado,Efectivo
P12373,2025-12-21,12,C024,Bodega Los Andes 024,Bodega,Lima,Lima,Tienda,Ana Quispe,GRA-04,Chía 500 g,Granos andinos,Agroandina del Sur SAC,8,13.0,0,104.0,66.56,37.44,Pagado,Plin
P12373,2025-12-21,12,C024,Bodega Los Andes 024,Bodega,Lima,Lima,Tienda,Ana Quispe,BEB-04,Bebida rehidratante 500 ml x 12,Bebidas,Bebidas Norte Pacífico SAC,4,33.0,0.03,128.04,83.16,44.88,Pagado,Efectivo
P12373,2025-12-21,12,C024,Bodega Los Andes 024,Bodega,Lima,Lima,Tienda,Ana Quispe,HAR-03,Fideo tallarín 1 kg,Harinas y pastas,Molinos Valle Verde SA,9,7.2,0.05,61.56,46.62,14.94,Pagado,Tarjeta
P12382,2025-12-21,12,C061,Empresa Inti 061,Empresa,Lima,Lima,Tienda,Rodrigo Salas,CAF-03,Cacao en polvo 250 g,Café y cacao,Café Selva Central SAC,5,12.5,0.141,53.69,37.5,16.19,Pagado,Tarjeta
P12401,2025-12-21,12,C088,Empresa Pachamama 088,Empresa,Trujillo,Norte,Tienda,María Torres,LIM-03,Lavavajilla 900 g,Limpieza,Limpieza Total Perú SAC,2,8.2,0.05,15.58,10.5,5.08,Pagado,Yape
P12401,2025-12-21,12,C088,Empresa Pachamama 088,Empresa,Trujillo,Norte,Tienda,María Torres,HAR-05,Sémola 500 g,Harinas y pastas,Molinos Valle Verde SA,2,4.1,0,8.2,5.74,2.46,Pagado,Tarjeta
P12401,2025-12-21,12,C088,Empresa Pachamama 088,Empresa,Trujillo,Norte,Tienda,María Torres,LIM-05,Jabón de tocador x 3,Limpieza,Limpieza Total Perú SAC,10,6.5,0.05,61.75,43.6,18.15,Pagado,Plin
P12404,2025-12-21,12,C004,Bodega San Pedro 004,Bodega,Lima,Lima,Tienda,Rodrigo Salas,SNA-05,Camote frito 120 g x 10,Snacks,Snacks Costa Azul EIRL,12,31.0,0.127,324.76,219.48,105.28,Pagado,Transferencia
P12441,2025-12-21,12,C134,Bodega El Puerto 134,Bodega,Huancayo,Centro,Tienda,Rosa Ccori,CAF-03,Cacao en polvo 250 g,Café y cacao,Café Selva Central SAC,10,12.5,0.02,122.5,75.0,47.5,Pagado,Transferencia
P12441,2025-12-21,12,C134,Bodega El Puerto 134,Bodega,Huancayo,Centro,Tienda,Rosa Ccori,CAF-02,Café en grano 1 kg,Café y cacao,Café Selva Central SAC,12,46.0,0.05,524.4,314.64,209.76,Pagado,Tarjeta
P12204,2025-12-22,12,C133,Empresa Las Flores 133,Empresa,Huánuco,Centro,Tienda,Rosa Ccori,HAR-03,Fideo tallarín 1 kg,Harinas y pastas,Molinos Valle Verde SA,3,7.2,0,21.6,15.54,6.06,Pagado,Plin
P12204,2025-12-22,12,C133,Empresa Las Flores 133,Empresa,Huánuco,Centro,Tienda,Rosa Ccori,CAF-02,Café en grano 1 kg,Café y cacao,Café Selva Central SAC,9,46.0,0,414.0,235.98,178.02,Pagado,Transferencia
P12247,2025-12-22,12,C039,Cafetería El Progreso 039,Cafetería,Lima,Lima,Tienda,Luis Paredes,LIM-01,Detergente 2 kg,Limpieza,Limpieza Total Perú SAC,3,19.5,0,58.5,40.35,18.15,Pagado,Transferencia
P12247,2025-12-22,12,C039,Cafetería El Progreso 039,Cafetería,Lima,Lima,Tienda,Luis Paredes,LIM-05,Jabón de tocador x 3,Limpieza,Limpieza Total Perú SAC,7,6.5,0,45.5,30.52,14.98,Pagado,Transferencia
P12302,2025-12-22,12,C045,Minimarket Inti 045,Minimarket,Lima,Lima,Tienda,Luis Paredes,HAR-02,Fideo spaghetti 500 g,Harinas y pastas,Molinos Valle Verde SA,10,3.9,0.05,37.05,27.7,9.35,Pagado,Transferencia
P12302,2025-12-22,12,C045,Minimarket Inti 045,Minimarket,Lima,Lima,Tienda,Luis Paredes,GRA-05,Avena con quinua 900 g,Granos andinos,Agroandina del Sur SAC,8,11.5,0.03,89.24,61.68,27.56,Pendiente,Yape
P12311,2025-12-22,12,C089,Minimarket Nueva Era 089,Minimarket,Chiclayo,Norte,Tienda,María Torres,BEB-02,Gaseosa 3 L x 4,Bebidas,Bebidas Norte Pacífico SAC,10,32.0,0.03,310.4,217.6,92.8,Pagado,Transferencia
P12358,2025-12-22,12,C051,Empresa San Martín 051,Empresa,Lima,Lima,Online,Ana Quispe,LIM-04,Desinfectante 1.8 L,Limpieza,Limpieza Total Perú SAC,6,11.9,0.03,69.26,45.0,24.26,Pagado,Yape
P12358,2025-12-22,12,C051,Empresa San Martín 051,Empresa,Lima,Lima,Online,Ana Quispe,HAR-02,Fideo spaghetti 500 g,Harinas y pastas,Molinos Valle Verde SA,3,3.9,0.05,11.11,8.31,2.8,Pagado,Transferencia
P12358,2025-12-22,12,C051,Empresa San Martín 051,Empresa,Lima,Lima,Online,Ana Quispe,SNA-02,Chifles 150 g x 10,Snacks,Snacks Costa Azul EIRL,9,28.0,0.02,246.96,146.16,100.8,Pagado,Yape
P12375,2025-12-22,12,C023,Bodega El Sol 023,Bodega,Lima,Lima,Tienda,Luis Paredes,CAF-05,Café instantáneo 200 g,Café y cacao,Café Selva Central SAC,4,21.0,0.05,79.8,52.92,26.88,Pagado,Transferencia
P12375,2025-12-22,12,C023,Bodega El Sol 023,Bodega,Lima,Lima,Tienda,Luis Paredes,GRA-02,Kiwicha pop 300 g,Granos andinos,Agroandina del Sur SAC,2,8.9,0.02,17.44,10.86,6.58,Pagado,Transferencia
P12389,2025-12-22,12,C083,Bodega Mi Perú 083,Bodega,Piura,Norte,Tienda,María Torres,SNA-05,Camote frito 120 g x 10,Snacks,Snacks Costa Azul EIRL,4,31.0,0,124.0,73.16,50.84,Pagado,Tarjeta
P12422,2025-12-22,12,C139,Minimarket Virgen de Fátima 139,Minimarket,Huancayo,Centro,Online,Rosa Ccori,BEB-01,Agua mineral 625 ml x 15,Bebidas,Bebidas Norte Pacífico SAC,11,18.0,0.03,192.06,122.76,69.3,Pagado,Yape
P12429,2025-12-22,12,C091,Cafetería El Puerto 091,Cafetería,Chiclayo,Norte,WhatsApp,María Torres,BEB-01,Agua mineral 625 ml x 15,Bebidas,Bebidas Norte Pacífico SAC,10,18.0,0.05,171.0,111.6,59.4,Pagado,Efectivo
P12429,2025-12-22,12,C091,Cafetería El Puerto 091,Cafetería,Chiclayo,Norte,WhatsApp,María Torres,LIM-04,Desinfectante 1.8 L,Limpieza,Limpieza Total Perú SAC,6,11.9,0,71.4,45.0,26.4,Pagado,Transferencia
P12449,2025-12-22,12,C102,Mayorista El Progreso 102,Mayorista,Tacna,Sur,Mayorista,Jorge Huamán,GRA-04,Chía 500 g,Granos andinos,Agroandina del Sur SAC,8,13.0,0.08,95.68,66.56,29.12,Pagado,Transferencia
P12449,2025-12-22,12,C102,Mayorista El Progreso 102,Mayorista,Tacna,Sur,Mayorista,Jorge Huamán,BEB-02,Gaseosa 3 L x 4,Bebidas,Bebidas Norte Pacífico SAC,8,32.0,0.08,235.52,174.08,61.44,Pagado,Transferencia
P12458,2025-12-22,12,C059,Bodega Santa Rosa 059,Bodega,Lima,Lima,Tienda,Ana Quispe,CAF-02,Café en grano 1 kg,Café y cacao,Café Selva Central SAC,6,46.0,0.05,262.2,157.32,104.88,Pagado,Efectivo
P12458,2025-12-22,12,C059,Bodega Santa Rosa 059,Bodega,Lima,Lima,Tienda,Ana Quispe,LIM-02,Lejía 4 L,Limpieza,Limpieza Total Perú SAC,9,9.8,0.03,85.55,58.23,27.32,Pagado,Plin
P12206,2025-12-23,12,C045,Minimarket Inti 045,Minimarket,Lima,Lima,Tienda,Ana Quispe,CAF-03,Cacao en polvo 250 g,Café y cacao,Café Selva Central SAC,10,12.5,0,125.0,75.0,50.0,Pagado,Plin
P12210,2025-12-23,12,C085,Minimarket Virgen de Fátima 085,Minimarket,Chiclayo,Norte,Tienda,María Torres,HAR-05,Sémola 500 g,Harinas y pastas,Molinos Valle Verde SA,11,4.1,0.03,43.75,31.57,12.18,Pendiente,Transferencia
P12210,2025-12-23,12,C085,Minimarket Virgen de Fátima 085,Minimarket,Chiclayo,Norte,Tienda,María Torres,GRA-05,Avena con quinua 900 g,Granos andinos,Agroandina del Sur SAC,9,11.5,0.05,98.32,69.39,28.93,Pagado,Yape
P12219,2025-12-23,12,C021,Empresa Nueva Era 021,Empresa,Lima,Lima,Tienda,Rodrigo Salas,BEB-01,Agua mineral 625 ml x 15,Bebidas,Bebidas Norte Pacífico SAC,8,18.0,0.105,128.88,89.28,39.6,Pagado,Tarjeta
P12229,2025-12-23,12,C005,Minimarket Inti 005,Minimarket,Lima,Lima,Tienda,Rodrigo Salas,LIM-05,Jabón de tocador x 3,Limpieza,Limpieza Total Perú SAC,4,6.5,0.173,21.5,17.44,4.06,Pagado,Tarjeta
P12230,2025-12-23,12,C119,Bodega El Sol 119,Bodega,Cusco,Sur,Tienda,Jorge Huamán,CAF-04,Chocolate para taza 180 g,Café y cacao,Café Selva Central SAC,5,9.9,0.05,47.02,30.7,16.32,Pendiente,Efectivo
P12251,2025-12-23,12,C054,Bodega Nueva Era 054,Bodega,Lima,Lima,Tienda,Luis Paredes,LIM-02,Lejía 4 L,Limpieza,Limpieza Total Perú SAC,12,9.8,0.05,111.72,77.64,34.08,Pagado,Transferencia
P12251,2025-12-23,12,C054,Bodega Nueva Era 054,Bodega,Lima,Lima,Tienda,Luis Paredes,BEB-04,Bebida rehidratante 500 ml x 12,Bebidas,Bebidas Norte Pacífico SAC,6,33.0,0.02,194.04,124.74,69.3,Pagado,Tarjeta
P12265,2025-12-23,12,C114,Restaurante San Martín 114,Restaurante,Tacna,Sur,Tienda,Jorge Huamán,GRA-03,Maca en polvo 250 g,Granos andinos,Agroandina del Sur SAC,12,17.0,0.05,193.8,112.2,81.6,Pagado,Yape
P12265,2025-12-23,12,C114,Restaurante San Martín 114,Restaurante,Tacna,Sur,Tienda,Jorge Huamán,LIM-03,Lavavajilla 900 g,Limpieza,Limpieza Total Perú SAC,3,8.2,0.02,24.11,15.75,8.36,Pagado,Plin
P12268,2025-12-23,12,C135,Cafetería La Esperanza 135,Cafetería,Huancayo,Centro,Tienda,Rosa Ccori,CAF-04,Chocolate para taza 180 g,Café y cacao,Café Selva Central SAC,5,9.9,0,49.5,30.7,18.8,Pagado,Yape
P12268,2025-12-23,12,C135,Cafetería La Esperanza 135,Cafetería,Huancayo,Centro,Tienda,Rosa Ccori,LIM-03,Lavavajilla 900 g,Limpieza,Limpieza Total Perú SAC,5,8.2,0.03,39.77,26.25,13.52,Vencido,Yape
P12278,2025-12-23,12,C020,Bodega Santa Rosa 020,Bodega,Lima,Lima,Tienda,Luis Paredes,GRA-04,Chía 500 g,Granos andinos,Agroandina del Sur SAC,6,13.0,0.02,76.44,49.92,26.52,Pendiente,Tarjeta
P12278,2025-12-23,12,C020,Bodega Santa Rosa 020,Bodega,Lima,Lima,Tienda,Luis Paredes,HAR-01,Harina sin preparar 1 kg,Harinas y pastas,Molinos Valle Verde SA,7,5.4,0,37.8,28.0,9.8,Pagado,Plin
P12324,2025-12-23,12,C036,Restaurante El Ahorro 036,Restaurante,Lima,Lima,Tienda,Luis Paredes,SNA-04,Maní salado 200 g x 12,Snacks,Snacks Costa Azul EIRL,12,30.0,0,360.0,223.2,136.8,Pagado,Transferencia
P12328,2025-12-23,12,C066,Empresa La Esperanza 066,Empresa,Lima,Lima,WhatsApp,Rodrigo Salas,LIM-05,Jabón de tocador x 3,Limpieza,Limpieza Total Perú SAC,3,6.5,0.119,17.18,13.08,4.1,Pagado,Transferencia
P12328,2025-12-23,12,C066,Empresa La Esperanza 066,Empresa,Lima,Lima,WhatsApp,Rodrigo Salas,BEB-03,Néctar de durazno 1 L x 6,Bebidas,Bebidas Norte Pacífico SAC,2,27.0,0.15,45.9,34.56,11.34,Pagado,Plin
P12328,2025-12-23,12,C066,Empresa La Esperanza 066,Empresa,Lima,Lima,WhatsApp,Rodrigo Salas,HAR-05,Sémola 500 g,Harinas y pastas,Molinos Valle Verde SA,5,4.1,0.166,17.1,14.35,2.75,Pagado,Tarjeta
P12329,2025-12-23,12,C086,Restaurante Los Andes 086,Restaurante,Piura,Norte,Tienda,María Torres,BEB-05,Té helado 500 ml x 12,Bebidas,Bebidas Norte Pacífico SAC,12,29.0,0,348.0,212.28,135.72,Pagado,Transferencia
P12329,2025-12-23,12,C086,Restaurante Los Andes 086,Restaurante,Piura,Norte,Tienda,María Torres,LIM-05,Jabón de tocador x 3,Limpieza,Limpieza Total Perú SAC,2,6.5,0,13.0,8.72,4.28,Pagado,Transferencia
P12343,2025-12-23,12,C037,Bodega El Trébol 037,Bodega,Lima,Lima,Tienda,Ana Quispe,LIM-01,Detergente 2 kg,Limpieza,Limpieza Total Perú SAC,12,19.5,0,234.0,161.4,72.6,Pagado,Transferencia
P12349,2025-12-23,12,C073,Minimarket Don Lucho 073,Minimarket,Trujillo,Norte,Tienda,María Torres,SNA-03,Galletas de avena x 24,Snacks,Snacks Costa Azul EIRL,12,22.0,0,264.0,171.6,92.4,Pagado,Transferencia
P12432,2025-12-23,12,C111,Cafetería Virgen de Fátima 111,Cafetería,Tacna,Sur,Tienda,Jorge Huamán,SNA-01,Papas nativas 120 g x 10,Snacks,Snacks Costa Azul EIRL,9,35.0,0.02,308.7,189.0,119.7,Pagado,Transferencia
P12209,2025-12-24,12,C037,Bodega El Trébol 037,Bodega,Lima,Lima,Tienda,Rodrigo Salas,GRA-05,Avena con quinua 900 g,Granos andinos,Agroandina del Sur SAC,2,11.5,0.111,20.45,15.42,5.03,Pagado,Yape
P12209,2025-12-24,12,C037,Bodega El Trébol 037,Bodega,Lima,Lima,Tienda,Rodrigo Salas,SNA-03,Galletas de avena x 24,Snacks,Snacks Costa Azul EIRL,11,22.0,0.139,208.36,157.3,51.06,Pagado,Tarjeta
P12220,2025-12-24,12,C064,Restaurante La Victoria 064,Restaurante,Lima,Lima,Tienda,Luis Paredes,SNA-02,Chifles 150 g x 10,Snacks,Snacks Costa Azul EIRL,5,28.0,0,140.0,81.2,58.8,Pagado,Efectivo
P12245,2025-12-24,12,C100,Restaurante El Ahorro 100,Restaurante,Cusco,Sur,Online,Jorge Huamán,GRA-05,Avena con quinua 900 g,Granos andinos,Agroandina del Sur SAC,9,11.5,0.02,101.43,69.39,32.04,Pagado,Efectivo
P12245,2025-12-24,12,C100,Restaurante El Ahorro 100,Restaurante,Cusco,Sur,Online,Jorge Huamán,SNA-05,Camote frito 120 g x 10,Snacks,Snacks Costa Azul EIRL,4,31.0,0.03,120.28,73.16,47.12,Vencido,Yape
P12245,2025-12-24,12,C100,Restaurante El Ahorro 100,Restaurante,Cusco,Sur,Online,Jorge Huamán,HAR-01,Harina sin preparar 1 kg,Harinas y pastas,Molinos Valle Verde SA,3,5.4,0.03,15.71,12.0,3.71,Pendiente,Yape
P12257,2025-12-24,12,C085,Minimarket Virgen de Fátima 085,Minimarket,Chiclayo,Norte,Tienda,María Torres,HAR-04,Harina preparada 1 kg,Harinas y pastas,Molinos Valle Verde SA,8,6.3,0.02,49.39,36.8,12.59,Pagado,Yape
P12257,2025-12-24,12,C085,Minimarket Virgen de Fátima 085,Minimarket,Chiclayo,Norte,Tienda,María Torres,SNA-03,Galletas de avena x 24,Snacks,Snacks Costa Azul EIRL,3,22.0,0.03,64.02,42.9,21.12,Pagado,Transferencia
P12267,2025-12-24,12,C016,Cafetería Primavera 016,Cafetería,Lima,Lima,Tienda,Luis Paredes,HAR-02,Fideo spaghetti 500 g,Harinas y pastas,Molinos Valle Verde SA,2,3.9,0.02,7.64,5.54,2.1,Pagado,Transferencia
P12267,2025-12-24,12,C016,Cafetería Primavera 016,Cafetería,Lima,Lima,Tienda,Luis Paredes,SNA-01,Papas nativas 120 g x 10,Snacks,Snacks Costa Azul EIRL,2,35.0,0.02,68.6,42.0,26.6,Pagado,Transferencia
P12267,2025-12-24,12,C016,Cafetería Primavera 016,Cafetería,Lima,Lima,Tienda,Luis Paredes,HAR-01,Harina sin preparar 1 kg,Harinas y pastas,Molinos Valle Verde SA,3,5.4,0.03,15.71,12.0,3.71,Pagado,Efectivo
P12276,2025-12-24,12,C019,Bodega Don Lucho 019,Bodega,Lima,Lima,Tienda,Ana Quispe,HAR-03,Fideo tallarín 1 kg,Harinas y pastas,Molinos Valle Verde SA,3,7.2,0.05,20.52,15.54,4.98,Pagado,Transferencia
P12276,2025-12-24,12,C019,Bodega Don Lucho 019,Bodega,Lima,Lima,Tienda,Ana Quispe,GRA-02,Kiwicha pop 300 g,Granos andinos,Agroandina del Sur SAC,5,8.9,0.02,43.61,27.15,16.46,Pagado,Plin
P12306,2025-12-24,12,C004,Bodega San Pedro 004,Bodega,Lima,Lima,Tienda,Rodrigo Salas,SNA-02,Chifles 150 g x 10,Snacks,Snacks Costa Azul EIRL,2,28.0,0.111,49.78,32.48,17.3,Pagado,Transferencia
P12306,2025-12-24,12,C004,Bodega San Pedro 004,Bodega,Lima,Lima,Tienda,Rodrigo Salas,HAR-05,Sémola 500 g,Harinas y pastas,Molinos Valle Verde SA,11,4.1,0.113,40.0,31.57,8.43,Pagado,Transferencia
P12319,2025-12-24,12,C060,Bodega El Sol 060,Bodega,Lima,Lima,Tienda,Rodrigo Salas,GRA-04,Chía 500 g,Granos andinos,Agroandina del Sur SAC,3,13.0,0.148,33.23,24.96,8.27,Pagado,Transferencia
P12321,2025-12-24,12,C030,Cafetería San Martín 030,Cafetería,Lima,Lima,Tienda,Luis Paredes,SNA-04,Maní salado 200 g x 12,Snacks,Snacks Costa Azul EIRL,9,30.0,0.02,264.6,167.4,97.2,Pagado,Transferencia
P12321,2025-12-24,12,C030,Cafetería San Martín 030,Cafetería,Lima,Lima,Tienda,Luis Paredes,GRA-01,Quinua blanca 1 kg,Granos andinos,Agroandina del Sur SAC,5,14.5,0.03,70.33,47.85,22.48,Pagado,Yape
P12321,2025-12-24,12,C030,Cafetería San Martín 030,Cafetería,Lima,Lima,Tienda,Luis Paredes,SNA-02,Chifles 150 g x 10,Snacks,Snacks Costa Azul EIRL,6,28.0,0.05,159.6,97.44,62.16,Pagado,Yape
P12379,2025-12-24,12,C043,Restaurante Mi Perú 043,Restaurante,Lima,Lima,Tienda,Ana Quispe,GRA-02,Kiwicha pop 300 g,Granos andinos,Agroandina del Sur SAC,2,8.9,0.05,16.91,10.86,6.05,Pagado,Transferencia
P12379,2025-12-24,12,C043,Restaurante Mi Perú 043,Restaurante,Lima,Lima,Tienda,Ana Quispe,SNA-03,Galletas de avena x 24,Snacks,Snacks Costa Azul EIRL,8,22.0,0,176.0,114.4,61.6,Pendiente,Plin
P12391,2025-12-24,12,C041,Bodega Santa Rosa 041,Bodega,Lima,Lima,WhatsApp,Luis Paredes,LIM-03,Lavavajilla 900 g,Limpieza,Limpieza Total Perú SAC,9,8.2,0.05,70.11,47.25,22.86,Pagado,Tarjeta
P12455,2025-12-24,12,C111,Cafetería Virgen de Fátima 111,Cafetería,Tacna,Sur,WhatsApp,Jorge Huamán,BEB-01,Agua mineral 625 ml x 15,Bebidas,Bebidas Norte Pacífico SAC,7,18.0,0,126.0,78.12,47.88,Pagado,Plin
P12455,2025-12-24,12,C111,Cafetería Virgen de Fátima 111,Cafetería,Tacna,Sur,WhatsApp,Jorge Huamán,HAR-02,Fideo spaghetti 500 g,Harinas y pastas,Molinos Valle Verde SA,4,3.9,0.05,14.82,11.08,3.74,Pagado,Tarjeta
P12200,2025-12-25,12,C092,Cafetería El Progreso 092,Cafetería,Chiclayo,Norte,Tienda,María Torres,CAF-03,Cacao en polvo 250 g,Café y cacao,Café Selva Central SAC,3,12.5,0,37.5,22.5,15.0,Pagado,Yape
P12216,2025-12-25,12,C118,Bodega El Sol 118,Bodega,Cusco,Sur,Tienda,Jorge Huamán,HAR-05,Sémola 500 g,Harinas y pastas,Molinos Valle Verde SA,5,4.1,0.02,20.09,14.35,5.74,Pagado,Efectivo
P12216,2025-12-25,12,C118,Bodega El Sol 118,Bodega,Cusco,Sur,Tienda,Jorge Huamán,GRA-01,Quinua blanca 1 kg,Granos andinos,Agroandina del Sur SAC,9,14.5,0.03,126.58,86.13,40.45,Pagado,Plin
P12216,2025-12-25,12,C118,Bodega El Sol 118,Bodega,Cusco,Sur,Tienda,Jorge Huamán,BEB-01,Agua mineral 625 ml x 15,Bebidas,Bebidas Norte Pacífico SAC,8,18.0,0.05,136.8,89.28,47.52,Pagado,Tarjeta
P12222,2025-12-25,12,C003,Bodega La Esperanza 003,Bodega,Lima,Lima,Tienda,Luis Paredes,SNA-02,Chifles 150 g x 10,Snacks,Snacks Costa Azul EIRL,9,28.0,0.05,239.4,146.16,93.24,Pagado,Transferencia
P12282,2025-12-25,12,C072,Empresa Santa Rosa 072,Empresa,Trujillo,Norte,Tienda,María Torres,GRA-02,Kiwicha pop 300 g,Granos andinos,Agroandina del Sur SAC,7,8.9,0.05,59.19,38.01,21.18,Pagado,Transferencia
P12299,2025-12-25,12,C020,Bodega Santa Rosa 020,Bodega,Lima,Lima,Tienda,Rodrigo Salas,CAF-02,Café en grano 1 kg,Café y cacao,Café Selva Central SAC,2,46.0,0.1,82.8,52.44,30.36,Pendiente,Efectivo
P12299,2025-12-25,12,C020,Bodega Santa Rosa 020,Bodega,Lima,Lima,Tienda,Rodrigo Salas,SNA-05,Camote frito 120 g x 10,Snacks,Snacks Costa Azul EIRL,4,31.0,0.114,109.86,73.16,36.7,Pagado,Tarjeta
P12308,2025-12-25,12,C056,Minimarket La Esperanza 056,Minimarket,Lima,Lima,Online,Rodrigo Salas,CAF-03,Cacao en polvo 250 g,Café y cacao,Café Selva Central SAC,12,12.5,0.169,124.65,90.0,34.65,Pagado,Plin
P12308,2025-12-25,12,C056,Minimarket La Esperanza 056,Minimarket,Lima,Lima,Online,Rodrigo Salas,HAR-03,Fideo tallarín 1 kg,Harinas y pastas,Molinos Valle Verde SA,4,7.2,0.164,24.08,20.72,3.36,Pagado,Efectivo
P12313,2025-12-25,12,C030,Cafetería San Martín 030,Cafetería,Lima,Lima,Tienda,Rodrigo Salas,LIM-03,Lavavajilla 900 g,Limpieza,Limpieza Total Perú SAC,5,8.2,0.16,34.44,26.25,8.19,Pagado,Transferencia
P12317,2025-12-25,12,C035,Bodega El Trébol 035,Bodega,Lima,Lima,Tienda,Rodrigo Salas,BEB-04,Bebida rehidratante 500 ml x 12,Bebidas,Bebidas Norte Pacífico SAC,9,33.0,0.151,252.15,187.11,65.04,Pendiente,Yape
P12317,2025-12-25,12,C035,Bodega El Trébol 035,Bodega,Lima,Lima,Tienda,Rodrigo Salas,LIM-02,Lejía 4 L,Limpieza,Limpieza Total Perú SAC,2,9.8,0.167,16.33,12.94,3.39,Pagado,Plin
P12317,2025-12-25,12,C035,Bodega El Trébol 035,Bodega,Lima,Lima,Tienda,Rodrigo Salas,HAR-02,Fideo spaghetti 500 g,Harinas y pastas,Molinos Valle Verde SA,4,3.9,0.101,14.02,11.08,2.94,Pagado,Tarjeta
P12327,2025-12-25,12,C046,Restaurante Don Lucho 046,Restaurante,Lima,Lima,Tienda,Ana Quispe,CAF-03,Cacao en polvo 250 g,Café y cacao,Café Selva Central SAC,10,12.5,0.05,118.75,75.0,43.75,Pagado,Yape
P12384,2025-12-25,12,C123,Minimarket La Victoria 123,Minimarket,Tacna,Sur,Tienda,Jorge Huamán,BEB-04,Bebida rehidratante 500 ml x 12,Bebidas,Bebidas Norte Pacífico SAC,8,33.0,0.03,256.08,166.32,89.76,Pagado,Yape
P12387,2025-12-25,12,C137,Minimarket El Puerto 137,Minimarket,Huánuco,Centro,Tienda,Rosa Ccori,BEB-03,Néctar de durazno 1 L x 6,Bebidas,Bebidas Norte Pacífico SAC,3,27.0,0.03,78.57,51.84,26.73,Pagado,Transferencia
P12392,2025-12-25,12,C020,Bodega Santa Rosa 020,Bodega,Lima,Lima,Online,Ana Quispe,BEB-03,Néctar de durazno 1 L x 6,Bebidas,Bebidas Norte Pacífico SAC,11,27.0,0.05,282.15,190.08,92.07,Pagado,Yape
P12453,2025-12-25,12,C030,Cafetería San Martín 030,Cafetería,Lima,Lima,Tienda,Luis Paredes,CAF-01,Café tostado molido 500 g,Café y cacao,Café Selva Central SAC,2,24.0,0.03,46.56,27.84,18.72,Pagado,Efectivo
P12217,2025-12-26,12,C014,Minimarket San Pedro 014,Minimarket,Lima,Lima,Tienda,Rodrigo Salas,LIM-04,Desinfectante 1.8 L,Limpieza,Limpieza Total Perú SAC,3,11.9,0.179,29.31,22.5,6.81,Pagado,Efectivo
P12217,2025-12-26,12,C014,Minimarket San Pedro 014,Minimarket,Lima,Lima,Tienda,Rodrigo Salas,HAR-04,Harina preparada 1 kg,Harinas y pastas,Molinos Valle Verde SA,10,6.3,0.149,53.61,46.0,7.61,Pagado,Transferencia
P12246,2025-12-26,12,C085,Minimarket Virgen de Fátima 085,Minimarket,Chiclayo,Norte,Tienda,María Torres,BEB-04,Bebida rehidratante 500 ml x 12,Bebidas,Bebidas Norte Pacífico SAC,8,33.0,0,264.0,166.32,97.68,Pagado,Yape
P12246,2025-12-26,12,C085,Minimarket Virgen de Fátima 085,Minimarket,Chiclayo,Norte,Tienda,María Torres,GRA-01,Quinua blanca 1 kg,Granos andinos,Agroandina del Sur SAC,2,14.5,0.03,28.13,19.14,8.99,Pendiente,Yape
P12254,2025-12-26,12,C013,Empresa Nueva Era 013,Empresa,Lima,Lima,Tienda,Ana Quispe,LIM-03,Lavavajilla 900 g,Limpieza,Limpieza Total Perú SAC,7,8.2,0.02,56.25,36.75,19.5,Pagado,Plin
P12254,2025-12-26,12,C013,Empresa Nueva Era 013,Empresa,Lima,Lima,Tienda,Ana Quispe,BEB-01,Agua mineral 625 ml x 15,Bebidas,Bebidas Norte Pacífico SAC,3,18.0,0,54.0,33.48,20.52,Pagado,Plin
P12309,2025-12-26,12,C112,Minimarket La Familia 112,Minimarket,Cusco,Sur,Tienda,Jorge Huamán,HAR-01,Harina sin preparar 1 kg,Harinas y pastas,Molinos Valle Verde SA,4,5.4,0.02,21.17,16.0,5.17,Pagado,Efectivo
P12314,2025-12-26,12,C051,Empresa San Martín 051,Empresa,Lima,Lima,Tienda,Ana Quispe,SNA-03,Galletas de avena x 24,Snacks,Snacks Costa Azul EIRL,5,22.0,0,110.0,71.5,38.5,Pagado,Transferencia
P12314,2025-12-26,12,C051,Empresa San Martín 051,Empresa,Lima,Lima,Tienda,Ana Quispe,BEB-02,Gaseosa 3 L x 4,Bebidas,Bebidas Norte Pacífico SAC,11,32.0,0.02,344.96,239.36,105.6,Pagado,Yape
P12314,2025-12-26,12,C051,Empresa San Martín 051,Empresa,Lima,Lima,Tienda,Ana Quispe,HAR-01,Harina sin preparar 1 kg,Harinas y pastas,Molinos Valle Verde SA,12,5.4,0.05,61.56,48.0,13.56,Pagado,Transferencia
P12365,2025-12-26,12,C123,Minimarket La Victoria 123,Minimarket,Tacna,Sur,WhatsApp,Jorge Huamán,BEB-01,Agua mineral 625 ml x 15,Bebidas,Bebidas Norte Pacífico SAC,8,18.0,0.03,139.68,89.28,50.4,Pagado,Tarjeta
P12365,2025-12-26,12,C123,Minimarket La Victoria 123,Minimarket,Tacna,Sur,WhatsApp,Jorge Huamán,CAF-01,Café tostado molido 500 g,Café y cacao,Café Selva Central SAC,3,24.0,0,72.0,41.76,30.24,Pagado,Plin
P12410,2025-12-26,12,C021,Empresa Nueva Era 021,Empresa,Lima,Lima,Online,Ana Quispe,CAF-02,Café en grano 1 kg,Café y cacao,Café Selva Central SAC,7,46.0,0.03,312.34,183.54,128.8,Pagado,Yape
P12411,2025-12-26,12,C133,Empresa Las Flores 133,Empresa,Huánuco,Centro,Tienda,Rosa Ccori,CAF-02,Café en grano 1 kg,Café y cacao,Café Selva Central SAC,5,46.0,0,230.0,131.1,98.9,Pagado,Yape
P12423,2025-12-26,12,C049,Restaurante San Pedro 049,Restaurante,Lima,Lima,Tienda,Luis Paredes,HAR-04,Harina preparada 1 kg,Harinas y pastas,Molinos Valle Verde SA,4,6.3,0.03,24.44,18.4,6.04,Pagado,Yape
P12423,2025-12-26,12,C049,Restaurante San Pedro 049,Restaurante,Lima,Lima,Tienda,Luis Paredes,GRA-03,Maca en polvo 250 g,Granos andinos,Agroandina del Sur SAC,2,17.0,0,34.0,18.7,15.3,Pagado,Yape
P12430,2025-12-26,12,C138,Restaurante Las Flores 138,Restaurante,Huánuco,Centro,Tienda,Rosa Ccori,GRA-04,Chía 500 g,Granos andinos,Agroandina del Sur SAC,5,13.0,0.02,63.7,41.6,22.1,Vencido,Yape
P12430,2025-12-26,12,C138,Restaurante Las Flores 138,Restaurante,Huánuco,Centro,Tienda,Rosa Ccori,LIM-02,Lejía 4 L,Limpieza,Limpieza Total Perú SAC,11,9.8,0.05,102.41,71.17,31.24,Pagado,Tarjeta
P12430,2025-12-26,12,C138,Restaurante Las Flores 138,Restaurante,Huánuco,Centro,Tienda,Rosa Ccori,SNA-04,Maní salado 200 g x 12,Snacks,Snacks Costa Azul EIRL,11,30.0,0,330.0,204.6,125.4,Pagado,Tarjeta
P12201,2025-12-27,12,C028,Restaurante El Ahorro 028,Restaurante,Lima,Lima,Tienda,Ana Quispe,CAF-03,Cacao en polvo 250 g,Café y cacao,Café Selva Central SAC,5,12.5,0,62.5,37.5,25.0,Pagado,Yape
P12345,2025-12-27,12,C126,Restaurante La Familia 126,Restaurante,Arequipa,Sur,Tienda,Jorge Huamán,HAR-05,Sémola 500 g,Harinas y pastas,Molinos Valle Verde SA,10,4.1,0,41.0,28.7,12.3,Pagado,Plin
P12345,2025-12-27,12,C126,Restaurante La Familia 126,Restaurante,Arequipa,Sur,Tienda,Jorge Huamán,BEB-05,Té helado 500 ml x 12,Bebidas,Bebidas Norte Pacífico SAC,6,29.0,0.02,170.52,106.14,64.38,Vencido,Tarjeta
P12345,2025-12-27,12,C126,Restaurante La Familia 126,Restaurante,Arequipa,Sur,Tienda,Jorge Huamán,BEB-04,Bebida rehidratante 500 ml x 12,Bebidas,Bebidas Norte Pacífico SAC,5,33.0,0.03,160.05,103.95,56.1,Pagado,Tarjeta
P12408,2025-12-27,12,C032,Restaurante Santa Rosa 032,Restaurante,Lima,Lima,Tienda,Luis Paredes,LIM-05,Jabón de tocador x 3,Limpieza,Limpieza Total Perú SAC,4,6.5,0,26.0,17.44,8.56,Pagado,Transferencia
P12408,2025-12-27,12,C032,Restaurante Santa Rosa 032,Restaurante,Lima,Lima,Tienda,Luis Paredes,SNA-04,Maní salado 200 g x 12,Snacks,Snacks Costa Azul EIRL,7,30.0,0,210.0,130.2,79.8,Pagado,Tarjeta
P12408,2025-12-27,12,C032,Restaurante Santa Rosa 032,Restaurante,Lima,Lima,Tienda,Luis Paredes,BEB-04,Bebida rehidratante 500 ml x 12,Bebidas,Bebidas Norte Pacífico SAC,4,33.0,0,132.0,83.16,48.84,Pagado,Efectivo
P12431,2025-12-27,12,C119,Bodega El Sol 119,Bodega,Cusco,Sur,Tienda,Jorge Huamán,LIM-03,Lavavajilla 900 g,Limpieza,Limpieza Total Perú SAC,11,8.2,0.03,87.49,57.75,29.74,Vencido,Plin
P12431,2025-12-27,12,C119,Bodega El Sol 119,Bodega,Cusco,Sur,Tienda,Jorge Huamán,CAF-04,Chocolate para taza 180 g,Café y cacao,Café Selva Central SAC,9,9.9,0,89.1,55.26,33.84,Vencido,Transferencia
P12212,2025-12-28,12,C081,Restaurante Las Flores 081,Restaurante,Chiclayo,Norte,Online,María Torres,SNA-01,Papas nativas 120 g x 10,Snacks,Snacks Costa Azul EIRL,2,35.0,0,70.0,42.0,28.0,Pagado,Transferencia
P12212,2025-12-28,12,C081,Restaurante Las Flores 081,Restaurante,Chiclayo,Norte,Online,María Torres,HAR-03,Fideo tallarín 1 kg,Harinas y pastas,Molinos Valle Verde SA,9,7.2,0,64.8,46.62,18.18,Pagado,Efectivo
P12242,2025-12-28,12,C044,Bodega Inti 044,Bodega,Lima,Lima,Tienda,Luis Paredes,BEB-01,Agua mineral 625 ml x 15,Bebidas,Bebidas Norte Pacífico SAC,7,18.0,0,126.0,78.12,47.88,Pagado,Tarjeta
P12242,2025-12-28,12,C044,Bodega Inti 044,Bodega,Lima,Lima,Tienda,Luis Paredes,CAF-01,Café tostado molido 500 g,Café y cacao,Café Selva Central SAC,8,24.0,0,192.0,111.36,80.64,Pagado,Transferencia
P12242,2025-12-28,12,C044,Bodega Inti 044,Bodega,Lima,Lima,Tienda,Luis Paredes,SNA-02,Chifles 150 g x 10,Snacks,Snacks Costa Azul EIRL,10,28.0,0.05,266.0,162.4,103.6,Pagado,Plin
P12244,2025-12-28,12,C069,Restaurante Mi Perú 069,Restaurante,Lima,Lima,Tienda,Luis Paredes,CAF-02,Café en grano 1 kg,Café y cacao,Café Selva Central SAC,5,46.0,0,230.0,131.1,98.9,Pagado,Yape
P12244,2025-12-28,12,C069,Restaurante Mi Perú 069,Restaurante,Lima,Lima,Tienda,Luis Paredes,CAF-05,Café instantáneo 200 g,Café y cacao,Café Selva Central SAC,3,21.0,0.05,59.85,39.69,20.16,Pagado,Transferencia
P12261,2025-12-28,12,C062,Restaurante Los Andes 062,Restaurante,Lima,Lima,Tienda,Luis Paredes,SNA-02,Chifles 150 g x 10,Snacks,Snacks Costa Azul EIRL,12,28.0,0.02,329.28,194.88,134.4,Pagado,Yape
P12261,2025-12-28,12,C062,Restaurante Los Andes 062,Restaurante,Lima,Lima,Tienda,Luis Paredes,HAR-05,Sémola 500 g,Harinas y pastas,Molinos Valle Verde SA,10,4.1,0,41.0,28.7,12.3,Pagado,Efectivo
P12261,2025-12-28,12,C062,Restaurante Los Andes 062,Restaurante,Lima,Lima,Tienda,Luis Paredes,GRA-02,Kiwicha pop 300 g,Granos andinos,Agroandina del Sur SAC,11,8.9,0.05,93.0,59.73,33.27,Pagado,Transferencia
P12285,2025-12-28,12,C076,Bodega El Trébol 076,Bodega,Chiclayo,Norte,Tienda,María Torres,HAR-03,Fideo tallarín 1 kg,Harinas y pastas,Molinos Valle Verde SA,7,7.2,0.05,47.88,36.26,11.62,Pagado,Transferencia
P12285,2025-12-28,12,C076,Bodega El Trébol 076,Bodega,Chiclayo,Norte,Tienda,María Torres,BEB-01,Agua mineral 625 ml x 15,Bebidas,Bebidas Norte Pacífico SAC,3,18.0,0,54.0,33.48,20.52,Pagado,Transferencia
P12289,2025-12-28,12,C137,Minimarket El Puerto 137,Minimarket,Huánuco,Centro,Tienda,Rosa Ccori,BEB-01,Agua mineral 625 ml x 15,Bebidas,Bebidas Norte Pacífico SAC,4,18.0,0.02,70.56,44.64,25.92,Pagado,Transferencia
P12298,2025-12-28,12,C079,Restaurante El Ahorro 079,Restaurante,Trujillo,Norte,Tienda,María Torres,HAR-04,Harina preparada 1 kg,Harinas y pastas,Molinos Valle Verde SA,9,6.3,0.05,53.86,41.4,12.46,Pagado,Efectivo
P12298,2025-12-28,12,C079,Restaurante El Ahorro 079,Restaurante,Trujillo,Norte,Tienda,María Torres,CAF-05,Café instantáneo 200 g,Café y cacao,Café Selva Central SAC,6,21.0,0,126.0,79.38,46.62,Pagado,Transferencia
P12298,2025-12-28,12,C079,Restaurante El Ahorro 079,Restaurante,Trujillo,Norte,Tienda,María Torres,GRA-01,Quinua blanca 1 kg,Granos andinos,Agroandina del Sur SAC,5,14.5,0.03,70.33,47.85,22.48,Pagado,Tarjeta
P12362,2025-12-28,12,C039,Cafetería El Progreso 039,Cafetería,Lima,Lima,Tienda,Luis Paredes,CAF-04,Chocolate para taza 180 g,Café y cacao,Café Selva Central SAC,11,9.9,0,108.9,67.54,41.36,Pagado,Efectivo
P12367,2025-12-28,12,C030,Cafetería San Martín 030,Cafetería,Lima,Lima,Tienda,Rodrigo Salas,BEB-04,Bebida rehidratante 500 ml x 12,Bebidas,Bebidas Norte Pacífico SAC,6,33.0,0.143,169.69,124.74,44.95,Pagado,Plin
P12367,2025-12-28,12,C030,Cafetería San Martín 030,Cafetería,Lima,Lima,Tienda,Rodrigo Salas,HAR-04,Harina preparada 1 kg,Harinas y pastas,Molinos Valle Verde SA,10,6.3,0.138,54.31,46.0,8.31,Pagado,Transferencia
P12367,2025-12-28,12,C030,Cafetería San Martín 030,Cafetería,Lima,Lima,Tienda,Rodrigo Salas,SNA-01,Papas nativas 120 g x 10,Snacks,Snacks Costa Azul EIRL,7,35.0,0.165,204.57,147.0,57.57,Pagado,Yape
P12383,2025-12-28,12,C061,Empresa Inti 061,Empresa,Lima,Lima,Tienda,Luis Paredes,LIM-01,Detergente 2 kg,Limpieza,Limpieza Total Perú SAC,10,19.5,0.02,191.1,134.5,56.6,Pagado,Transferencia
P12390,2025-12-28,12,C095,Bodega La Familia 095,Bodega,Piura,Norte,Tienda,María Torres,BEB-05,Té helado 500 ml x 12,Bebidas,Bebidas Norte Pacífico SAC,2,29.0,0,58.0,35.38,22.62,Pagado,Efectivo
P12436,2025-12-28,12,C048,Cafetería Inti 048,Cafetería,Lima,Lima,WhatsApp,Rodrigo Salas,BEB-01,Agua mineral 625 ml x 15,Bebidas,Bebidas Norte Pacífico SAC,6,18.0,0.105,96.66,66.96,29.7,Pagado,Transferencia
P12442,2025-12-28,12,C111,Cafetería Virgen de Fátima 111,Cafetería,Tacna,Sur,Tienda,Jorge Huamán,LIM-03,Lavavajilla 900 g,Limpieza,Limpieza Total Perú SAC,10,8.2,0.02,80.36,52.5,27.86,Pagado,Yape
P12442,2025-12-28,12,C111,Cafetería Virgen de Fátima 111,Cafetería,Tacna,Sur,Tienda,Jorge Huamán,GRA-03,Maca en polvo 250 g,Granos andinos,Agroandina del Sur SAC,3,17.0,0,51.0,28.05,22.95,Pagado,Yape
